FoamFile
{
    version     2.0;
    format      ascii;
    class       labelList;
    object      owner;
}
// * * * * * * * * * * * * * * * * * * * * * * * * * * * * * * * * * * * * * //

118438
(
0
1
2
3
4
5
6
7
8
9
10
11
12
13
14
15
16
17
18
19
20
21
22
23
24
25
26
27
28
29
30
31
32
33
34
35
36
37
38
39
40
41
42
43
44
45
46
47
48
49
50
51
52
53
54
55
56
57
58
59
60
61
62
63
64
65
66
67
68
69
70
71
72
73
74
75
76
77
78
79
80
81
82
83
84
85
86
87
88
89
90
91
92
93
94
95
96
97
98
99
100
101
102
103
104
105
106
107
108
109
110
111
112
113
114
115
116
117
118
119
120
121
122
123
124
125
126
127
128
129
130
131
132
133
134
135
136
137
138
139
140
141
142
143
144
145
146
147
148
149
150
151
152
153
154
155
156
157
0
158
0
1
160
2
161
3
162
4
163
5
164
6
165
7
166
8
167
9
168
10
169
11
170
12
171
13
172
14
173
15
174
16
175
17
176
18
177
19
178
20
179
21
180
22
181
23
182
24
183
25
184
26
185
27
186
28
187
29
188
30
189
31
190
32
191
33
192
34
193
35
194
36
195
37
196
38
197
39
198
40
199
41
200
42
201
43
202
44
203
45
204
46
205
47
206
48
207
49
208
50
209
51
210
52
211
53
212
54
213
55
214
56
215
57
216
58
217
59
218
60
219
61
220
62
221
63
222
64
223
65
224
66
225
67
226
68
227
69
228
70
229
71
230
72
231
73
232
74
233
75
234
76
235
77
236
78
237
79
238
80
239
81
240
82
241
83
242
84
243
85
244
86
245
87
246
88
247
89
248
90
249
91
250
92
251
93
252
94
253
95
254
96
255
97
256
98
257
99
258
100
259
101
260
102
261
103
262
104
263
105
264
106
265
107
266
108
267
109
268
110
269
111
270
112
271
113
272
114
273
115
274
116
275
117
276
118
277
119
278
120
279
121
280
122
281
123
282
124
283
125
284
126
285
127
286
128
287
129
288
130
289
131
290
132
291
133
292
134
293
135
294
136
295
137
296
138
297
139
298
140
299
141
300
142
301
143
302
144
303
145
304
146
305
147
306
148
307
149
308
150
309
151
310
152
311
153
312
154
313
155
314
156
315
157
316
158
317
159
160
318
160
161
320
162
321
163
322
164
323
165
324
166
325
167
326
168
327
169
328
170
329
171
330
172
331
173
332
174
333
175
334
176
335
177
336
178
337
179
338
180
339
181
340
182
341
183
342
184
343
185
344
186
345
187
346
188
347
189
348
190
349
191
350
192
351
193
352
194
353
195
354
196
355
197
356
198
357
199
358
200
359
201
360
202
361
203
362
204
363
205
364
206
365
207
366
208
367
209
368
210
369
211
370
212
371
213
372
214
373
215
374
216
375
217
376
218
377
219
378
220
379
221
380
222
381
223
382
224
383
225
384
226
385
227
386
228
387
229
388
230
389
231
390
232
391
233
392
234
393
235
394
236
395
237
396
238
397
239
398
240
399
241
400
242
401
243
402
244
403
245
404
246
405
247
406
248
407
249
408
250
409
251
410
252
411
253
412
254
413
255
414
256
415
257
416
258
417
259
418
260
419
261
420
262
421
263
422
264
423
265
424
266
425
267
426
268
427
269
428
270
429
271
430
272
431
273
432
274
433
275
434
276
435
277
436
278
437
279
438
280
439
281
440
282
441
283
442
284
443
285
444
286
445
287
446
288
447
289
448
290
449
291
450
292
451
293
452
294
453
295
454
296
455
297
456
298
457
299
458
300
459
301
460
302
461
303
462
304
463
305
464
306
465
307
466
308
467
309
468
310
469
311
470
312
471
313
472
314
473
315
474
316
475
317
476
318
477
319
320
478
320
321
480
322
481
323
482
324
483
325
484
326
485
327
486
328
487
329
488
330
489
331
490
332
491
333
492
334
493
335
494
336
495
337
496
338
497
339
498
340
499
341
500
342
501
343
502
344
503
345
504
346
505
347
506
348
507
349
508
350
509
351
510
352
511
353
512
354
513
355
514
356
515
357
516
358
517
359
518
360
519
361
520
362
521
363
522
364
523
365
524
366
525
367
526
368
527
369
528
370
529
371
530
372
531
373
532
374
533
375
534
376
535
377
536
378
537
379
538
380
539
381
540
382
541
383
542
384
543
385
544
386
545
387
546
388
547
389
548
390
549
391
550
392
551
393
552
394
553
395
554
396
555
397
556
398
557
399
558
400
559
401
560
402
561
403
562
404
563
405
564
406
565
407
566
408
567
409
568
410
569
411
570
412
571
413
572
414
573
415
574
416
575
417
576
418
577
419
578
420
579
421
580
422
581
423
582
424
583
425
584
426
585
427
586
428
587
429
588
430
589
431
590
432
591
433
592
434
593
435
594
436
595
437
596
438
597
439
598
440
599
441
600
442
601
443
602
444
603
445
604
446
605
447
606
448
607
449
608
450
609
451
610
452
611
453
612
454
613
455
614
456
615
457
616
458
617
459
618
460
619
461
620
462
621
463
622
464
623
465
624
466
625
467
626
468
627
469
628
470
629
471
630
472
631
473
632
474
633
475
634
476
635
477
636
478
637
479
480
638
480
481
640
482
641
483
642
484
643
485
644
486
645
487
646
488
647
489
648
490
649
491
650
492
651
493
652
494
653
495
654
496
655
497
656
498
657
499
658
500
659
501
660
502
661
503
662
504
663
505
664
506
665
507
666
508
667
509
668
510
669
511
670
512
671
513
672
514
673
515
674
516
675
517
676
518
677
519
678
520
679
521
680
522
681
523
682
524
683
525
684
526
685
527
686
528
687
529
688
530
689
531
690
532
691
533
692
534
693
535
694
536
695
537
696
538
697
539
698
540
699
541
700
542
701
543
702
544
703
545
704
546
705
547
706
548
707
549
708
550
709
551
710
552
711
553
712
554
713
555
714
556
715
557
716
558
717
559
718
560
719
561
720
562
721
563
722
564
723
565
724
566
725
567
726
568
727
569
728
570
729
571
730
572
731
573
732
574
733
575
734
576
735
577
736
578
737
579
738
580
739
581
740
582
741
583
742
584
743
585
744
586
745
587
746
588
747
589
748
590
749
591
750
592
751
593
752
594
753
595
754
596
755
597
756
598
757
599
758
600
759
601
760
602
761
603
762
604
763
605
764
606
765
607
766
608
767
609
768
610
769
611
770
612
771
613
772
614
773
615
774
616
775
617
776
618
777
619
778
620
779
621
780
622
781
623
782
624
783
625
784
626
785
627
786
628
787
629
788
630
789
631
790
632
791
633
792
634
793
635
794
636
795
637
796
638
797
639
640
798
640
641
800
642
801
643
802
644
803
645
804
646
805
647
806
648
807
649
808
650
809
651
810
652
811
653
812
654
813
655
814
656
815
657
816
658
817
659
818
660
819
661
820
662
821
663
822
664
823
665
824
666
825
667
826
668
827
669
828
670
829
671
830
672
831
673
832
674
833
675
834
676
835
677
836
678
837
679
838
680
839
681
840
682
841
683
842
684
843
685
844
686
845
687
846
688
847
689
848
690
849
691
850
692
851
693
852
694
853
695
854
696
855
697
856
698
857
699
858
700
859
701
860
702
861
703
862
704
863
705
864
706
865
707
866
708
867
709
868
710
869
711
870
712
871
713
872
714
873
715
874
716
875
717
876
718
877
719
878
720
879
721
880
722
881
723
882
724
883
725
884
726
885
727
886
728
887
729
888
730
889
731
890
732
891
733
892
734
893
735
894
736
895
737
896
738
897
739
898
740
899
741
900
742
901
743
902
744
903
745
904
746
905
747
906
748
907
749
908
750
909
751
910
752
911
753
912
754
913
755
914
756
915
757
916
758
917
759
918
760
919
761
920
762
921
763
922
764
923
765
924
766
925
767
926
768
927
769
928
770
929
771
930
772
931
773
932
774
933
775
934
776
935
777
936
778
937
779
938
780
939
781
940
782
941
783
942
784
943
785
944
786
945
787
946
788
947
789
948
790
949
791
950
792
951
793
952
794
953
795
954
796
955
797
956
798
957
799
800
958
800
801
960
802
961
803
962
804
963
805
964
806
965
807
966
808
967
809
968
810
969
811
970
812
971
813
972
814
973
815
974
816
975
817
976
818
977
819
978
820
979
821
980
822
981
823
982
824
983
825
984
826
985
827
986
828
987
829
988
830
989
831
990
832
991
833
992
834
993
835
994
836
995
837
996
838
997
839
998
840
999
841
1000
842
1001
843
1002
844
1003
845
1004
846
1005
847
1006
848
1007
849
1008
850
1009
851
1010
852
1011
853
1012
854
1013
855
1014
856
1015
857
1016
858
1017
859
1018
860
1019
861
1020
862
1021
863
1022
864
1023
865
1024
866
1025
867
1026
868
1027
869
1028
870
1029
871
1030
872
1031
873
1032
874
1033
875
1034
876
1035
877
1036
878
1037
879
1038
880
1039
881
1040
882
1041
883
1042
884
1043
885
1044
886
1045
887
1046
888
1047
889
1048
890
1049
891
1050
892
1051
893
1052
894
1053
895
1054
896
1055
897
1056
898
1057
899
1058
900
1059
901
1060
902
1061
903
1062
904
1063
905
1064
906
1065
907
1066
908
1067
909
1068
910
1069
911
1070
912
1071
913
1072
914
1073
915
1074
916
1075
917
1076
918
1077
919
1078
920
1079
921
1080
922
1081
923
1082
924
1083
925
1084
926
1085
927
1086
928
1087
929
1088
930
1089
931
1090
932
1091
933
1092
934
1093
935
1094
936
1095
937
1096
938
1097
939
1098
940
1099
941
1100
942
1101
943
1102
944
1103
945
1104
946
1105
947
1106
948
1107
949
1108
950
1109
951
1110
952
1111
953
1112
954
1113
955
1114
956
1115
957
1116
958
1117
959
960
1118
960
961
1120
962
1121
963
1122
964
1123
965
1124
966
1125
967
1126
968
1127
969
1128
970
1129
971
1130
972
1131
973
1132
974
1133
975
1134
976
1135
977
1136
978
1137
979
1138
980
1139
981
1140
982
1141
983
1142
984
1143
985
1144
986
1145
987
1146
988
1147
989
1148
990
1149
991
1150
992
1151
993
1152
994
1153
995
1154
996
1155
997
1156
998
1157
999
1158
1000
1159
1001
1160
1002
1161
1003
1162
1004
1163
1005
1164
1006
1165
1007
1166
1008
1167
1009
1168
1010
1169
1011
1170
1012
1171
1013
1172
1014
1173
1015
1174
1016
1175
1017
1176
1018
1177
1019
1178
1020
1179
1021
1180
1022
1181
1023
1182
1024
1183
1025
1184
1026
1185
1027
1186
1028
1187
1029
1188
1030
1189
1031
1190
1032
1191
1033
1192
1034
1193
1035
1194
1036
1195
1037
1196
1038
1197
1039
1198
1040
1199
1041
1200
1042
1201
1043
1202
1044
1203
1045
1204
1046
1205
1047
1206
1048
1207
1049
1208
1050
1209
1051
1210
1052
1211
1053
1212
1054
1213
1055
1214
1056
1215
1057
1216
1058
1217
1059
1218
1060
1219
1061
1220
1062
1221
1063
1222
1064
1223
1065
1224
1066
1225
1067
1226
1068
1227
1069
1228
1070
1229
1071
1230
1072
1231
1073
1232
1074
1233
1075
1234
1076
1235
1077
1236
1078
1237
1079
1238
1080
1239
1081
1240
1082
1241
1083
1242
1084
1243
1085
1244
1086
1245
1087
1246
1088
1247
1089
1248
1090
1249
1091
1250
1092
1251
1093
1252
1094
1253
1095
1254
1096
1255
1097
1256
1098
1257
1099
1258
1100
1259
1101
1260
1102
1261
1103
1262
1104
1263
1105
1264
1106
1265
1107
1266
1108
1267
1109
1268
1110
1269
1111
1270
1112
1271
1113
1272
1114
1273
1115
1274
1116
1275
1117
1276
1118
1277
1119
1120
1278
1120
1121
1280
1122
1281
1123
1282
1124
1283
1125
1284
1126
1285
1127
1286
1128
1287
1129
1288
1130
1289
1131
1290
1132
1291
1133
1292
1134
1293
1135
1294
1136
1295
1137
1296
1138
1297
1139
1298
1140
1299
1141
1300
1142
1301
1143
1302
1144
1303
1145
1304
1146
1305
1147
1306
1148
1307
1149
1308
1150
1309
1151
1310
1152
1311
1153
1312
1154
1313
1155
1314
1156
1315
1157
1316
1158
1317
1159
1318
1160
1319
1161
1320
1162
1321
1163
1322
1164
1323
1165
1324
1166
1325
1167
1326
1168
1327
1169
1328
1170
1329
1171
1330
1172
1331
1173
1332
1174
1333
1175
1334
1176
1335
1177
1336
1178
1337
1179
1338
1180
1339
1181
1340
1182
1341
1183
1342
1184
1343
1185
1344
1186
1345
1187
1346
1188
1347
1189
1348
1190
1349
1191
1350
1192
1351
1193
1352
1194
1353
1195
1354
1196
1355
1197
1356
1198
1357
1199
1358
1200
1359
1201
1360
1202
1361
1203
1362
1204
1363
1205
1364
1206
1365
1207
1366
1208
1367
1209
1368
1210
1369
1211
1370
1212
1371
1213
1372
1214
1373
1215
1374
1216
1375
1217
1376
1218
1377
1219
1378
1220
1379
1221
1380
1222
1381
1223
1382
1224
1383
1225
1384
1226
1385
1227
1386
1228
1387
1229
1388
1230
1389
1231
1390
1232
1391
1233
1392
1234
1393
1235
1394
1236
1395
1237
1396
1238
1397
1239
1398
1240
1399
1241
1400
1242
1401
1243
1402
1244
1403
1245
1404
1246
1405
1247
1406
1248
1407
1249
1408
1250
1409
1251
1410
1252
1411
1253
1412
1254
1413
1255
1414
1256
1415
1257
1416
1258
1417
1259
1418
1260
1419
1261
1420
1262
1421
1263
1422
1264
1423
1265
1424
1266
1425
1267
1426
1268
1427
1269
1428
1270
1429
1271
1430
1272
1431
1273
1432
1274
1433
1275
1434
1276
1435
1277
1436
1278
1437
1279
1280
1438
1280
1281
1440
1282
1441
1283
1442
1284
1443
1285
1444
1286
1445
1287
1446
1288
1447
1289
1448
1290
1449
1291
1450
1292
1451
1293
1452
1294
1453
1295
1454
1296
1455
1297
1456
1298
1457
1299
1458
1300
1459
1301
1460
1302
1461
1303
1462
1304
1463
1305
1464
1306
1465
1307
1466
1308
1467
1309
1468
1310
1469
1311
1470
1312
1471
1313
1472
1314
1473
1315
1474
1316
1475
1317
1476
1318
1477
1319
1478
1320
1479
1321
1480
1322
1481
1323
1482
1324
1483
1325
1484
1326
1485
1327
1486
1328
1487
1329
1488
1330
1489
1331
1490
1332
1491
1333
1492
1334
1493
1335
1494
1336
1495
1337
1496
1338
1497
1339
1498
1340
1499
1341
1500
1342
1501
1343
1502
1344
1503
1345
1504
1346
1505
1347
1506
1348
1507
1349
1508
1350
1509
1351
1510
1352
1511
1353
1512
1354
1513
1355
1514
1356
1515
1357
1516
1358
1517
1359
1518
1360
1519
1361
1520
1362
1521
1363
1522
1364
1523
1365
1524
1366
1525
1367
1526
1368
1527
1369
1528
1370
1529
1371
1530
1372
1531
1373
1532
1374
1533
1375
1534
1376
1535
1377
1536
1378
1537
1379
1538
1380
1539
1381
1540
1382
1541
1383
1542
1384
1543
1385
1544
1386
1545
1387
1546
1388
1547
1389
1548
1390
1549
1391
1550
1392
1551
1393
1552
1394
1553
1395
1554
1396
1555
1397
1556
1398
1557
1399
1558
1400
1559
1401
1560
1402
1561
1403
1562
1404
1563
1405
1564
1406
1565
1407
1566
1408
1567
1409
1568
1410
1569
1411
1570
1412
1571
1413
1572
1414
1573
1415
1574
1416
1575
1417
1576
1418
1577
1419
1578
1420
1579
1421
1580
1422
1581
1423
1582
1424
1583
1425
1584
1426
1585
1427
1586
1428
1587
1429
1588
1430
1589
1431
1590
1432
1591
1433
1592
1434
1593
1435
1594
1436
1595
1437
1596
1438
1597
1439
1440
1598
1440
1441
1600
1442
1601
1443
1602
1444
1603
1445
1604
1446
1605
1447
1606
1448
1607
1449
1608
1450
1609
1451
1610
1452
1611
1453
1612
1454
1613
1455
1614
1456
1615
1457
1616
1458
1617
1459
1618
1460
1619
1461
1620
1462
1621
1463
1622
1464
1623
1465
1624
1466
1625
1467
1626
1468
1627
1469
1628
1470
1629
1471
1630
1472
1631
1473
1632
1474
1633
1475
1634
1476
1635
1477
1636
1478
1637
1479
1638
1480
1639
1481
1640
1482
1641
1483
1642
1484
1643
1485
1644
1486
1645
1487
1646
1488
1647
1489
1648
1490
1649
1491
1650
1492
1651
1493
1652
1494
1653
1495
1654
1496
1655
1497
1656
1498
1657
1499
1658
1500
1659
1501
1660
1502
1661
1503
1662
1504
1663
1505
1664
1506
1665
1507
1666
1508
1667
1509
1668
1510
1669
1511
1670
1512
1671
1513
1672
1514
1673
1515
1674
1516
1675
1517
1676
1518
1677
1519
1678
1520
1679
1521
1680
1522
1681
1523
1682
1524
1683
1525
1684
1526
1685
1527
1686
1528
1687
1529
1688
1530
1689
1531
1690
1532
1691
1533
1692
1534
1693
1535
1694
1536
1695
1537
1696
1538
1697
1539
1698
1540
1699
1541
1700
1542
1701
1543
1702
1544
1703
1545
1704
1546
1705
1547
1706
1548
1707
1549
1708
1550
1709
1551
1710
1552
1711
1553
1712
1554
1713
1555
1714
1556
1715
1557
1716
1558
1717
1559
1718
1560
1719
1561
1720
1562
1721
1563
1722
1564
1723
1565
1724
1566
1725
1567
1726
1568
1727
1569
1728
1570
1729
1571
1730
1572
1731
1573
1732
1574
1733
1575
1734
1576
1735
1577
1736
1578
1737
1579
1738
1580
1739
1581
1740
1582
1741
1583
1742
1584
1743
1585
1744
1586
1745
1587
1746
1588
1747
1589
1748
1590
1749
1591
1750
1592
1751
1593
1752
1594
1753
1595
1754
1596
1755
1597
1756
1598
1757
1599
1600
1758
1600
1601
1760
1602
1761
1603
1762
1604
1763
1605
1764
1606
1765
1607
1766
1608
1767
1609
1768
1610
1769
1611
1770
1612
1771
1613
1772
1614
1773
1615
1774
1616
1775
1617
1776
1618
1777
1619
1778
1620
1779
1621
1780
1622
1781
1623
1782
1624
1783
1625
1784
1626
1785
1627
1786
1628
1787
1629
1788
1630
1789
1631
1790
1632
1791
1633
1792
1634
1793
1635
1794
1636
1795
1637
1796
1638
1797
1639
1798
1640
1799
1641
1800
1642
1801
1643
1802
1644
1803
1645
1804
1646
1805
1647
1806
1648
1807
1649
1808
1650
1809
1651
1810
1652
1811
1653
1812
1654
1813
1655
1814
1656
1815
1657
1816
1658
1817
1659
1818
1660
1819
1661
1820
1662
1821
1663
1822
1664
1823
1665
1824
1666
1825
1667
1826
1668
1827
1669
1828
1670
1829
1671
1830
1672
1831
1673
1832
1674
1833
1675
1834
1676
1835
1677
1836
1678
1837
1679
1838
1680
1839
1681
1840
1682
1841
1683
1842
1684
1843
1685
1844
1686
1845
1687
1846
1688
1847
1689
1848
1690
1849
1691
1850
1692
1851
1693
1852
1694
1853
1695
1854
1696
1855
1697
1856
1698
1857
1699
1858
1700
1859
1701
1860
1702
1861
1703
1862
1704
1863
1705
1864
1706
1865
1707
1866
1708
1867
1709
1868
1710
1869
1711
1870
1712
1871
1713
1872
1714
1873
1715
1874
1716
1875
1717
1876
1718
1877
1719
1878
1720
1879
1721
1880
1722
1881
1723
1882
1724
1883
1725
1884
1726
1885
1727
1886
1728
1887
1729
1888
1730
1889
1731
1890
1732
1891
1733
1892
1734
1893
1735
1894
1736
1895
1737
1896
1738
1897
1739
1898
1740
1899
1741
1900
1742
1901
1743
1902
1744
1903
1745
1904
1746
1905
1747
1906
1748
1907
1749
1908
1750
1909
1751
1910
1752
1911
1753
1912
1754
1913
1755
1914
1756
1915
1757
1916
1758
1917
1759
1760
1918
1760
1761
1920
1762
1921
1763
1922
1764
1923
1765
1924
1766
1925
1767
1926
1768
1927
1769
1928
1770
1929
1771
1930
1772
1931
1773
1932
1774
1933
1775
1934
1776
1935
1777
1936
1778
1937
1779
1938
1780
1939
1781
1940
1782
1941
1783
1942
1784
1943
1785
1944
1786
1945
1787
1946
1788
1947
1789
1948
1790
1949
1791
1950
1792
1951
1793
1952
1794
1953
1795
1954
1796
1955
1797
1956
1798
1957
1799
1958
1800
1959
1801
1960
1802
1961
1803
1962
1804
1963
1805
1964
1806
1965
1807
1966
1808
1967
1809
1968
1810
1969
1811
1970
1812
1971
1813
1972
1814
1973
1815
1974
1816
1975
1817
1976
1818
1977
1819
1978
1820
1979
1821
1980
1822
1981
1823
1982
1824
1983
1825
1984
1826
1985
1827
1986
1828
1987
1829
1988
1830
1989
1831
1990
1832
1991
1833
1992
1834
1993
1835
1994
1836
1995
1837
1996
1838
1997
1839
1998
1840
1999
1841
2000
1842
2001
1843
2002
1844
2003
1845
2004
1846
2005
1847
2006
1848
2007
1849
2008
1850
2009
1851
2010
1852
2011
1853
2012
1854
2013
1855
2014
1856
2015
1857
2016
1858
2017
1859
2018
1860
2019
1861
2020
1862
2021
1863
2022
1864
2023
1865
2024
1866
2025
1867
2026
1868
2027
1869
2028
1870
2029
1871
2030
1872
2031
1873
2032
1874
2033
1875
2034
1876
2035
1877
2036
1878
2037
1879
2038
1880
2039
1881
2040
1882
2041
1883
2042
1884
2043
1885
2044
1886
2045
1887
2046
1888
2047
1889
2048
1890
2049
1891
2050
1892
2051
1893
2052
1894
2053
1895
2054
1896
2055
1897
2056
1898
2057
1899
2058
1900
2059
1901
2060
1902
2061
1903
2062
1904
2063
1905
2064
1906
2065
1907
2066
1908
2067
1909
2068
1910
2069
1911
2070
1912
2071
1913
2072
1914
2073
1915
2074
1916
2075
1917
2076
1918
2077
1919
1920
2078
1920
1921
2080
1922
2081
1923
2082
1924
2083
1925
2084
1926
2085
1927
2086
1928
2087
1929
2088
1930
2089
1931
2090
1932
2091
1933
2092
1934
2093
1935
2094
1936
2095
1937
2096
1938
2097
1939
2098
1940
2099
1941
2100
1942
2101
1943
2102
1944
2103
1945
2104
1946
2105
1947
2106
1948
2107
1949
2108
1950
2109
1951
2110
1952
2111
1953
2112
1954
2113
1955
2114
1956
2115
1957
2116
1958
2117
1959
2118
1960
2119
1961
2120
1962
2121
1963
2122
1964
2123
1965
2124
1966
2125
1967
2126
1968
2127
1969
2128
1970
2129
1971
2130
1972
2131
1973
2132
1974
2133
1975
2134
1976
2135
1977
2136
1978
2137
1979
2138
1980
2139
1981
2140
1982
2141
1983
2142
1984
2143
1985
2144
1986
2145
1987
2146
1988
2147
1989
2148
1990
2149
1991
2150
1992
2151
1993
2152
1994
2153
1995
2154
1996
2155
1997
2156
1998
2157
1999
2158
2000
2159
2001
2160
2002
2161
2003
2162
2004
2163
2005
2164
2006
2165
2007
2166
2008
2167
2009
2168
2010
2169
2011
2170
2012
2171
2013
2172
2014
2173
2015
2174
2016
2175
2017
2176
2018
2177
2019
2178
2020
2179
2021
2180
2022
2181
2023
2182
2024
2183
2025
2184
2026
2185
2027
2186
2028
2187
2029
2188
2030
2189
2031
2190
2032
2191
2033
2192
2034
2193
2035
2194
2036
2195
2037
2196
2038
2197
2039
2198
2040
2199
2041
2200
2042
2201
2043
2202
2044
2203
2045
2204
2046
2205
2047
2206
2048
2207
2049
2208
2050
2209
2051
2210
2052
2211
2053
2212
2054
2213
2055
2214
2056
2215
2057
2216
2058
2217
2059
2218
2060
2219
2061
2220
2062
2221
2063
2222
2064
2223
2065
2224
2066
2225
2067
2226
2068
2227
2069
2228
2070
2229
2071
2230
2072
2231
2073
2232
2074
2233
2075
2234
2076
2235
2077
2236
2078
2237
2079
2080
2238
2080
2081
2240
2082
2241
2083
2242
2084
2243
2085
2244
2086
2245
2087
2246
2088
2247
2089
2248
2090
2249
2091
2250
2092
2251
2093
2252
2094
2253
2095
2254
2096
2255
2097
2256
2098
2257
2099
2258
2100
2259
2101
2260
2102
2261
2103
2262
2104
2263
2105
2264
2106
2265
2107
2266
2108
2267
2109
2268
2110
2269
2111
2270
2112
2271
2113
2272
2114
2273
2115
2274
2116
2275
2117
2276
2118
2277
2119
2278
2120
2279
2121
2280
2122
2281
2123
2282
2124
2283
2125
2284
2126
2285
2127
2286
2128
2287
2129
2288
2130
2289
2131
2290
2132
2291
2133
2292
2134
2293
2135
2294
2136
2295
2137
2296
2138
2297
2139
2298
2140
2299
2141
2300
2142
2301
2143
2302
2144
2303
2145
2304
2146
2305
2147
2306
2148
2307
2149
2308
2150
2309
2151
2310
2152
2311
2153
2312
2154
2313
2155
2314
2156
2315
2157
2316
2158
2317
2159
2318
2160
2319
2161
2320
2162
2321
2163
2322
2164
2323
2165
2324
2166
2325
2167
2326
2168
2327
2169
2328
2170
2329
2171
2330
2172
2331
2173
2332
2174
2333
2175
2334
2176
2335
2177
2336
2178
2337
2179
2338
2180
2339
2181
2340
2182
2341
2183
2342
2184
2343
2185
2344
2186
2345
2187
2346
2188
2347
2189
2348
2190
2349
2191
2350
2192
2351
2193
2352
2194
2353
2195
2354
2196
2355
2197
2356
2198
2357
2199
2358
2200
2359
2201
2360
2202
2361
2203
2362
2204
2363
2205
2364
2206
2365
2207
2366
2208
2367
2209
2368
2210
2369
2211
2370
2212
2371
2213
2372
2214
2373
2215
2374
2216
2375
2217
2376
2218
2377
2219
2378
2220
2379
2221
2380
2222
2381
2223
2382
2224
2383
2225
2384
2226
2385
2227
2386
2228
2387
2229
2388
2230
2389
2231
2390
2232
2391
2233
2392
2234
2393
2235
2394
2236
2395
2237
2396
2238
2397
2239
2240
2398
2240
2241
2400
2242
2401
2243
2402
2244
2403
2245
2404
2246
2405
2247
2406
2248
2407
2249
2408
2250
2409
2251
2410
2252
2411
2253
2412
2254
2413
2255
2414
2256
2415
2257
2416
2258
2417
2259
2418
2260
2419
2261
2420
2262
2421
2263
2422
2264
2423
2265
2424
2266
2425
2267
2426
2268
2427
2269
2428
2270
2429
2271
2430
2272
2431
2273
2432
2274
2433
2275
2434
2276
2435
2277
2436
2278
2437
2279
2438
2280
2439
2281
2440
2282
2441
2283
2442
2284
2443
2285
2444
2286
2445
2287
2446
2288
2447
2289
2448
2290
2449
2291
2450
2292
2451
2293
2452
2294
2453
2295
2454
2296
2455
2297
2456
2298
2457
2299
2458
2300
2459
2301
2460
2302
2461
2303
2462
2304
2463
2305
2464
2306
2465
2307
2466
2308
2467
2309
2468
2310
2469
2311
2470
2312
2471
2313
2472
2314
2473
2315
2474
2316
2475
2317
2476
2318
2477
2319
2478
2320
2479
2321
2480
2322
2481
2323
2482
2324
2483
2325
2484
2326
2485
2327
2486
2328
2487
2329
2488
2330
2489
2331
2490
2332
2491
2333
2492
2334
2493
2335
2494
2336
2495
2337
2496
2338
2497
2339
2498
2340
2499
2341
2500
2342
2501
2343
2502
2344
2503
2345
2504
2346
2505
2347
2506
2348
2507
2349
2508
2350
2509
2351
2510
2352
2511
2353
2512
2354
2513
2355
2514
2356
2515
2357
2516
2358
2517
2359
2518
2360
2519
2361
2520
2362
2521
2363
2522
2364
2523
2365
2524
2366
2525
2367
2526
2368
2527
2369
2528
2370
2529
2371
2530
2372
2531
2373
2532
2374
2533
2375
2534
2376
2535
2377
2536
2378
2537
2379
2538
2380
2539
2381
2540
2382
2541
2383
2542
2384
2543
2385
2544
2386
2545
2387
2546
2388
2547
2389
2548
2390
2549
2391
2550
2392
2551
2393
2552
2394
2553
2395
2554
2396
2555
2397
2556
2398
2557
2399
2400
2558
2400
2401
2560
2402
2561
2403
2562
2404
2563
2405
2564
2406
2565
2407
2566
2408
2567
2409
2568
2410
2569
2411
2570
2412
2571
2413
2572
2414
2573
2415
2574
2416
2575
2417
2576
2418
2577
2419
2578
2420
2579
2421
2580
2422
2581
2423
2582
2424
2583
2425
2584
2426
2585
2427
2586
2428
2587
2429
2588
2430
2589
2431
2590
2432
2591
2433
2592
2434
2593
2435
2594
2436
2595
2437
2596
2438
2597
2439
2598
2440
2599
2441
2600
2442
2601
2443
2602
2444
2603
2445
2604
2446
2605
2447
2606
2448
2607
2449
2608
2450
2609
2451
2610
2452
2611
2453
2612
2454
2613
2455
2614
2456
2615
2457
2616
2458
2617
2459
2618
2460
2619
2461
2620
2462
2621
2463
2622
2464
2623
2465
2624
2466
2625
2467
2626
2468
2627
2469
2628
2470
2629
2471
2630
2472
2631
2473
2632
2474
2633
2475
2634
2476
2635
2477
2636
2478
2637
2479
2638
2480
2639
2481
2640
2482
2641
2483
2642
2484
2643
2485
2644
2486
2645
2487
2646
2488
2647
2489
2648
2490
2649
2491
2650
2492
2651
2493
2652
2494
2653
2495
2654
2496
2655
2497
2656
2498
2657
2499
2658
2500
2659
2501
2660
2502
2661
2503
2662
2504
2663
2505
2664
2506
2665
2507
2666
2508
2667
2509
2668
2510
2669
2511
2670
2512
2671
2513
2672
2514
2673
2515
2674
2516
2675
2517
2676
2518
2677
2519
2678
2520
2679
2521
2680
2522
2681
2523
2682
2524
2683
2525
2684
2526
2685
2527
2686
2528
2687
2529
2688
2530
2689
2531
2690
2532
2691
2533
2692
2534
2693
2535
2694
2536
2695
2537
2696
2538
2697
2539
2698
2540
2699
2541
2700
2542
2701
2543
2702
2544
2703
2545
2704
2546
2705
2547
2706
2548
2707
2549
2708
2550
2709
2551
2710
2552
2711
2553
2712
2554
2713
2555
2714
2556
2715
2557
2716
2558
2717
2559
2560
2718
2560
2561
2720
2562
2721
2563
2722
2564
2723
2565
2724
2566
2725
2567
2726
2568
2727
2569
2728
2570
2729
2571
2730
2572
2731
2573
2732
2574
2733
2575
2734
2576
2735
2577
2736
2578
2737
2579
2738
2580
2739
2581
2740
2582
2741
2583
2742
2584
2743
2585
2744
2586
2745
2587
2746
2588
2747
2589
2748
2590
2749
2591
2750
2592
2751
2593
2752
2594
2753
2595
2754
2596
2755
2597
2756
2598
2757
2599
2758
2600
2759
2601
2760
2602
2761
2603
2762
2604
2763
2605
2764
2606
2765
2607
2766
2608
2767
2609
2768
2610
2769
2611
2770
2612
2771
2613
2772
2614
2773
2615
2774
2616
2775
2617
2776
2618
2777
2619
2778
2620
2779
2621
2780
2622
2781
2623
2782
2624
2783
2625
2784
2626
2785
2627
2786
2628
2787
2629
2788
2630
2789
2631
2790
2632
2791
2633
2792
2634
2793
2635
2794
2636
2795
2637
2796
2638
2797
2639
2798
2640
2799
2641
2800
2642
2801
2643
2802
2644
2803
2645
2804
2646
2805
2647
2806
2648
2807
2649
2808
2650
2809
2651
2810
2652
2811
2653
2812
2654
2813
2655
2814
2656
2815
2657
2816
2658
2817
2659
2818
2660
2819
2661
2820
2662
2821
2663
2822
2664
2823
2665
2824
2666
2825
2667
2826
2668
2827
2669
2828
2670
2829
2671
2830
2672
2831
2673
2832
2674
2833
2675
2834
2676
2835
2677
2836
2678
2837
2679
2838
2680
2839
2681
2840
2682
2841
2683
2842
2684
2843
2685
2844
2686
2845
2687
2846
2688
2847
2689
2848
2690
2849
2691
2850
2692
2851
2693
2852
2694
2853
2695
2854
2696
2855
2697
2856
2698
2857
2699
2858
2700
2859
2701
2860
2702
2861
2703
2862
2704
2863
2705
2864
2706
2865
2707
2866
2708
2867
2709
2868
2710
2869
2711
2870
2712
2871
2713
2872
2714
2873
2715
2874
2716
2875
2717
2876
2718
2877
2719
2720
2878
2720
2721
2880
2722
2881
2723
2882
2724
2883
2725
2884
2726
2885
2727
2886
2728
2887
2729
2888
2730
2889
2731
2890
2732
2891
2733
2892
2734
2893
2735
2894
2736
2895
2737
2896
2738
2897
2739
2898
2740
2899
2741
2900
2742
2901
2743
2902
2744
2903
2745
2904
2746
2905
2747
2906
2748
2907
2749
2908
2750
2909
2751
2910
2752
2911
2753
2912
2754
2913
2755
2914
2756
2915
2757
2916
2758
2917
2759
2918
2760
2919
2761
2920
2762
2921
2763
2922
2764
2923
2765
2924
2766
2925
2767
2926
2768
2927
2769
2928
2770
2929
2771
2930
2772
2931
2773
2932
2774
2933
2775
2934
2776
2935
2777
2936
2778
2937
2779
2938
2780
2939
2781
2940
2782
2941
2783
2942
2784
2943
2785
2944
2786
2945
2787
2946
2788
2947
2789
2948
2790
2949
2791
2950
2792
2951
2793
2952
2794
2953
2795
2954
2796
2955
2797
2956
2798
2957
2799
2958
2800
2959
2801
2960
2802
2961
2803
2962
2804
2963
2805
2964
2806
2965
2807
2966
2808
2967
2809
2968
2810
2969
2811
2970
2812
2971
2813
2972
2814
2973
2815
2974
2816
2975
2817
2976
2818
2977
2819
2978
2820
2979
2821
2980
2822
2981
2823
2982
2824
2983
2825
2984
2826
2985
2827
2986
2828
2987
2829
2988
2830
2989
2831
2990
2832
2991
2833
2992
2834
2993
2835
2994
2836
2995
2837
2996
2838
2997
2839
2998
2840
2999
2841
3000
2842
3001
2843
3002
2844
3003
2845
3004
2846
3005
2847
3006
2848
3007
2849
3008
2850
3009
2851
3010
2852
3011
2853
3012
2854
3013
2855
3014
2856
3015
2857
3016
2858
3017
2859
3018
2860
3019
2861
3020
2862
3021
2863
3022
2864
3023
2865
3024
2866
3025
2867
3026
2868
3027
2869
3028
2870
3029
2871
3030
2872
3031
2873
3032
2874
3033
2875
3034
2876
3035
2877
3036
2878
3037
2879
2880
3038
2880
2881
3040
2882
3041
2883
3042
2884
3043
2885
3044
2886
3045
2887
3046
2888
3047
2889
3048
2890
3049
2891
3050
2892
3051
2893
3052
2894
3053
2895
3054
2896
3055
2897
3056
2898
3057
2899
3058
2900
3059
2901
3060
2902
3061
2903
3062
2904
3063
2905
3064
2906
3065
2907
3066
2908
3067
2909
3068
2910
3069
2911
3070
2912
3071
2913
3072
2914
3073
2915
3074
2916
3075
2917
3076
2918
3077
2919
3078
2920
3079
2921
3080
2922
3081
2923
3082
2924
3083
2925
3084
2926
3085
2927
3086
2928
3087
2929
3088
2930
3089
2931
3090
2932
3091
2933
3092
2934
3093
2935
3094
2936
3095
2937
3096
2938
3097
2939
3098
2940
3099
2941
3100
2942
3101
2943
3102
2944
3103
2945
3104
2946
3105
2947
3106
2948
3107
2949
3108
2950
3109
2951
3110
2952
3111
2953
3112
2954
3113
2955
3114
2956
3115
2957
3116
2958
3117
2959
3118
2960
3119
2961
3120
2962
3121
2963
3122
2964
3123
2965
3124
2966
3125
2967
3126
2968
3127
2969
3128
2970
3129
2971
3130
2972
3131
2973
3132
2974
3133
2975
3134
2976
3135
2977
3136
2978
3137
2979
3138
2980
3139
2981
3140
2982
3141
2983
3142
2984
3143
2985
3144
2986
3145
2987
3146
2988
3147
2989
3148
2990
3149
2991
3150
2992
3151
2993
3152
2994
3153
2995
3154
2996
3155
2997
3156
2998
3157
2999
3158
3000
3159
3001
3160
3002
3161
3003
3162
3004
3163
3005
3164
3006
3165
3007
3166
3008
3167
3009
3168
3010
3169
3011
3170
3012
3171
3013
3172
3014
3173
3015
3174
3016
3175
3017
3176
3018
3177
3019
3178
3020
3179
3021
3180
3022
3181
3023
3182
3024
3183
3025
3184
3026
3185
3027
3186
3028
3187
3029
3188
3030
3189
3031
3190
3032
3191
3033
3192
3034
3193
3035
3194
3036
3195
3037
3196
3038
3197
3039
3040
3198
3200
3201
3202
3203
3204
3205
3206
3207
3208
3209
3210
3211
3212
3213
3214
3215
3216
3217
3218
3219
3220
3221
3222
3223
3224
3225
3226
3227
3228
3229
3230
3231
3232
3233
3234
3235
3236
3237
3238
3239
3240
3241
3242
3243
3244
3245
3246
3247
3248
3249
3250
3251
3252
3253
3254
3255
3256
3257
3258
3259
3260
3261
3262
3263
3264
3265
3266
3267
3268
3269
3270
3271
3272
3273
3274
3275
3276
3277
3278
3279
3280
3281
3282
3283
3284
3285
3286
3287
3288
3289
3290
3291
3292
3293
3294
3295
3296
3297
3298
3299
3300
3301
3302
3303
3304
3305
3306
3307
3308
3309
3310
3311
3312
3313
3314
3315
3316
3317
3318
3319
3320
3321
3322
3323
3324
3325
3326
3327
3328
3329
3330
3331
3332
3333
3334
3335
3336
3337
3338
3339
3340
3341
3342
3343
3344
3345
3346
3347
3348
3349
3350
3351
3352
3353
3354
3355
3356
3357
3200
3358
3200
3201
3360
3202
3361
3203
3362
3204
3363
3205
3364
3206
3365
3207
3366
3208
3367
3209
3368
3210
3369
3211
3370
3212
3371
3213
3372
3214
3373
3215
3374
3216
3375
3217
3376
3218
3377
3219
3378
3220
3379
3221
3380
3222
3381
3223
3382
3224
3383
3225
3384
3226
3385
3227
3386
3228
3387
3229
3388
3230
3389
3231
3390
3232
3391
3233
3392
3234
3393
3235
3394
3236
3395
3237
3396
3238
3397
3239
3398
3240
3399
3241
3400
3242
3401
3243
3402
3244
3403
3245
3404
3246
3405
3247
3406
3248
3407
3249
3408
3250
3409
3251
3410
3252
3411
3253
3412
3254
3413
3255
3414
3256
3415
3257
3416
3258
3417
3259
3418
3260
3419
3261
3420
3262
3421
3263
3422
3264
3423
3265
3424
3266
3425
3267
3426
3268
3427
3269
3428
3270
3429
3271
3430
3272
3431
3273
3432
3274
3433
3275
3434
3276
3435
3277
3436
3278
3437
3279
3438
3280
3439
3281
3440
3282
3441
3283
3442
3284
3443
3285
3444
3286
3445
3287
3446
3288
3447
3289
3448
3290
3449
3291
3450
3292
3451
3293
3452
3294
3453
3295
3454
3296
3455
3297
3456
3298
3457
3299
3458
3300
3459
3301
3460
3302
3461
3303
3462
3304
3463
3305
3464
3306
3465
3307
3466
3308
3467
3309
3468
3310
3469
3311
3470
3312
3471
3313
3472
3314
3473
3315
3474
3316
3475
3317
3476
3318
3477
3319
3478
3320
3479
3321
3480
3322
3481
3323
3482
3324
3483
3325
3484
3326
3485
3327
3486
3328
3487
3329
3488
3330
3489
3331
3490
3332
3491
3333
3492
3334
3493
3335
3494
3336
3495
3337
3496
3338
3497
3339
3498
3340
3499
3341
3500
3342
3501
3343
3502
3344
3503
3345
3504
3346
3505
3347
3506
3348
3507
3349
3508
3350
3509
3351
3510
3352
3511
3353
3512
3354
3513
3355
3514
3356
3515
3357
3516
3358
3517
3359
3360
3518
3360
3361
3520
3362
3521
3363
3522
3364
3523
3365
3524
3366
3525
3367
3526
3368
3527
3369
3528
3370
3529
3371
3530
3372
3531
3373
3532
3374
3533
3375
3534
3376
3535
3377
3536
3378
3537
3379
3538
3380
3539
3381
3540
3382
3541
3383
3542
3384
3543
3385
3544
3386
3545
3387
3546
3388
3547
3389
3548
3390
3549
3391
3550
3392
3551
3393
3552
3394
3553
3395
3554
3396
3555
3397
3556
3398
3557
3399
3558
3400
3559
3401
3560
3402
3561
3403
3562
3404
3563
3405
3564
3406
3565
3407
3566
3408
3567
3409
3568
3410
3569
3411
3570
3412
3571
3413
3572
3414
3573
3415
3574
3416
3575
3417
3576
3418
3577
3419
3578
3420
3579
3421
3580
3422
3581
3423
3582
3424
3583
3425
3584
3426
3585
3427
3586
3428
3587
3429
3588
3430
3589
3431
3590
3432
3591
3433
3592
3434
3593
3435
3594
3436
3595
3437
3596
3438
3597
3439
3598
3440
3599
3441
3600
3442
3601
3443
3602
3444
3603
3445
3604
3446
3605
3447
3606
3448
3607
3449
3608
3450
3609
3451
3610
3452
3611
3453
3612
3454
3613
3455
3614
3456
3615
3457
3616
3458
3617
3459
3618
3460
3619
3461
3620
3462
3621
3463
3622
3464
3623
3465
3624
3466
3625
3467
3626
3468
3627
3469
3628
3470
3629
3471
3630
3472
3631
3473
3632
3474
3633
3475
3634
3476
3635
3477
3636
3478
3637
3479
3638
3480
3639
3481
3640
3482
3641
3483
3642
3484
3643
3485
3644
3486
3645
3487
3646
3488
3647
3489
3648
3490
3649
3491
3650
3492
3651
3493
3652
3494
3653
3495
3654
3496
3655
3497
3656
3498
3657
3499
3658
3500
3659
3501
3660
3502
3661
3503
3662
3504
3663
3505
3664
3506
3665
3507
3666
3508
3667
3509
3668
3510
3669
3511
3670
3512
3671
3513
3672
3514
3673
3515
3674
3516
3675
3517
3676
3518
3677
3519
3520
3678
3520
3521
3680
3522
3681
3523
3682
3524
3683
3525
3684
3526
3685
3527
3686
3528
3687
3529
3688
3530
3689
3531
3690
3532
3691
3533
3692
3534
3693
3535
3694
3536
3695
3537
3696
3538
3697
3539
3698
3540
3699
3541
3700
3542
3701
3543
3702
3544
3703
3545
3704
3546
3705
3547
3706
3548
3707
3549
3708
3550
3709
3551
3710
3552
3711
3553
3712
3554
3713
3555
3714
3556
3715
3557
3716
3558
3717
3559
3718
3560
3719
3561
3720
3562
3721
3563
3722
3564
3723
3565
3724
3566
3725
3567
3726
3568
3727
3569
3728
3570
3729
3571
3730
3572
3731
3573
3732
3574
3733
3575
3734
3576
3735
3577
3736
3578
3737
3579
3738
3580
3739
3581
3740
3582
3741
3583
3742
3584
3743
3585
3744
3586
3745
3587
3746
3588
3747
3589
3748
3590
3749
3591
3750
3592
3751
3593
3752
3594
3753
3595
3754
3596
3755
3597
3756
3598
3757
3599
3758
3600
3759
3601
3760
3602
3761
3603
3762
3604
3763
3605
3764
3606
3765
3607
3766
3608
3767
3609
3768
3610
3769
3611
3770
3612
3771
3613
3772
3614
3773
3615
3774
3616
3775
3617
3776
3618
3777
3619
3778
3620
3779
3621
3780
3622
3781
3623
3782
3624
3783
3625
3784
3626
3785
3627
3786
3628
3787
3629
3788
3630
3789
3631
3790
3632
3791
3633
3792
3634
3793
3635
3794
3636
3795
3637
3796
3638
3797
3639
3798
3640
3799
3641
3800
3642
3801
3643
3802
3644
3803
3645
3804
3646
3805
3647
3806
3648
3807
3649
3808
3650
3809
3651
3810
3652
3811
3653
3812
3654
3813
3655
3814
3656
3815
3657
3816
3658
3817
3659
3818
3660
3819
3661
3820
3662
3821
3663
3822
3664
3823
3665
3824
3666
3825
3667
3826
3668
3827
3669
3828
3670
3829
3671
3830
3672
3831
3673
3832
3674
3833
3675
3834
3676
3835
3677
3836
3678
3837
3679
3680
3838
3680
3681
3840
3682
3841
3683
3842
3684
3843
3685
3844
3686
3845
3687
3846
3688
3847
3689
3848
3690
3849
3691
3850
3692
3851
3693
3852
3694
3853
3695
3854
3696
3855
3697
3856
3698
3857
3699
3858
3700
3859
3701
3860
3702
3861
3703
3862
3704
3863
3705
3864
3706
3865
3707
3866
3708
3867
3709
3868
3710
3869
3711
3870
3712
3871
3713
3872
3714
3873
3715
3874
3716
3875
3717
3876
3718
3877
3719
3878
3720
3879
3721
3880
3722
3881
3723
3882
3724
3883
3725
3884
3726
3885
3727
3886
3728
3887
3729
3888
3730
3889
3731
3890
3732
3891
3733
3892
3734
3893
3735
3894
3736
3895
3737
3896
3738
3897
3739
3898
3740
3899
3741
3900
3742
3901
3743
3902
3744
3903
3745
3904
3746
3905
3747
3906
3748
3907
3749
3908
3750
3909
3751
3910
3752
3911
3753
3912
3754
3913
3755
3914
3756
3915
3757
3916
3758
3917
3759
3918
3760
3919
3761
3920
3762
3921
3763
3922
3764
3923
3765
3924
3766
3925
3767
3926
3768
3927
3769
3928
3770
3929
3771
3930
3772
3931
3773
3932
3774
3933
3775
3934
3776
3935
3777
3936
3778
3937
3779
3938
3780
3939
3781
3940
3782
3941
3783
3942
3784
3943
3785
3944
3786
3945
3787
3946
3788
3947
3789
3948
3790
3949
3791
3950
3792
3951
3793
3952
3794
3953
3795
3954
3796
3955
3797
3956
3798
3957
3799
3958
3800
3959
3801
3960
3802
3961
3803
3962
3804
3963
3805
3964
3806
3965
3807
3966
3808
3967
3809
3968
3810
3969
3811
3970
3812
3971
3813
3972
3814
3973
3815
3974
3816
3975
3817
3976
3818
3977
3819
3978
3820
3979
3821
3980
3822
3981
3823
3982
3824
3983
3825
3984
3826
3985
3827
3986
3828
3987
3829
3988
3830
3989
3831
3990
3832
3991
3833
3992
3834
3993
3835
3994
3836
3995
3837
3996
3838
3997
3839
3840
3998
3840
3841
4000
3842
4001
3843
4002
3844
4003
3845
4004
3846
4005
3847
4006
3848
4007
3849
4008
3850
4009
3851
4010
3852
4011
3853
4012
3854
4013
3855
4014
3856
4015
3857
4016
3858
4017
3859
4018
3860
4019
3861
4020
3862
4021
3863
4022
3864
4023
3865
4024
3866
4025
3867
4026
3868
4027
3869
4028
3870
4029
3871
4030
3872
4031
3873
4032
3874
4033
3875
4034
3876
4035
3877
4036
3878
4037
3879
4038
3880
4039
3881
4040
3882
4041
3883
4042
3884
4043
3885
4044
3886
4045
3887
4046
3888
4047
3889
4048
3890
4049
3891
4050
3892
4051
3893
4052
3894
4053
3895
4054
3896
4055
3897
4056
3898
4057
3899
4058
3900
4059
3901
4060
3902
4061
3903
4062
3904
4063
3905
4064
3906
4065
3907
4066
3908
4067
3909
4068
3910
4069
3911
4070
3912
4071
3913
4072
3914
4073
3915
4074
3916
4075
3917
4076
3918
4077
3919
4078
3920
4079
3921
4080
3922
4081
3923
4082
3924
4083
3925
4084
3926
4085
3927
4086
3928
4087
3929
4088
3930
4089
3931
4090
3932
4091
3933
4092
3934
4093
3935
4094
3936
4095
3937
4096
3938
4097
3939
4098
3940
4099
3941
4100
3942
4101
3943
4102
3944
4103
3945
4104
3946
4105
3947
4106
3948
4107
3949
4108
3950
4109
3951
4110
3952
4111
3953
4112
3954
4113
3955
4114
3956
4115
3957
4116
3958
4117
3959
4118
3960
4119
3961
4120
3962
4121
3963
4122
3964
4123
3965
4124
3966
4125
3967
4126
3968
4127
3969
4128
3970
4129
3971
4130
3972
4131
3973
4132
3974
4133
3975
4134
3976
4135
3977
4136
3978
4137
3979
4138
3980
4139
3981
4140
3982
4141
3983
4142
3984
4143
3985
4144
3986
4145
3987
4146
3988
4147
3989
4148
3990
4149
3991
4150
3992
4151
3993
4152
3994
4153
3995
4154
3996
4155
3997
4156
3998
4157
3999
4000
4158
4000
4001
4160
4002
4161
4003
4162
4004
4163
4005
4164
4006
4165
4007
4166
4008
4167
4009
4168
4010
4169
4011
4170
4012
4171
4013
4172
4014
4173
4015
4174
4016
4175
4017
4176
4018
4177
4019
4178
4020
4179
4021
4180
4022
4181
4023
4182
4024
4183
4025
4184
4026
4185
4027
4186
4028
4187
4029
4188
4030
4189
4031
4190
4032
4191
4033
4192
4034
4193
4035
4194
4036
4195
4037
4196
4038
4197
4039
4198
4040
4199
4041
4200
4042
4201
4043
4202
4044
4203
4045
4204
4046
4205
4047
4206
4048
4207
4049
4208
4050
4209
4051
4210
4052
4211
4053
4212
4054
4213
4055
4214
4056
4215
4057
4216
4058
4217
4059
4218
4060
4219
4061
4220
4062
4221
4063
4222
4064
4223
4065
4224
4066
4225
4067
4226
4068
4227
4069
4228
4070
4229
4071
4230
4072
4231
4073
4232
4074
4233
4075
4234
4076
4235
4077
4236
4078
4237
4079
4238
4080
4239
4081
4240
4082
4241
4083
4242
4084
4243
4085
4244
4086
4245
4087
4246
4088
4247
4089
4248
4090
4249
4091
4250
4092
4251
4093
4252
4094
4253
4095
4254
4096
4255
4097
4256
4098
4257
4099
4258
4100
4259
4101
4260
4102
4261
4103
4262
4104
4263
4105
4264
4106
4265
4107
4266
4108
4267
4109
4268
4110
4269
4111
4270
4112
4271
4113
4272
4114
4273
4115
4274
4116
4275
4117
4276
4118
4277
4119
4278
4120
4279
4121
4280
4122
4281
4123
4282
4124
4283
4125
4284
4126
4285
4127
4286
4128
4287
4129
4288
4130
4289
4131
4290
4132
4291
4133
4292
4134
4293
4135
4294
4136
4295
4137
4296
4138
4297
4139
4298
4140
4299
4141
4300
4142
4301
4143
4302
4144
4303
4145
4304
4146
4305
4147
4306
4148
4307
4149
4308
4150
4309
4151
4310
4152
4311
4153
4312
4154
4313
4155
4314
4156
4315
4157
4316
4158
4317
4159
4160
4318
4160
4161
4320
4162
4321
4163
4322
4164
4323
4165
4324
4166
4325
4167
4326
4168
4327
4169
4328
4170
4329
4171
4330
4172
4331
4173
4332
4174
4333
4175
4334
4176
4335
4177
4336
4178
4337
4179
4338
4180
4339
4181
4340
4182
4341
4183
4342
4184
4343
4185
4344
4186
4345
4187
4346
4188
4347
4189
4348
4190
4349
4191
4350
4192
4351
4193
4352
4194
4353
4195
4354
4196
4355
4197
4356
4198
4357
4199
4358
4200
4359
4201
4360
4202
4361
4203
4362
4204
4363
4205
4364
4206
4365
4207
4366
4208
4367
4209
4368
4210
4369
4211
4370
4212
4371
4213
4372
4214
4373
4215
4374
4216
4375
4217
4376
4218
4377
4219
4378
4220
4379
4221
4380
4222
4381
4223
4382
4224
4383
4225
4384
4226
4385
4227
4386
4228
4387
4229
4388
4230
4389
4231
4390
4232
4391
4233
4392
4234
4393
4235
4394
4236
4395
4237
4396
4238
4397
4239
4398
4240
4399
4241
4400
4242
4401
4243
4402
4244
4403
4245
4404
4246
4405
4247
4406
4248
4407
4249
4408
4250
4409
4251
4410
4252
4411
4253
4412
4254
4413
4255
4414
4256
4415
4257
4416
4258
4417
4259
4418
4260
4419
4261
4420
4262
4421
4263
4422
4264
4423
4265
4424
4266
4425
4267
4426
4268
4427
4269
4428
4270
4429
4271
4430
4272
4431
4273
4432
4274
4433
4275
4434
4276
4435
4277
4436
4278
4437
4279
4438
4280
4439
4281
4440
4282
4441
4283
4442
4284
4443
4285
4444
4286
4445
4287
4446
4288
4447
4289
4448
4290
4449
4291
4450
4292
4451
4293
4452
4294
4453
4295
4454
4296
4455
4297
4456
4298
4457
4299
4458
4300
4459
4301
4460
4302
4461
4303
4462
4304
4463
4305
4464
4306
4465
4307
4466
4308
4467
4309
4468
4310
4469
4311
4470
4312
4471
4313
4472
4314
4473
4315
4474
4316
4475
4317
4476
4318
4477
4319
4320
4478
4320
4321
4480
4322
4481
4323
4482
4324
4483
4325
4484
4326
4485
4327
4486
4328
4487
4329
4488
4330
4489
4331
4490
4332
4491
4333
4492
4334
4493
4335
4494
4336
4495
4337
4496
4338
4497
4339
4498
4340
4499
4341
4500
4342
4501
4343
4502
4344
4503
4345
4504
4346
4505
4347
4506
4348
4507
4349
4508
4350
4509
4351
4510
4352
4511
4353
4512
4354
4513
4355
4514
4356
4515
4357
4516
4358
4517
4359
4518
4360
4519
4361
4520
4362
4521
4363
4522
4364
4523
4365
4524
4366
4525
4367
4526
4368
4527
4369
4528
4370
4529
4371
4530
4372
4531
4373
4532
4374
4533
4375
4534
4376
4535
4377
4536
4378
4537
4379
4538
4380
4539
4381
4540
4382
4541
4383
4542
4384
4543
4385
4544
4386
4545
4387
4546
4388
4547
4389
4548
4390
4549
4391
4550
4392
4551
4393
4552
4394
4553
4395
4554
4396
4555
4397
4556
4398
4557
4399
4558
4400
4559
4401
4560
4402
4561
4403
4562
4404
4563
4405
4564
4406
4565
4407
4566
4408
4567
4409
4568
4410
4569
4411
4570
4412
4571
4413
4572
4414
4573
4415
4574
4416
4575
4417
4576
4418
4577
4419
4578
4420
4579
4421
4580
4422
4581
4423
4582
4424
4583
4425
4584
4426
4585
4427
4586
4428
4587
4429
4588
4430
4589
4431
4590
4432
4591
4433
4592
4434
4593
4435
4594
4436
4595
4437
4596
4438
4597
4439
4598
4440
4599
4441
4600
4442
4601
4443
4602
4444
4603
4445
4604
4446
4605
4447
4606
4448
4607
4449
4608
4450
4609
4451
4610
4452
4611
4453
4612
4454
4613
4455
4614
4456
4615
4457
4616
4458
4617
4459
4618
4460
4619
4461
4620
4462
4621
4463
4622
4464
4623
4465
4624
4466
4625
4467
4626
4468
4627
4469
4628
4470
4629
4471
4630
4472
4631
4473
4632
4474
4633
4475
4634
4476
4635
4477
4636
4478
4637
4479
4480
4638
4480
4481
4640
4482
4641
4483
4642
4484
4643
4485
4644
4486
4645
4487
4646
4488
4647
4489
4648
4490
4649
4491
4650
4492
4651
4493
4652
4494
4653
4495
4654
4496
4655
4497
4656
4498
4657
4499
4658
4500
4659
4501
4660
4502
4661
4503
4662
4504
4663
4505
4664
4506
4665
4507
4666
4508
4667
4509
4668
4510
4669
4511
4670
4512
4671
4513
4672
4514
4673
4515
4674
4516
4675
4517
4676
4518
4677
4519
4678
4520
4679
4521
4680
4522
4681
4523
4682
4524
4683
4525
4684
4526
4685
4527
4686
4528
4687
4529
4688
4530
4689
4531
4690
4532
4691
4533
4692
4534
4693
4535
4694
4536
4695
4537
4696
4538
4697
4539
4698
4540
4699
4541
4700
4542
4701
4543
4702
4544
4703
4545
4704
4546
4705
4547
4706
4548
4707
4549
4708
4550
4709
4551
4710
4552
4711
4553
4712
4554
4713
4555
4714
4556
4715
4557
4716
4558
4717
4559
4718
4560
4719
4561
4720
4562
4721
4563
4722
4564
4723
4565
4724
4566
4725
4567
4726
4568
4727
4569
4728
4570
4729
4571
4730
4572
4731
4573
4732
4574
4733
4575
4734
4576
4735
4577
4736
4578
4737
4579
4738
4580
4739
4581
4740
4582
4741
4583
4742
4584
4743
4585
4744
4586
4745
4587
4746
4588
4747
4589
4748
4590
4749
4591
4750
4592
4751
4593
4752
4594
4753
4595
4754
4596
4755
4597
4756
4598
4757
4599
4758
4600
4759
4601
4760
4602
4761
4603
4762
4604
4763
4605
4764
4606
4765
4607
4766
4608
4767
4609
4768
4610
4769
4611
4770
4612
4771
4613
4772
4614
4773
4615
4774
4616
4775
4617
4776
4618
4777
4619
4778
4620
4779
4621
4780
4622
4781
4623
4782
4624
4783
4625
4784
4626
4785
4627
4786
4628
4787
4629
4788
4630
4789
4631
4790
4632
4791
4633
4792
4634
4793
4635
4794
4636
4795
4637
4796
4638
4797
4639
4640
4798
4640
4641
4800
4642
4801
4643
4802
4644
4803
4645
4804
4646
4805
4647
4806
4648
4807
4649
4808
4650
4809
4651
4810
4652
4811
4653
4812
4654
4813
4655
4814
4656
4815
4657
4816
4658
4817
4659
4818
4660
4819
4661
4820
4662
4821
4663
4822
4664
4823
4665
4824
4666
4825
4667
4826
4668
4827
4669
4828
4670
4829
4671
4830
4672
4831
4673
4832
4674
4833
4675
4834
4676
4835
4677
4836
4678
4837
4679
4838
4680
4839
4681
4840
4682
4841
4683
4842
4684
4843
4685
4844
4686
4845
4687
4846
4688
4847
4689
4848
4690
4849
4691
4850
4692
4851
4693
4852
4694
4853
4695
4854
4696
4855
4697
4856
4698
4857
4699
4858
4700
4859
4701
4860
4702
4861
4703
4862
4704
4863
4705
4864
4706
4865
4707
4866
4708
4867
4709
4868
4710
4869
4711
4870
4712
4871
4713
4872
4714
4873
4715
4874
4716
4875
4717
4876
4718
4877
4719
4878
4720
4879
4721
4880
4722
4881
4723
4882
4724
4883
4725
4884
4726
4885
4727
4886
4728
4887
4729
4888
4730
4889
4731
4890
4732
4891
4733
4892
4734
4893
4735
4894
4736
4895
4737
4896
4738
4897
4739
4898
4740
4899
4741
4900
4742
4901
4743
4902
4744
4903
4745
4904
4746
4905
4747
4906
4748
4907
4749
4908
4750
4909
4751
4910
4752
4911
4753
4912
4754
4913
4755
4914
4756
4915
4757
4916
4758
4917
4759
4918
4760
4919
4761
4920
4762
4921
4763
4922
4764
4923
4765
4924
4766
4925
4767
4926
4768
4927
4769
4928
4770
4929
4771
4930
4772
4931
4773
4932
4774
4933
4775
4934
4776
4935
4777
4936
4778
4937
4779
4938
4780
4939
4781
4940
4782
4941
4783
4942
4784
4943
4785
4944
4786
4945
4787
4946
4788
4947
4789
4948
4790
4949
4791
4950
4792
4951
4793
4952
4794
4953
4795
4954
4796
4955
4797
4956
4798
4957
4799
4800
4958
4800
4801
4960
4802
4961
4803
4962
4804
4963
4805
4964
4806
4965
4807
4966
4808
4967
4809
4968
4810
4969
4811
4970
4812
4971
4813
4972
4814
4973
4815
4974
4816
4975
4817
4976
4818
4977
4819
4978
4820
4979
4821
4980
4822
4981
4823
4982
4824
4983
4825
4984
4826
4985
4827
4986
4828
4987
4829
4988
4830
4989
4831
4990
4832
4991
4833
4992
4834
4993
4835
4994
4836
4995
4837
4996
4838
4997
4839
4998
4840
4999
4841
5000
4842
5001
4843
5002
4844
5003
4845
5004
4846
5005
4847
5006
4848
5007
4849
5008
4850
5009
4851
5010
4852
5011
4853
5012
4854
5013
4855
5014
4856
5015
4857
5016
4858
5017
4859
5018
4860
5019
4861
5020
4862
5021
4863
5022
4864
5023
4865
5024
4866
5025
4867
5026
4868
5027
4869
5028
4870
5029
4871
5030
4872
5031
4873
5032
4874
5033
4875
5034
4876
5035
4877
5036
4878
5037
4879
5038
4880
5039
4881
5040
4882
5041
4883
5042
4884
5043
4885
5044
4886
5045
4887
5046
4888
5047
4889
5048
4890
5049
4891
5050
4892
5051
4893
5052
4894
5053
4895
5054
4896
5055
4897
5056
4898
5057
4899
5058
4900
5059
4901
5060
4902
5061
4903
5062
4904
5063
4905
5064
4906
5065
4907
5066
4908
5067
4909
5068
4910
5069
4911
5070
4912
5071
4913
5072
4914
5073
4915
5074
4916
5075
4917
5076
4918
5077
4919
5078
4920
5079
4921
5080
4922
5081
4923
5082
4924
5083
4925
5084
4926
5085
4927
5086
4928
5087
4929
5088
4930
5089
4931
5090
4932
5091
4933
5092
4934
5093
4935
5094
4936
5095
4937
5096
4938
5097
4939
5098
4940
5099
4941
5100
4942
5101
4943
5102
4944
5103
4945
5104
4946
5105
4947
5106
4948
5107
4949
5108
4950
5109
4951
5110
4952
5111
4953
5112
4954
5113
4955
5114
4956
5115
4957
5116
4958
5117
4959
4960
5118
4960
4961
5120
4962
5121
4963
5122
4964
5123
4965
5124
4966
5125
4967
5126
4968
5127
4969
5128
4970
5129
4971
5130
4972
5131
4973
5132
4974
5133
4975
5134
4976
5135
4977
5136
4978
5137
4979
5138
4980
5139
4981
5140
4982
5141
4983
5142
4984
5143
4985
5144
4986
5145
4987
5146
4988
5147
4989
5148
4990
5149
4991
5150
4992
5151
4993
5152
4994
5153
4995
5154
4996
5155
4997
5156
4998
5157
4999
5158
5000
5159
5001
5160
5002
5161
5003
5162
5004
5163
5005
5164
5006
5165
5007
5166
5008
5167
5009
5168
5010
5169
5011
5170
5012
5171
5013
5172
5014
5173
5015
5174
5016
5175
5017
5176
5018
5177
5019
5178
5020
5179
5021
5180
5022
5181
5023
5182
5024
5183
5025
5184
5026
5185
5027
5186
5028
5187
5029
5188
5030
5189
5031
5190
5032
5191
5033
5192
5034
5193
5035
5194
5036
5195
5037
5196
5038
5197
5039
5198
5040
5199
5041
5200
5042
5201
5043
5202
5044
5203
5045
5204
5046
5205
5047
5206
5048
5207
5049
5208
5050
5209
5051
5210
5052
5211
5053
5212
5054
5213
5055
5214
5056
5215
5057
5216
5058
5217
5059
5218
5060
5219
5061
5220
5062
5221
5063
5222
5064
5223
5065
5224
5066
5225
5067
5226
5068
5227
5069
5228
5070
5229
5071
5230
5072
5231
5073
5232
5074
5233
5075
5234
5076
5235
5077
5236
5078
5237
5079
5238
5080
5239
5081
5240
5082
5241
5083
5242
5084
5243
5085
5244
5086
5245
5087
5246
5088
5247
5089
5248
5090
5249
5091
5250
5092
5251
5093
5252
5094
5253
5095
5254
5096
5255
5097
5256
5098
5257
5099
5258
5100
5259
5101
5260
5102
5261
5103
5262
5104
5263
5105
5264
5106
5265
5107
5266
5108
5267
5109
5268
5110
5269
5111
5270
5112
5271
5113
5272
5114
5273
5115
5274
5116
5275
5117
5276
5118
5277
5119
5120
5278
5120
5121
5280
5122
5281
5123
5282
5124
5283
5125
5284
5126
5285
5127
5286
5128
5287
5129
5288
5130
5289
5131
5290
5132
5291
5133
5292
5134
5293
5135
5294
5136
5295
5137
5296
5138
5297
5139
5298
5140
5299
5141
5300
5142
5301
5143
5302
5144
5303
5145
5304
5146
5305
5147
5306
5148
5307
5149
5308
5150
5309
5151
5310
5152
5311
5153
5312
5154
5313
5155
5314
5156
5315
5157
5316
5158
5317
5159
5318
5160
5319
5161
5320
5162
5321
5163
5322
5164
5323
5165
5324
5166
5325
5167
5326
5168
5327
5169
5328
5170
5329
5171
5330
5172
5331
5173
5332
5174
5333
5175
5334
5176
5335
5177
5336
5178
5337
5179
5338
5180
5339
5181
5340
5182
5341
5183
5342
5184
5343
5185
5344
5186
5345
5187
5346
5188
5347
5189
5348
5190
5349
5191
5350
5192
5351
5193
5352
5194
5353
5195
5354
5196
5355
5197
5356
5198
5357
5199
5358
5200
5359
5201
5360
5202
5361
5203
5362
5204
5363
5205
5364
5206
5365
5207
5366
5208
5367
5209
5368
5210
5369
5211
5370
5212
5371
5213
5372
5214
5373
5215
5374
5216
5375
5217
5376
5218
5377
5219
5378
5220
5379
5221
5380
5222
5381
5223
5382
5224
5383
5225
5384
5226
5385
5227
5386
5228
5387
5229
5388
5230
5389
5231
5390
5232
5391
5233
5392
5234
5393
5235
5394
5236
5395
5237
5396
5238
5397
5239
5398
5240
5399
5241
5400
5242
5401
5243
5402
5244
5403
5245
5404
5246
5405
5247
5406
5248
5407
5249
5408
5250
5409
5251
5410
5252
5411
5253
5412
5254
5413
5255
5414
5256
5415
5257
5416
5258
5417
5259
5418
5260
5419
5261
5420
5262
5421
5263
5422
5264
5423
5265
5424
5266
5425
5267
5426
5268
5427
5269
5428
5270
5429
5271
5430
5272
5431
5273
5432
5274
5433
5275
5434
5276
5435
5277
5436
5278
5437
5279
5280
5438
5280
5281
5440
5282
5441
5283
5442
5284
5443
5285
5444
5286
5445
5287
5446
5288
5447
5289
5448
5290
5449
5291
5450
5292
5451
5293
5452
5294
5453
5295
5454
5296
5455
5297
5456
5298
5457
5299
5458
5300
5459
5301
5460
5302
5461
5303
5462
5304
5463
5305
5464
5306
5465
5307
5466
5308
5467
5309
5468
5310
5469
5311
5470
5312
5471
5313
5472
5314
5473
5315
5474
5316
5475
5317
5476
5318
5477
5319
5478
5320
5479
5321
5480
5322
5481
5323
5482
5324
5483
5325
5484
5326
5485
5327
5486
5328
5487
5329
5488
5330
5489
5331
5490
5332
5491
5333
5492
5334
5493
5335
5494
5336
5495
5337
5496
5338
5497
5339
5498
5340
5499
5341
5500
5342
5501
5343
5502
5344
5503
5345
5504
5346
5505
5347
5506
5348
5507
5349
5508
5350
5509
5351
5510
5352
5511
5353
5512
5354
5513
5355
5514
5356
5515
5357
5516
5358
5517
5359
5518
5360
5519
5361
5520
5362
5521
5363
5522
5364
5523
5365
5524
5366
5525
5367
5526
5368
5527
5369
5528
5370
5529
5371
5530
5372
5531
5373
5532
5374
5533
5375
5534
5376
5535
5377
5536
5378
5537
5379
5538
5380
5539
5381
5540
5382
5541
5383
5542
5384
5543
5385
5544
5386
5545
5387
5546
5388
5547
5389
5548
5390
5549
5391
5550
5392
5551
5393
5552
5394
5553
5395
5554
5396
5555
5397
5556
5398
5557
5399
5558
5400
5559
5401
5560
5402
5561
5403
5562
5404
5563
5405
5564
5406
5565
5407
5566
5408
5567
5409
5568
5410
5569
5411
5570
5412
5571
5413
5572
5414
5573
5415
5574
5416
5575
5417
5576
5418
5577
5419
5578
5420
5579
5421
5580
5422
5581
5423
5582
5424
5583
5425
5584
5426
5585
5427
5586
5428
5587
5429
5588
5430
5589
5431
5590
5432
5591
5433
5592
5434
5593
5435
5594
5436
5595
5437
5596
5438
5597
5439
5440
5598
5440
5441
5600
5442
5601
5443
5602
5444
5603
5445
5604
5446
5605
5447
5606
5448
5607
5449
5608
5450
5609
5451
5610
5452
5611
5453
5612
5454
5613
5455
5614
5456
5615
5457
5616
5458
5617
5459
5618
5460
5619
5461
5620
5462
5621
5463
5622
5464
5623
5465
5624
5466
5625
5467
5626
5468
5627
5469
5628
5470
5629
5471
5630
5472
5631
5473
5632
5474
5633
5475
5634
5476
5635
5477
5636
5478
5637
5479
5638
5480
5639
5481
5640
5482
5641
5483
5642
5484
5643
5485
5644
5486
5645
5487
5646
5488
5647
5489
5648
5490
5649
5491
5650
5492
5651
5493
5652
5494
5653
5495
5654
5496
5655
5497
5656
5498
5657
5499
5658
5500
5659
5501
5660
5502
5661
5503
5662
5504
5663
5505
5664
5506
5665
5507
5666
5508
5667
5509
5668
5510
5669
5511
5670
5512
5671
5513
5672
5514
5673
5515
5674
5516
5675
5517
5676
5518
5677
5519
5678
5520
5679
5521
5680
5522
5681
5523
5682
5524
5683
5525
5684
5526
5685
5527
5686
5528
5687
5529
5688
5530
5689
5531
5690
5532
5691
5533
5692
5534
5693
5535
5694
5536
5695
5537
5696
5538
5697
5539
5698
5540
5699
5541
5700
5542
5701
5543
5702
5544
5703
5545
5704
5546
5705
5547
5706
5548
5707
5549
5708
5550
5709
5551
5710
5552
5711
5553
5712
5554
5713
5555
5714
5556
5715
5557
5716
5558
5717
5559
5718
5560
5719
5561
5720
5562
5721
5563
5722
5564
5723
5565
5724
5566
5725
5567
5726
5568
5727
5569
5728
5570
5729
5571
5730
5572
5731
5573
5732
5574
5733
5575
5734
5576
5735
5577
5736
5578
5737
5579
5738
5580
5739
5581
5740
5582
5741
5583
5742
5584
5743
5585
5744
5586
5745
5587
5746
5588
5747
5589
5748
5590
5749
5591
5750
5592
5751
5593
5752
5594
5753
5595
5754
5596
5755
5597
5756
5598
5757
5599
5600
5758
5600
5601
5760
5602
5761
5603
5762
5604
5763
5605
5764
5606
5765
5607
5766
5608
5767
5609
5768
5610
5769
5611
5770
5612
5771
5613
5772
5614
5773
5615
5774
5616
5775
5617
5776
5618
5777
5619
5778
5620
5779
5621
5780
5622
5781
5623
5782
5624
5783
5625
5784
5626
5785
5627
5786
5628
5787
5629
5788
5630
5789
5631
5790
5632
5791
5633
5792
5634
5793
5635
5794
5636
5795
5637
5796
5638
5797
5639
5798
5640
5799
5641
5800
5642
5801
5643
5802
5644
5803
5645
5804
5646
5805
5647
5806
5648
5807
5649
5808
5650
5809
5651
5810
5652
5811
5653
5812
5654
5813
5655
5814
5656
5815
5657
5816
5658
5817
5659
5818
5660
5819
5661
5820
5662
5821
5663
5822
5664
5823
5665
5824
5666
5825
5667
5826
5668
5827
5669
5828
5670
5829
5671
5830
5672
5831
5673
5832
5674
5833
5675
5834
5676
5835
5677
5836
5678
5837
5679
5838
5680
5839
5681
5840
5682
5841
5683
5842
5684
5843
5685
5844
5686
5845
5687
5846
5688
5847
5689
5848
5690
5849
5691
5850
5692
5851
5693
5852
5694
5853
5695
5854
5696
5855
5697
5856
5698
5857
5699
5858
5700
5859
5701
5860
5702
5861
5703
5862
5704
5863
5705
5864
5706
5865
5707
5866
5708
5867
5709
5868
5710
5869
5711
5870
5712
5871
5713
5872
5714
5873
5715
5874
5716
5875
5717
5876
5718
5877
5719
5878
5720
5879
5721
5880
5722
5881
5723
5882
5724
5883
5725
5884
5726
5885
5727
5886
5728
5887
5729
5888
5730
5889
5731
5890
5732
5891
5733
5892
5734
5893
5735
5894
5736
5895
5737
5896
5738
5897
5739
5898
5740
5899
5741
5900
5742
5901
5743
5902
5744
5903
5745
5904
5746
5905
5747
5906
5748
5907
5749
5908
5750
5909
5751
5910
5752
5911
5753
5912
5754
5913
5755
5914
5756
5915
5757
5916
5758
5917
5759
5760
5918
5760
5761
5920
5762
5921
5763
5922
5764
5923
5765
5924
5766
5925
5767
5926
5768
5927
5769
5928
5770
5929
5771
5930
5772
5931
5773
5932
5774
5933
5775
5934
5776
5935
5777
5936
5778
5937
5779
5938
5780
5939
5781
5940
5782
5941
5783
5942
5784
5943
5785
5944
5786
5945
5787
5946
5788
5947
5789
5948
5790
5949
5791
5950
5792
5951
5793
5952
5794
5953
5795
5954
5796
5955
5797
5956
5798
5957
5799
5958
5800
5959
5801
5960
5802
5961
5803
5962
5804
5963
5805
5964
5806
5965
5807
5966
5808
5967
5809
5968
5810
5969
5811
5970
5812
5971
5813
5972
5814
5973
5815
5974
5816
5975
5817
5976
5818
5977
5819
5978
5820
5979
5821
5980
5822
5981
5823
5982
5824
5983
5825
5984
5826
5985
5827
5986
5828
5987
5829
5988
5830
5989
5831
5990
5832
5991
5833
5992
5834
5993
5835
5994
5836
5995
5837
5996
5838
5997
5839
5998
5840
5999
5841
6000
5842
6001
5843
6002
5844
6003
5845
6004
5846
6005
5847
6006
5848
6007
5849
6008
5850
6009
5851
6010
5852
6011
5853
6012
5854
6013
5855
6014
5856
6015
5857
6016
5858
6017
5859
6018
5860
6019
5861
6020
5862
6021
5863
6022
5864
6023
5865
6024
5866
6025
5867
6026
5868
6027
5869
6028
5870
6029
5871
6030
5872
6031
5873
6032
5874
6033
5875
6034
5876
6035
5877
6036
5878
6037
5879
6038
5880
6039
5881
6040
5882
6041
5883
6042
5884
6043
5885
6044
5886
6045
5887
6046
5888
6047
5889
6048
5890
6049
5891
6050
5892
6051
5893
6052
5894
6053
5895
6054
5896
6055
5897
6056
5898
6057
5899
6058
5900
6059
5901
6060
5902
6061
5903
6062
5904
6063
5905
6064
5906
6065
5907
6066
5908
6067
5909
6068
5910
6069
5911
6070
5912
6071
5913
6072
5914
6073
5915
6074
5916
6075
5917
6076
5918
6077
5919
5920
6078
5920
5921
6080
5922
6081
5923
6082
5924
6083
5925
6084
5926
6085
5927
6086
5928
6087
5929
6088
5930
6089
5931
6090
5932
6091
5933
6092
5934
6093
5935
6094
5936
6095
5937
6096
5938
6097
5939
6098
5940
6099
5941
6100
5942
6101
5943
6102
5944
6103
5945
6104
5946
6105
5947
6106
5948
6107
5949
6108
5950
6109
5951
6110
5952
6111
5953
6112
5954
6113
5955
6114
5956
6115
5957
6116
5958
6117
5959
6118
5960
6119
5961
6120
5962
6121
5963
6122
5964
6123
5965
6124
5966
6125
5967
6126
5968
6127
5969
6128
5970
6129
5971
6130
5972
6131
5973
6132
5974
6133
5975
6134
5976
6135
5977
6136
5978
6137
5979
6138
5980
6139
5981
6140
5982
6141
5983
6142
5984
6143
5985
6144
5986
6145
5987
6146
5988
6147
5989
6148
5990
6149
5991
6150
5992
6151
5993
6152
5994
6153
5995
6154
5996
6155
5997
6156
5998
6157
5999
6158
6000
6159
6001
6160
6002
6161
6003
6162
6004
6163
6005
6164
6006
6165
6007
6166
6008
6167
6009
6168
6010
6169
6011
6170
6012
6171
6013
6172
6014
6173
6015
6174
6016
6175
6017
6176
6018
6177
6019
6178
6020
6179
6021
6180
6022
6181
6023
6182
6024
6183
6025
6184
6026
6185
6027
6186
6028
6187
6029
6188
6030
6189
6031
6190
6032
6191
6033
6192
6034
6193
6035
6194
6036
6195
6037
6196
6038
6197
6039
6198
6040
6199
6041
6200
6042
6201
6043
6202
6044
6203
6045
6204
6046
6205
6047
6206
6048
6207
6049
6208
6050
6209
6051
6210
6052
6211
6053
6212
6054
6213
6055
6214
6056
6215
6057
6216
6058
6217
6059
6218
6060
6219
6061
6220
6062
6221
6063
6222
6064
6223
6065
6224
6066
6225
6067
6226
6068
6227
6069
6228
6070
6229
6071
6230
6072
6231
6073
6232
6074
6233
6075
6234
6076
6235
6077
6236
6078
6237
6079
6080
6238
6080
6081
6240
6082
6241
6083
6242
6084
6243
6085
6244
6086
6245
6087
6246
6088
6247
6089
6248
6090
6249
6091
6250
6092
6251
6093
6252
6094
6253
6095
6254
6096
6255
6097
6256
6098
6257
6099
6258
6100
6259
6101
6260
6102
6261
6103
6262
6104
6263
6105
6264
6106
6265
6107
6266
6108
6267
6109
6268
6110
6269
6111
6270
6112
6271
6113
6272
6114
6273
6115
6274
6116
6275
6117
6276
6118
6277
6119
6278
6120
6279
6121
6280
6122
6281
6123
6282
6124
6283
6125
6284
6126
6285
6127
6286
6128
6287
6129
6288
6130
6289
6131
6290
6132
6291
6133
6292
6134
6293
6135
6294
6136
6295
6137
6296
6138
6297
6139
6298
6140
6299
6141
6300
6142
6301
6143
6302
6144
6303
6145
6304
6146
6305
6147
6306
6148
6307
6149
6308
6150
6309
6151
6310
6152
6311
6153
6312
6154
6313
6155
6314
6156
6315
6157
6316
6158
6317
6159
6318
6160
6319
6161
6320
6162
6321
6163
6322
6164
6323
6165
6324
6166
6325
6167
6326
6168
6327
6169
6328
6170
6329
6171
6330
6172
6331
6173
6332
6174
6333
6175
6334
6176
6335
6177
6336
6178
6337
6179
6338
6180
6339
6181
6340
6182
6341
6183
6342
6184
6343
6185
6344
6186
6345
6187
6346
6188
6347
6189
6348
6190
6349
6191
6350
6192
6351
6193
6352
6194
6353
6195
6354
6196
6355
6197
6356
6198
6357
6199
6358
6200
6359
6201
6360
6202
6361
6203
6362
6204
6363
6205
6364
6206
6365
6207
6366
6208
6367
6209
6368
6210
6369
6211
6370
6212
6371
6213
6372
6214
6373
6215
6374
6216
6375
6217
6376
6218
6377
6219
6378
6220
6379
6221
6380
6222
6381
6223
6382
6224
6383
6225
6384
6226
6385
6227
6386
6228
6387
6229
6388
6230
6389
6231
6390
6232
6391
6233
6392
6234
6393
6235
6394
6236
6395
6237
6396
6238
6397
6239
6240
6398
6400
6401
6402
6403
6404
6405
6406
6407
6408
6409
6410
6411
6412
6413
6414
6415
6416
6417
6418
6419
6420
6421
6422
6423
6424
6425
6426
6427
6428
6429
6430
6431
6432
6433
6434
6435
6436
6437
6438
6439
6440
6441
6442
6443
6444
6445
6446
6447
6448
6449
6450
6451
6452
6453
6454
6455
6456
6457
6458
6459
6460
6461
6462
6463
6464
6465
6466
6467
6468
6469
6470
6471
6472
6473
6474
6475
6476
6477
6478
6479
6480
6481
6482
6483
6484
6485
6486
6487
6488
6489
6490
6491
6492
6493
6494
6495
6496
6497
6498
6499
6500
6501
6502
6503
6504
6505
6506
6507
6508
6509
6510
6511
6512
6513
6514
6515
6516
6517
6518
6519
6520
6521
6522
6523
6524
6525
6526
6527
6528
6529
6530
6531
6532
6533
6534
6535
6536
6537
6538
6539
6540
6541
6542
6543
6544
6545
6546
6547
6548
6549
6550
6551
6552
6553
6554
6555
6556
6557
6400
6558
6400
6401
6560
6402
6561
6403
6562
6404
6563
6405
6564
6406
6565
6407
6566
6408
6567
6409
6568
6410
6569
6411
6570
6412
6571
6413
6572
6414
6573
6415
6574
6416
6575
6417
6576
6418
6577
6419
6578
6420
6579
6421
6580
6422
6581
6423
6582
6424
6583
6425
6584
6426
6585
6427
6586
6428
6587
6429
6588
6430
6589
6431
6590
6432
6591
6433
6592
6434
6593
6435
6594
6436
6595
6437
6596
6438
6597
6439
6598
6440
6599
6441
6600
6442
6601
6443
6602
6444
6603
6445
6604
6446
6605
6447
6606
6448
6607
6449
6608
6450
6609
6451
6610
6452
6611
6453
6612
6454
6613
6455
6614
6456
6615
6457
6616
6458
6617
6459
6618
6460
6619
6461
6620
6462
6621
6463
6622
6464
6623
6465
6624
6466
6625
6467
6626
6468
6627
6469
6628
6470
6629
6471
6630
6472
6631
6473
6632
6474
6633
6475
6634
6476
6635
6477
6636
6478
6637
6479
6638
6480
6639
6481
6640
6482
6641
6483
6642
6484
6643
6485
6644
6486
6645
6487
6646
6488
6647
6489
6648
6490
6649
6491
6650
6492
6651
6493
6652
6494
6653
6495
6654
6496
6655
6497
6656
6498
6657
6499
6658
6500
6659
6501
6660
6502
6661
6503
6662
6504
6663
6505
6664
6506
6665
6507
6666
6508
6667
6509
6668
6510
6669
6511
6670
6512
6671
6513
6672
6514
6673
6515
6674
6516
6675
6517
6676
6518
6677
6519
6678
6520
6679
6521
6680
6522
6681
6523
6682
6524
6683
6525
6684
6526
6685
6527
6686
6528
6687
6529
6688
6530
6689
6531
6690
6532
6691
6533
6692
6534
6693
6535
6694
6536
6695
6537
6696
6538
6697
6539
6698
6540
6699
6541
6700
6542
6701
6543
6702
6544
6703
6545
6704
6546
6705
6547
6706
6548
6707
6549
6708
6550
6709
6551
6710
6552
6711
6553
6712
6554
6713
6555
6714
6556
6715
6557
6716
6558
6717
6559
6560
6718
6560
6561
6720
6562
6721
6563
6722
6564
6723
6565
6724
6566
6725
6567
6726
6568
6727
6569
6728
6570
6729
6571
6730
6572
6731
6573
6732
6574
6733
6575
6734
6576
6735
6577
6736
6578
6737
6579
6738
6580
6739
6581
6740
6582
6741
6583
6742
6584
6743
6585
6744
6586
6745
6587
6746
6588
6747
6589
6748
6590
6749
6591
6750
6592
6751
6593
6752
6594
6753
6595
6754
6596
6755
6597
6756
6598
6757
6599
6758
6600
6759
6601
6760
6602
6761
6603
6762
6604
6763
6605
6764
6606
6765
6607
6766
6608
6767
6609
6768
6610
6769
6611
6770
6612
6771
6613
6772
6614
6773
6615
6774
6616
6775
6617
6776
6618
6777
6619
6778
6620
6779
6621
6780
6622
6781
6623
6782
6624
6783
6625
6784
6626
6785
6627
6786
6628
6787
6629
6788
6630
6789
6631
6790
6632
6791
6633
6792
6634
6793
6635
6794
6636
6795
6637
6796
6638
6797
6639
6798
6640
6799
6641
6800
6642
6801
6643
6802
6644
6803
6645
6804
6646
6805
6647
6806
6648
6807
6649
6808
6650
6809
6651
6810
6652
6811
6653
6812
6654
6813
6655
6814
6656
6815
6657
6816
6658
6817
6659
6818
6660
6819
6661
6820
6662
6821
6663
6822
6664
6823
6665
6824
6666
6825
6667
6826
6668
6827
6669
6828
6670
6829
6671
6830
6672
6831
6673
6832
6674
6833
6675
6834
6676
6835
6677
6836
6678
6837
6679
6838
6680
6839
6681
6840
6682
6841
6683
6842
6684
6843
6685
6844
6686
6845
6687
6846
6688
6847
6689
6848
6690
6849
6691
6850
6692
6851
6693
6852
6694
6853
6695
6854
6696
6855
6697
6856
6698
6857
6699
6858
6700
6859
6701
6860
6702
6861
6703
6862
6704
6863
6705
6864
6706
6865
6707
6866
6708
6867
6709
6868
6710
6869
6711
6870
6712
6871
6713
6872
6714
6873
6715
6874
6716
6875
6717
6876
6718
6877
6719
6720
6878
6720
6721
6880
6722
6881
6723
6882
6724
6883
6725
6884
6726
6885
6727
6886
6728
6887
6729
6888
6730
6889
6731
6890
6732
6891
6733
6892
6734
6893
6735
6894
6736
6895
6737
6896
6738
6897
6739
6898
6740
6899
6741
6900
6742
6901
6743
6902
6744
6903
6745
6904
6746
6905
6747
6906
6748
6907
6749
6908
6750
6909
6751
6910
6752
6911
6753
6912
6754
6913
6755
6914
6756
6915
6757
6916
6758
6917
6759
6918
6760
6919
6761
6920
6762
6921
6763
6922
6764
6923
6765
6924
6766
6925
6767
6926
6768
6927
6769
6928
6770
6929
6771
6930
6772
6931
6773
6932
6774
6933
6775
6934
6776
6935
6777
6936
6778
6937
6779
6938
6780
6939
6781
6940
6782
6941
6783
6942
6784
6943
6785
6944
6786
6945
6787
6946
6788
6947
6789
6948
6790
6949
6791
6950
6792
6951
6793
6952
6794
6953
6795
6954
6796
6955
6797
6956
6798
6957
6799
6958
6800
6959
6801
6960
6802
6961
6803
6962
6804
6963
6805
6964
6806
6965
6807
6966
6808
6967
6809
6968
6810
6969
6811
6970
6812
6971
6813
6972
6814
6973
6815
6974
6816
6975
6817
6976
6818
6977
6819
6978
6820
6979
6821
6980
6822
6981
6823
6982
6824
6983
6825
6984
6826
6985
6827
6986
6828
6987
6829
6988
6830
6989
6831
6990
6832
6991
6833
6992
6834
6993
6835
6994
6836
6995
6837
6996
6838
6997
6839
6998
6840
6999
6841
7000
6842
7001
6843
7002
6844
7003
6845
7004
6846
7005
6847
7006
6848
7007
6849
7008
6850
7009
6851
7010
6852
7011
6853
7012
6854
7013
6855
7014
6856
7015
6857
7016
6858
7017
6859
7018
6860
7019
6861
7020
6862
7021
6863
7022
6864
7023
6865
7024
6866
7025
6867
7026
6868
7027
6869
7028
6870
7029
6871
7030
6872
7031
6873
7032
6874
7033
6875
7034
6876
7035
6877
7036
6878
7037
6879
6880
7038
6880
6881
7040
6882
7041
6883
7042
6884
7043
6885
7044
6886
7045
6887
7046
6888
7047
6889
7048
6890
7049
6891
7050
6892
7051
6893
7052
6894
7053
6895
7054
6896
7055
6897
7056
6898
7057
6899
7058
6900
7059
6901
7060
6902
7061
6903
7062
6904
7063
6905
7064
6906
7065
6907
7066
6908
7067
6909
7068
6910
7069
6911
7070
6912
7071
6913
7072
6914
7073
6915
7074
6916
7075
6917
7076
6918
7077
6919
7078
6920
7079
6921
7080
6922
7081
6923
7082
6924
7083
6925
7084
6926
7085
6927
7086
6928
7087
6929
7088
6930
7089
6931
7090
6932
7091
6933
7092
6934
7093
6935
7094
6936
7095
6937
7096
6938
7097
6939
7098
6940
7099
6941
7100
6942
7101
6943
7102
6944
7103
6945
7104
6946
7105
6947
7106
6948
7107
6949
7108
6950
7109
6951
7110
6952
7111
6953
7112
6954
7113
6955
7114
6956
7115
6957
7116
6958
7117
6959
7118
6960
7119
6961
7120
6962
7121
6963
7122
6964
7123
6965
7124
6966
7125
6967
7126
6968
7127
6969
7128
6970
7129
6971
7130
6972
7131
6973
7132
6974
7133
6975
7134
6976
7135
6977
7136
6978
7137
6979
7138
6980
7139
6981
7140
6982
7141
6983
7142
6984
7143
6985
7144
6986
7145
6987
7146
6988
7147
6989
7148
6990
7149
6991
7150
6992
7151
6993
7152
6994
7153
6995
7154
6996
7155
6997
7156
6998
7157
6999
7158
7000
7159
7001
7160
7002
7161
7003
7162
7004
7163
7005
7164
7006
7165
7007
7166
7008
7167
7009
7168
7010
7169
7011
7170
7012
7171
7013
7172
7014
7173
7015
7174
7016
7175
7017
7176
7018
7177
7019
7178
7020
7179
7021
7180
7022
7181
7023
7182
7024
7183
7025
7184
7026
7185
7027
7186
7028
7187
7029
7188
7030
7189
7031
7190
7032
7191
7033
7192
7034
7193
7035
7194
7036
7195
7037
7196
7038
7197
7039
7040
7198
7040
7041
7200
7042
7201
7043
7202
7044
7203
7045
7204
7046
7205
7047
7206
7048
7207
7049
7208
7050
7209
7051
7210
7052
7211
7053
7212
7054
7213
7055
7214
7056
7215
7057
7216
7058
7217
7059
7218
7060
7219
7061
7220
7062
7221
7063
7222
7064
7223
7065
7224
7066
7225
7067
7226
7068
7227
7069
7228
7070
7229
7071
7230
7072
7231
7073
7232
7074
7233
7075
7234
7076
7235
7077
7236
7078
7237
7079
7238
7080
7239
7081
7240
7082
7241
7083
7242
7084
7243
7085
7244
7086
7245
7087
7246
7088
7247
7089
7248
7090
7249
7091
7250
7092
7251
7093
7252
7094
7253
7095
7254
7096
7255
7097
7256
7098
7257
7099
7258
7100
7259
7101
7260
7102
7261
7103
7262
7104
7263
7105
7264
7106
7265
7107
7266
7108
7267
7109
7268
7110
7269
7111
7270
7112
7271
7113
7272
7114
7273
7115
7274
7116
7275
7117
7276
7118
7277
7119
7278
7120
7279
7121
7280
7122
7281
7123
7282
7124
7283
7125
7284
7126
7285
7127
7286
7128
7287
7129
7288
7130
7289
7131
7290
7132
7291
7133
7292
7134
7293
7135
7294
7136
7295
7137
7296
7138
7297
7139
7298
7140
7299
7141
7300
7142
7301
7143
7302
7144
7303
7145
7304
7146
7305
7147
7306
7148
7307
7149
7308
7150
7309
7151
7310
7152
7311
7153
7312
7154
7313
7155
7314
7156
7315
7157
7316
7158
7317
7159
7318
7160
7319
7161
7320
7162
7321
7163
7322
7164
7323
7165
7324
7166
7325
7167
7326
7168
7327
7169
7328
7170
7329
7171
7330
7172
7331
7173
7332
7174
7333
7175
7334
7176
7335
7177
7336
7178
7337
7179
7338
7180
7339
7181
7340
7182
7341
7183
7342
7184
7343
7185
7344
7186
7345
7187
7346
7188
7347
7189
7348
7190
7349
7191
7350
7192
7351
7193
7352
7194
7353
7195
7354
7196
7355
7197
7356
7198
7357
7199
7200
7358
7200
7201
7360
7202
7361
7203
7362
7204
7363
7205
7364
7206
7365
7207
7366
7208
7367
7209
7368
7210
7369
7211
7370
7212
7371
7213
7372
7214
7373
7215
7374
7216
7375
7217
7376
7218
7377
7219
7378
7220
7379
7221
7380
7222
7381
7223
7382
7224
7383
7225
7384
7226
7385
7227
7386
7228
7387
7229
7388
7230
7389
7231
7390
7232
7391
7233
7392
7234
7393
7235
7394
7236
7395
7237
7396
7238
7397
7239
7398
7240
7399
7241
7400
7242
7401
7243
7402
7244
7403
7245
7404
7246
7405
7247
7406
7248
7407
7249
7408
7250
7409
7251
7410
7252
7411
7253
7412
7254
7413
7255
7414
7256
7415
7257
7416
7258
7417
7259
7418
7260
7419
7261
7420
7262
7421
7263
7422
7264
7423
7265
7424
7266
7425
7267
7426
7268
7427
7269
7428
7270
7429
7271
7430
7272
7431
7273
7432
7274
7433
7275
7434
7276
7435
7277
7436
7278
7437
7279
7438
7280
7439
7281
7440
7282
7441
7283
7442
7284
7443
7285
7444
7286
7445
7287
7446
7288
7447
7289
7448
7290
7449
7291
7450
7292
7451
7293
7452
7294
7453
7295
7454
7296
7455
7297
7456
7298
7457
7299
7458
7300
7459
7301
7460
7302
7461
7303
7462
7304
7463
7305
7464
7306
7465
7307
7466
7308
7467
7309
7468
7310
7469
7311
7470
7312
7471
7313
7472
7314
7473
7315
7474
7316
7475
7317
7476
7318
7477
7319
7478
7320
7479
7321
7480
7322
7481
7323
7482
7324
7483
7325
7484
7326
7485
7327
7486
7328
7487
7329
7488
7330
7489
7331
7490
7332
7491
7333
7492
7334
7493
7335
7494
7336
7495
7337
7496
7338
7497
7339
7498
7340
7499
7341
7500
7342
7501
7343
7502
7344
7503
7345
7504
7346
7505
7347
7506
7348
7507
7349
7508
7350
7509
7351
7510
7352
7511
7353
7512
7354
7513
7355
7514
7356
7515
7357
7516
7358
7517
7359
7360
7518
7360
7361
7520
7362
7521
7363
7522
7364
7523
7365
7524
7366
7525
7367
7526
7368
7527
7369
7528
7370
7529
7371
7530
7372
7531
7373
7532
7374
7533
7375
7534
7376
7535
7377
7536
7378
7537
7379
7538
7380
7539
7381
7540
7382
7541
7383
7542
7384
7543
7385
7544
7386
7545
7387
7546
7388
7547
7389
7548
7390
7549
7391
7550
7392
7551
7393
7552
7394
7553
7395
7554
7396
7555
7397
7556
7398
7557
7399
7558
7400
7559
7401
7560
7402
7561
7403
7562
7404
7563
7405
7564
7406
7565
7407
7566
7408
7567
7409
7568
7410
7569
7411
7570
7412
7571
7413
7572
7414
7573
7415
7574
7416
7575
7417
7576
7418
7577
7419
7578
7420
7579
7421
7580
7422
7581
7423
7582
7424
7583
7425
7584
7426
7585
7427
7586
7428
7587
7429
7588
7430
7589
7431
7590
7432
7591
7433
7592
7434
7593
7435
7594
7436
7595
7437
7596
7438
7597
7439
7598
7440
7599
7441
7600
7442
7601
7443
7602
7444
7603
7445
7604
7446
7605
7447
7606
7448
7607
7449
7608
7450
7609
7451
7610
7452
7611
7453
7612
7454
7613
7455
7614
7456
7615
7457
7616
7458
7617
7459
7618
7460
7619
7461
7620
7462
7621
7463
7622
7464
7623
7465
7624
7466
7625
7467
7626
7468
7627
7469
7628
7470
7629
7471
7630
7472
7631
7473
7632
7474
7633
7475
7634
7476
7635
7477
7636
7478
7637
7479
7638
7480
7639
7481
7640
7482
7641
7483
7642
7484
7643
7485
7644
7486
7645
7487
7646
7488
7647
7489
7648
7490
7649
7491
7650
7492
7651
7493
7652
7494
7653
7495
7654
7496
7655
7497
7656
7498
7657
7499
7658
7500
7659
7501
7660
7502
7661
7503
7662
7504
7663
7505
7664
7506
7665
7507
7666
7508
7667
7509
7668
7510
7669
7511
7670
7512
7671
7513
7672
7514
7673
7515
7674
7516
7675
7517
7676
7518
7677
7519
7520
7678
7520
7521
7680
7522
7681
7523
7682
7524
7683
7525
7684
7526
7685
7527
7686
7528
7687
7529
7688
7530
7689
7531
7690
7532
7691
7533
7692
7534
7693
7535
7694
7536
7695
7537
7696
7538
7697
7539
7698
7540
7699
7541
7700
7542
7701
7543
7702
7544
7703
7545
7704
7546
7705
7547
7706
7548
7707
7549
7708
7550
7709
7551
7710
7552
7711
7553
7712
7554
7713
7555
7714
7556
7715
7557
7716
7558
7717
7559
7718
7560
7719
7561
7720
7562
7721
7563
7722
7564
7723
7565
7724
7566
7725
7567
7726
7568
7727
7569
7728
7570
7729
7571
7730
7572
7731
7573
7732
7574
7733
7575
7734
7576
7735
7577
7736
7578
7737
7579
7738
7580
7739
7581
7740
7582
7741
7583
7742
7584
7743
7585
7744
7586
7745
7587
7746
7588
7747
7589
7748
7590
7749
7591
7750
7592
7751
7593
7752
7594
7753
7595
7754
7596
7755
7597
7756
7598
7757
7599
7758
7600
7759
7601
7760
7602
7761
7603
7762
7604
7763
7605
7764
7606
7765
7607
7766
7608
7767
7609
7768
7610
7769
7611
7770
7612
7771
7613
7772
7614
7773
7615
7774
7616
7775
7617
7776
7618
7777
7619
7778
7620
7779
7621
7780
7622
7781
7623
7782
7624
7783
7625
7784
7626
7785
7627
7786
7628
7787
7629
7788
7630
7789
7631
7790
7632
7791
7633
7792
7634
7793
7635
7794
7636
7795
7637
7796
7638
7797
7639
7798
7640
7799
7641
7800
7642
7801
7643
7802
7644
7803
7645
7804
7646
7805
7647
7806
7648
7807
7649
7808
7650
7809
7651
7810
7652
7811
7653
7812
7654
7813
7655
7814
7656
7815
7657
7816
7658
7817
7659
7818
7660
7819
7661
7820
7662
7821
7663
7822
7664
7823
7665
7824
7666
7825
7667
7826
7668
7827
7669
7828
7670
7829
7671
7830
7672
7831
7673
7832
7674
7833
7675
7834
7676
7835
7677
7836
7678
7837
7679
7680
7838
7680
7681
7840
7682
7841
7683
7842
7684
7843
7685
7844
7686
7845
7687
7846
7688
7847
7689
7848
7690
7849
7691
7850
7692
7851
7693
7852
7694
7853
7695
7854
7696
7855
7697
7856
7698
7857
7699
7858
7700
7859
7701
7860
7702
7861
7703
7862
7704
7863
7705
7864
7706
7865
7707
7866
7708
7867
7709
7868
7710
7869
7711
7870
7712
7871
7713
7872
7714
7873
7715
7874
7716
7875
7717
7876
7718
7877
7719
7878
7720
7879
7721
7880
7722
7881
7723
7882
7724
7883
7725
7884
7726
7885
7727
7886
7728
7887
7729
7888
7730
7889
7731
7890
7732
7891
7733
7892
7734
7893
7735
7894
7736
7895
7737
7896
7738
7897
7739
7898
7740
7899
7741
7900
7742
7901
7743
7902
7744
7903
7745
7904
7746
7905
7747
7906
7748
7907
7749
7908
7750
7909
7751
7910
7752
7911
7753
7912
7754
7913
7755
7914
7756
7915
7757
7916
7758
7917
7759
7918
7760
7919
7761
7920
7762
7921
7763
7922
7764
7923
7765
7924
7766
7925
7767
7926
7768
7927
7769
7928
7770
7929
7771
7930
7772
7931
7773
7932
7774
7933
7775
7934
7776
7935
7777
7936
7778
7937
7779
7938
7780
7939
7781
7940
7782
7941
7783
7942
7784
7943
7785
7944
7786
7945
7787
7946
7788
7947
7789
7948
7790
7949
7791
7950
7792
7951
7793
7952
7794
7953
7795
7954
7796
7955
7797
7956
7798
7957
7799
7958
7800
7959
7801
7960
7802
7961
7803
7962
7804
7963
7805
7964
7806
7965
7807
7966
7808
7967
7809
7968
7810
7969
7811
7970
7812
7971
7813
7972
7814
7973
7815
7974
7816
7975
7817
7976
7818
7977
7819
7978
7820
7979
7821
7980
7822
7981
7823
7982
7824
7983
7825
7984
7826
7985
7827
7986
7828
7987
7829
7988
7830
7989
7831
7990
7832
7991
7833
7992
7834
7993
7835
7994
7836
7995
7837
7996
7838
7997
7839
7840
7998
7840
7841
8000
7842
8001
7843
8002
7844
8003
7845
8004
7846
8005
7847
8006
7848
8007
7849
8008
7850
8009
7851
8010
7852
8011
7853
8012
7854
8013
7855
8014
7856
8015
7857
8016
7858
8017
7859
8018
7860
8019
7861
8020
7862
8021
7863
8022
7864
8023
7865
8024
7866
8025
7867
8026
7868
8027
7869
8028
7870
8029
7871
8030
7872
8031
7873
8032
7874
8033
7875
8034
7876
8035
7877
8036
7878
8037
7879
8038
7880
8039
7881
8040
7882
8041
7883
8042
7884
8043
7885
8044
7886
8045
7887
8046
7888
8047
7889
8048
7890
8049
7891
8050
7892
8051
7893
8052
7894
8053
7895
8054
7896
8055
7897
8056
7898
8057
7899
8058
7900
8059
7901
8060
7902
8061
7903
8062
7904
8063
7905
8064
7906
8065
7907
8066
7908
8067
7909
8068
7910
8069
7911
8070
7912
8071
7913
8072
7914
8073
7915
8074
7916
8075
7917
8076
7918
8077
7919
8078
7920
8079
7921
8080
7922
8081
7923
8082
7924
8083
7925
8084
7926
8085
7927
8086
7928
8087
7929
8088
7930
8089
7931
8090
7932
8091
7933
8092
7934
8093
7935
8094
7936
8095
7937
8096
7938
8097
7939
8098
7940
8099
7941
8100
7942
8101
7943
8102
7944
8103
7945
8104
7946
8105
7947
8106
7948
8107
7949
8108
7950
8109
7951
8110
7952
8111
7953
8112
7954
8113
7955
8114
7956
8115
7957
8116
7958
8117
7959
8118
7960
8119
7961
8120
7962
8121
7963
8122
7964
8123
7965
8124
7966
8125
7967
8126
7968
8127
7969
8128
7970
8129
7971
8130
7972
8131
7973
8132
7974
8133
7975
8134
7976
8135
7977
8136
7978
8137
7979
8138
7980
8139
7981
8140
7982
8141
7983
8142
7984
8143
7985
8144
7986
8145
7987
8146
7988
8147
7989
8148
7990
8149
7991
8150
7992
8151
7993
8152
7994
8153
7995
8154
7996
8155
7997
8156
7998
8157
7999
8000
8158
8000
8001
8160
8002
8161
8003
8162
8004
8163
8005
8164
8006
8165
8007
8166
8008
8167
8009
8168
8010
8169
8011
8170
8012
8171
8013
8172
8014
8173
8015
8174
8016
8175
8017
8176
8018
8177
8019
8178
8020
8179
8021
8180
8022
8181
8023
8182
8024
8183
8025
8184
8026
8185
8027
8186
8028
8187
8029
8188
8030
8189
8031
8190
8032
8191
8033
8192
8034
8193
8035
8194
8036
8195
8037
8196
8038
8197
8039
8198
8040
8199
8041
8200
8042
8201
8043
8202
8044
8203
8045
8204
8046
8205
8047
8206
8048
8207
8049
8208
8050
8209
8051
8210
8052
8211
8053
8212
8054
8213
8055
8214
8056
8215
8057
8216
8058
8217
8059
8218
8060
8219
8061
8220
8062
8221
8063
8222
8064
8223
8065
8224
8066
8225
8067
8226
8068
8227
8069
8228
8070
8229
8071
8230
8072
8231
8073
8232
8074
8233
8075
8234
8076
8235
8077
8236
8078
8237
8079
8238
8080
8239
8081
8240
8082
8241
8083
8242
8084
8243
8085
8244
8086
8245
8087
8246
8088
8247
8089
8248
8090
8249
8091
8250
8092
8251
8093
8252
8094
8253
8095
8254
8096
8255
8097
8256
8098
8257
8099
8258
8100
8259
8101
8260
8102
8261
8103
8262
8104
8263
8105
8264
8106
8265
8107
8266
8108
8267
8109
8268
8110
8269
8111
8270
8112
8271
8113
8272
8114
8273
8115
8274
8116
8275
8117
8276
8118
8277
8119
8278
8120
8279
8121
8280
8122
8281
8123
8282
8124
8283
8125
8284
8126
8285
8127
8286
8128
8287
8129
8288
8130
8289
8131
8290
8132
8291
8133
8292
8134
8293
8135
8294
8136
8295
8137
8296
8138
8297
8139
8298
8140
8299
8141
8300
8142
8301
8143
8302
8144
8303
8145
8304
8146
8305
8147
8306
8148
8307
8149
8308
8150
8309
8151
8310
8152
8311
8153
8312
8154
8313
8155
8314
8156
8315
8157
8316
8158
8317
8159
8160
8318
8160
8161
8320
8162
8321
8163
8322
8164
8323
8165
8324
8166
8325
8167
8326
8168
8327
8169
8328
8170
8329
8171
8330
8172
8331
8173
8332
8174
8333
8175
8334
8176
8335
8177
8336
8178
8337
8179
8338
8180
8339
8181
8340
8182
8341
8183
8342
8184
8343
8185
8344
8186
8345
8187
8346
8188
8347
8189
8348
8190
8349
8191
8350
8192
8351
8193
8352
8194
8353
8195
8354
8196
8355
8197
8356
8198
8357
8199
8358
8200
8359
8201
8360
8202
8361
8203
8362
8204
8363
8205
8364
8206
8365
8207
8366
8208
8367
8209
8368
8210
8369
8211
8370
8212
8371
8213
8372
8214
8373
8215
8374
8216
8375
8217
8376
8218
8377
8219
8378
8220
8379
8221
8380
8222
8381
8223
8382
8224
8383
8225
8384
8226
8385
8227
8386
8228
8387
8229
8388
8230
8389
8231
8390
8232
8391
8233
8392
8234
8393
8235
8394
8236
8395
8237
8396
8238
8397
8239
8398
8240
8399
8241
8400
8242
8401
8243
8402
8244
8403
8245
8404
8246
8405
8247
8406
8248
8407
8249
8408
8250
8409
8251
8410
8252
8411
8253
8412
8254
8413
8255
8414
8256
8415
8257
8416
8258
8417
8259
8418
8260
8419
8261
8420
8262
8421
8263
8422
8264
8423
8265
8424
8266
8425
8267
8426
8268
8427
8269
8428
8270
8429
8271
8430
8272
8431
8273
8432
8274
8433
8275
8434
8276
8435
8277
8436
8278
8437
8279
8438
8280
8439
8281
8440
8282
8441
8283
8442
8284
8443
8285
8444
8286
8445
8287
8446
8288
8447
8289
8448
8290
8449
8291
8450
8292
8451
8293
8452
8294
8453
8295
8454
8296
8455
8297
8456
8298
8457
8299
8458
8300
8459
8301
8460
8302
8461
8303
8462
8304
8463
8305
8464
8306
8465
8307
8466
8308
8467
8309
8468
8310
8469
8311
8470
8312
8471
8313
8472
8314
8473
8315
8474
8316
8475
8317
8476
8318
8477
8319
8320
8478
8320
8321
8480
8322
8481
8323
8482
8324
8483
8325
8484
8326
8485
8327
8486
8328
8487
8329
8488
8330
8489
8331
8490
8332
8491
8333
8492
8334
8493
8335
8494
8336
8495
8337
8496
8338
8497
8339
8498
8340
8499
8341
8500
8342
8501
8343
8502
8344
8503
8345
8504
8346
8505
8347
8506
8348
8507
8349
8508
8350
8509
8351
8510
8352
8511
8353
8512
8354
8513
8355
8514
8356
8515
8357
8516
8358
8517
8359
8518
8360
8519
8361
8520
8362
8521
8363
8522
8364
8523
8365
8524
8366
8525
8367
8526
8368
8527
8369
8528
8370
8529
8371
8530
8372
8531
8373
8532
8374
8533
8375
8534
8376
8535
8377
8536
8378
8537
8379
8538
8380
8539
8381
8540
8382
8541
8383
8542
8384
8543
8385
8544
8386
8545
8387
8546
8388
8547
8389
8548
8390
8549
8391
8550
8392
8551
8393
8552
8394
8553
8395
8554
8396
8555
8397
8556
8398
8557
8399
8558
8400
8559
8401
8560
8402
8561
8403
8562
8404
8563
8405
8564
8406
8565
8407
8566
8408
8567
8409
8568
8410
8569
8411
8570
8412
8571
8413
8572
8414
8573
8415
8574
8416
8575
8417
8576
8418
8577
8419
8578
8420
8579
8421
8580
8422
8581
8423
8582
8424
8583
8425
8584
8426
8585
8427
8586
8428
8587
8429
8588
8430
8589
8431
8590
8432
8591
8433
8592
8434
8593
8435
8594
8436
8595
8437
8596
8438
8597
8439
8598
8440
8599
8441
8600
8442
8601
8443
8602
8444
8603
8445
8604
8446
8605
8447
8606
8448
8607
8449
8608
8450
8609
8451
8610
8452
8611
8453
8612
8454
8613
8455
8614
8456
8615
8457
8616
8458
8617
8459
8618
8460
8619
8461
8620
8462
8621
8463
8622
8464
8623
8465
8624
8466
8625
8467
8626
8468
8627
8469
8628
8470
8629
8471
8630
8472
8631
8473
8632
8474
8633
8475
8634
8476
8635
8477
8636
8478
8637
8479
8480
8638
8480
8481
8640
8482
8641
8483
8642
8484
8643
8485
8644
8486
8645
8487
8646
8488
8647
8489
8648
8490
8649
8491
8650
8492
8651
8493
8652
8494
8653
8495
8654
8496
8655
8497
8656
8498
8657
8499
8658
8500
8659
8501
8660
8502
8661
8503
8662
8504
8663
8505
8664
8506
8665
8507
8666
8508
8667
8509
8668
8510
8669
8511
8670
8512
8671
8513
8672
8514
8673
8515
8674
8516
8675
8517
8676
8518
8677
8519
8678
8520
8679
8521
8680
8522
8681
8523
8682
8524
8683
8525
8684
8526
8685
8527
8686
8528
8687
8529
8688
8530
8689
8531
8690
8532
8691
8533
8692
8534
8693
8535
8694
8536
8695
8537
8696
8538
8697
8539
8698
8540
8699
8541
8700
8542
8701
8543
8702
8544
8703
8545
8704
8546
8705
8547
8706
8548
8707
8549
8708
8550
8709
8551
8710
8552
8711
8553
8712
8554
8713
8555
8714
8556
8715
8557
8716
8558
8717
8559
8718
8560
8719
8561
8720
8562
8721
8563
8722
8564
8723
8565
8724
8566
8725
8567
8726
8568
8727
8569
8728
8570
8729
8571
8730
8572
8731
8573
8732
8574
8733
8575
8734
8576
8735
8577
8736
8578
8737
8579
8738
8580
8739
8581
8740
8582
8741
8583
8742
8584
8743
8585
8744
8586
8745
8587
8746
8588
8747
8589
8748
8590
8749
8591
8750
8592
8751
8593
8752
8594
8753
8595
8754
8596
8755
8597
8756
8598
8757
8599
8758
8600
8759
8601
8760
8602
8761
8603
8762
8604
8763
8605
8764
8606
8765
8607
8766
8608
8767
8609
8768
8610
8769
8611
8770
8612
8771
8613
8772
8614
8773
8615
8774
8616
8775
8617
8776
8618
8777
8619
8778
8620
8779
8621
8780
8622
8781
8623
8782
8624
8783
8625
8784
8626
8785
8627
8786
8628
8787
8629
8788
8630
8789
8631
8790
8632
8791
8633
8792
8634
8793
8635
8794
8636
8795
8637
8796
8638
8797
8639
8640
8798
8640
8641
8800
8642
8801
8643
8802
8644
8803
8645
8804
8646
8805
8647
8806
8648
8807
8649
8808
8650
8809
8651
8810
8652
8811
8653
8812
8654
8813
8655
8814
8656
8815
8657
8816
8658
8817
8659
8818
8660
8819
8661
8820
8662
8821
8663
8822
8664
8823
8665
8824
8666
8825
8667
8826
8668
8827
8669
8828
8670
8829
8671
8830
8672
8831
8673
8832
8674
8833
8675
8834
8676
8835
8677
8836
8678
8837
8679
8838
8680
8839
8681
8840
8682
8841
8683
8842
8684
8843
8685
8844
8686
8845
8687
8846
8688
8847
8689
8848
8690
8849
8691
8850
8692
8851
8693
8852
8694
8853
8695
8854
8696
8855
8697
8856
8698
8857
8699
8858
8700
8859
8701
8860
8702
8861
8703
8862
8704
8863
8705
8864
8706
8865
8707
8866
8708
8867
8709
8868
8710
8869
8711
8870
8712
8871
8713
8872
8714
8873
8715
8874
8716
8875
8717
8876
8718
8877
8719
8878
8720
8879
8721
8880
8722
8881
8723
8882
8724
8883
8725
8884
8726
8885
8727
8886
8728
8887
8729
8888
8730
8889
8731
8890
8732
8891
8733
8892
8734
8893
8735
8894
8736
8895
8737
8896
8738
8897
8739
8898
8740
8899
8741
8900
8742
8901
8743
8902
8744
8903
8745
8904
8746
8905
8747
8906
8748
8907
8749
8908
8750
8909
8751
8910
8752
8911
8753
8912
8754
8913
8755
8914
8756
8915
8757
8916
8758
8917
8759
8918
8760
8919
8761
8920
8762
8921
8763
8922
8764
8923
8765
8924
8766
8925
8767
8926
8768
8927
8769
8928
8770
8929
8771
8930
8772
8931
8773
8932
8774
8933
8775
8934
8776
8935
8777
8936
8778
8937
8779
8938
8780
8939
8781
8940
8782
8941
8783
8942
8784
8943
8785
8944
8786
8945
8787
8946
8788
8947
8789
8948
8790
8949
8791
8950
8792
8951
8793
8952
8794
8953
8795
8954
8796
8955
8797
8956
8798
8957
8799
8800
8958
8800
8801
8960
8802
8961
8803
8962
8804
8963
8805
8964
8806
8965
8807
8966
8808
8967
8809
8968
8810
8969
8811
8970
8812
8971
8813
8972
8814
8973
8815
8974
8816
8975
8817
8976
8818
8977
8819
8978
8820
8979
8821
8980
8822
8981
8823
8982
8824
8983
8825
8984
8826
8985
8827
8986
8828
8987
8829
8988
8830
8989
8831
8990
8832
8991
8833
8992
8834
8993
8835
8994
8836
8995
8837
8996
8838
8997
8839
8998
8840
8999
8841
9000
8842
9001
8843
9002
8844
9003
8845
9004
8846
9005
8847
9006
8848
9007
8849
9008
8850
9009
8851
9010
8852
9011
8853
9012
8854
9013
8855
9014
8856
9015
8857
9016
8858
9017
8859
9018
8860
9019
8861
9020
8862
9021
8863
9022
8864
9023
8865
9024
8866
9025
8867
9026
8868
9027
8869
9028
8870
9029
8871
9030
8872
9031
8873
9032
8874
9033
8875
9034
8876
9035
8877
9036
8878
9037
8879
9038
8880
9039
8881
9040
8882
9041
8883
9042
8884
9043
8885
9044
8886
9045
8887
9046
8888
9047
8889
9048
8890
9049
8891
9050
8892
9051
8893
9052
8894
9053
8895
9054
8896
9055
8897
9056
8898
9057
8899
9058
8900
9059
8901
9060
8902
9061
8903
9062
8904
9063
8905
9064
8906
9065
8907
9066
8908
9067
8909
9068
8910
9069
8911
9070
8912
9071
8913
9072
8914
9073
8915
9074
8916
9075
8917
9076
8918
9077
8919
9078
8920
9079
8921
9080
8922
9081
8923
9082
8924
9083
8925
9084
8926
9085
8927
9086
8928
9087
8929
9088
8930
9089
8931
9090
8932
9091
8933
9092
8934
9093
8935
9094
8936
9095
8937
9096
8938
9097
8939
9098
8940
9099
8941
9100
8942
9101
8943
9102
8944
9103
8945
9104
8946
9105
8947
9106
8948
9107
8949
9108
8950
9109
8951
9110
8952
9111
8953
9112
8954
9113
8955
9114
8956
9115
8957
9116
8958
9117
8959
8960
9118
8960
8961
9120
8962
9121
8963
9122
8964
9123
8965
9124
8966
9125
8967
9126
8968
9127
8969
9128
8970
9129
8971
9130
8972
9131
8973
9132
8974
9133
8975
9134
8976
9135
8977
9136
8978
9137
8979
9138
8980
9139
8981
9140
8982
9141
8983
9142
8984
9143
8985
9144
8986
9145
8987
9146
8988
9147
8989
9148
8990
9149
8991
9150
8992
9151
8993
9152
8994
9153
8995
9154
8996
9155
8997
9156
8998
9157
8999
9158
9000
9159
9001
9160
9002
9161
9003
9162
9004
9163
9005
9164
9006
9165
9007
9166
9008
9167
9009
9168
9010
9169
9011
9170
9012
9171
9013
9172
9014
9173
9015
9174
9016
9175
9017
9176
9018
9177
9019
9178
9020
9179
9021
9180
9022
9181
9023
9182
9024
9183
9025
9184
9026
9185
9027
9186
9028
9187
9029
9188
9030
9189
9031
9190
9032
9191
9033
9192
9034
9193
9035
9194
9036
9195
9037
9196
9038
9197
9039
9198
9040
9199
9041
9200
9042
9201
9043
9202
9044
9203
9045
9204
9046
9205
9047
9206
9048
9207
9049
9208
9050
9209
9051
9210
9052
9211
9053
9212
9054
9213
9055
9214
9056
9215
9057
9216
9058
9217
9059
9218
9060
9219
9061
9220
9062
9221
9063
9222
9064
9223
9065
9224
9066
9225
9067
9226
9068
9227
9069
9228
9070
9229
9071
9230
9072
9231
9073
9232
9074
9233
9075
9234
9076
9235
9077
9236
9078
9237
9079
9238
9080
9239
9081
9240
9082
9241
9083
9242
9084
9243
9085
9244
9086
9245
9087
9246
9088
9247
9089
9248
9090
9249
9091
9250
9092
9251
9093
9252
9094
9253
9095
9254
9096
9255
9097
9256
9098
9257
9099
9258
9100
9259
9101
9260
9102
9261
9103
9262
9104
9263
9105
9264
9106
9265
9107
9266
9108
9267
9109
9268
9110
9269
9111
9270
9112
9271
9113
9272
9114
9273
9115
9274
9116
9275
9117
9276
9118
9277
9119
9120
9278
9120
9121
9280
9122
9281
9123
9282
9124
9283
9125
9284
9126
9285
9127
9286
9128
9287
9129
9288
9130
9289
9131
9290
9132
9291
9133
9292
9134
9293
9135
9294
9136
9295
9137
9296
9138
9297
9139
9298
9140
9299
9141
9300
9142
9301
9143
9302
9144
9303
9145
9304
9146
9305
9147
9306
9148
9307
9149
9308
9150
9309
9151
9310
9152
9311
9153
9312
9154
9313
9155
9314
9156
9315
9157
9316
9158
9317
9159
9318
9160
9319
9161
9320
9162
9321
9163
9322
9164
9323
9165
9324
9166
9325
9167
9326
9168
9327
9169
9328
9170
9329
9171
9330
9172
9331
9173
9332
9174
9333
9175
9334
9176
9335
9177
9336
9178
9337
9179
9338
9180
9339
9181
9340
9182
9341
9183
9342
9184
9343
9185
9344
9186
9345
9187
9346
9188
9347
9189
9348
9190
9349
9191
9350
9192
9351
9193
9352
9194
9353
9195
9354
9196
9355
9197
9356
9198
9357
9199
9358
9200
9359
9201
9360
9202
9361
9203
9362
9204
9363
9205
9364
9206
9365
9207
9366
9208
9367
9209
9368
9210
9369
9211
9370
9212
9371
9213
9372
9214
9373
9215
9374
9216
9375
9217
9376
9218
9377
9219
9378
9220
9379
9221
9380
9222
9381
9223
9382
9224
9383
9225
9384
9226
9385
9227
9386
9228
9387
9229
9388
9230
9389
9231
9390
9232
9391
9233
9392
9234
9393
9235
9394
9236
9395
9237
9396
9238
9397
9239
9398
9240
9399
9241
9400
9242
9401
9243
9402
9244
9403
9245
9404
9246
9405
9247
9406
9248
9407
9249
9408
9250
9409
9251
9410
9252
9411
9253
9412
9254
9413
9255
9414
9256
9415
9257
9416
9258
9417
9259
9418
9260
9419
9261
9420
9262
9421
9263
9422
9264
9423
9265
9424
9266
9425
9267
9426
9268
9427
9269
9428
9270
9429
9271
9430
9272
9431
9273
9432
9274
9433
9275
9434
9276
9435
9277
9436
9278
9437
9279
9280
9438
9280
9281
9440
9282
9441
9283
9442
9284
9443
9285
9444
9286
9445
9287
9446
9288
9447
9289
9448
9290
9449
9291
9450
9292
9451
9293
9452
9294
9453
9295
9454
9296
9455
9297
9456
9298
9457
9299
9458
9300
9459
9301
9460
9302
9461
9303
9462
9304
9463
9305
9464
9306
9465
9307
9466
9308
9467
9309
9468
9310
9469
9311
9470
9312
9471
9313
9472
9314
9473
9315
9474
9316
9475
9317
9476
9318
9477
9319
9478
9320
9479
9321
9480
9322
9481
9323
9482
9324
9483
9325
9484
9326
9485
9327
9486
9328
9487
9329
9488
9330
9489
9331
9490
9332
9491
9333
9492
9334
9493
9335
9494
9336
9495
9337
9496
9338
9497
9339
9498
9340
9499
9341
9500
9342
9501
9343
9502
9344
9503
9345
9504
9346
9505
9347
9506
9348
9507
9349
9508
9350
9509
9351
9510
9352
9511
9353
9512
9354
9513
9355
9514
9356
9515
9357
9516
9358
9517
9359
9518
9360
9519
9361
9520
9362
9521
9363
9522
9364
9523
9365
9524
9366
9525
9367
9526
9368
9527
9369
9528
9370
9529
9371
9530
9372
9531
9373
9532
9374
9533
9375
9534
9376
9535
9377
9536
9378
9537
9379
9538
9380
9539
9381
9540
9382
9541
9383
9542
9384
9543
9385
9544
9386
9545
9387
9546
9388
9547
9389
9548
9390
9549
9391
9550
9392
9551
9393
9552
9394
9553
9395
9554
9396
9555
9397
9556
9398
9557
9399
9558
9400
9559
9401
9560
9402
9561
9403
9562
9404
9563
9405
9564
9406
9565
9407
9566
9408
9567
9409
9568
9410
9569
9411
9570
9412
9571
9413
9572
9414
9573
9415
9574
9416
9575
9417
9576
9418
9577
9419
9578
9420
9579
9421
9580
9422
9581
9423
9582
9424
9583
9425
9584
9426
9585
9427
9586
9428
9587
9429
9588
9430
9589
9431
9590
9432
9591
9433
9592
9434
9593
9435
9594
9436
9595
9437
9596
9438
9597
9439
9440
9598
9600
9601
9602
9603
9604
9605
9606
9607
9608
9609
9610
9611
9612
9613
9614
9615
9616
9617
9618
9619
9620
9621
9622
3040
9600
9601
9624
9602
9625
9603
9626
9604
9627
9605
9628
9606
9629
9607
9630
9608
9631
9609
9632
9610
9633
9611
9634
9612
9635
9613
9636
9614
9637
9615
9638
9616
9639
9617
9640
9618
9641
9619
9642
9620
9643
9621
9644
9622
9645
9623
3041
9646
9624
9625
9648
9626
9649
9627
9650
9628
9651
9629
9652
9630
9653
9631
9654
9632
9655
9633
9656
9634
9657
9635
9658
9636
9659
9637
9660
9638
9661
9639
9662
9640
9663
9641
9664
9642
9665
9643
9666
9644
9667
9645
9668
9646
9669
9647
3042
9670
9648
9672
9649
9650
9673
9651
9674
9652
9675
9653
9676
9654
9677
9655
9678
9656
9679
9657
9680
9658
9681
9659
9682
9660
9683
9661
9684
9662
9685
9663
9686
9664
9687
9665
9688
9666
9689
9667
9690
9668
9691
9669
9692
9670
9693
9671
3043
9694
9672
9696
9673
9674
9697
9675
9698
9676
9699
9677
9700
9678
9701
9679
9702
9680
9703
9681
9704
9682
9705
9683
9706
9684
9707
9685
9708
9686
9709
9687
9710
9688
9711
9689
9712
9690
9713
9691
9714
9692
9715
9693
9716
9694
9717
9695
3044
9718
9696
9720
9697
9721
9698
9699
9722
9700
9723
9701
9724
9702
9725
9703
9726
9704
9727
9705
9728
9706
9729
9707
9730
9708
9731
9709
9732
9710
9733
9711
9734
9712
9735
9713
9736
9714
9737
9715
9738
9716
9739
9717
9740
9718
9741
9719
3045
9742
9720
9744
9721
9722
9745
9723
9746
9724
9747
9725
9748
9726
9749
9727
9750
9728
9751
9729
9752
9730
9753
9731
9754
9732
9755
9733
9756
9734
9757
9735
9758
9736
9759
9737
9760
9738
9761
9739
9762
9740
9763
9741
9764
9742
9765
9743
3046
9766
9744
9745
9768
9746
9769
9747
9770
9748
9771
9749
9772
9750
9773
9751
9774
9752
9775
9753
9776
9754
9777
9755
9778
9756
9779
9757
9780
9758
9781
9759
9782
9760
9783
9761
9784
9762
9785
9763
9786
9764
9787
9765
9788
9766
9789
9767
3047
9790
9768
9769
9792
9770
9793
9771
9794
9772
9795
9773
9796
9774
9797
9775
9798
9776
9799
9777
9800
9778
9801
9779
9802
9780
9803
9781
9804
9782
9805
9783
9806
9784
9807
9785
9808
9786
9809
9787
9810
9788
9811
9789
9812
9790
9813
9791
3048
9814
9792
9793
9816
9794
9817
9795
9818
9796
9819
9797
9820
9798
9821
9799
9822
9800
9823
9801
9824
9802
9825
9803
9826
9804
9827
9805
9828
9806
9829
9807
9830
9808
9831
9809
9832
9810
9833
9811
9834
9812
9835
9813
9836
9814
9837
9815
3049
9838
9816
9817
9840
9818
9841
9819
9842
9820
9843
9821
9844
9822
9845
9823
9846
9824
9847
9825
9848
9826
9849
9827
9850
9828
9851
9829
9852
9830
9853
9831
9854
9832
9855
9833
9856
9834
9857
9835
9858
9836
9859
9837
9860
9838
9861
9839
3050
9862
9840
9841
9864
9842
9865
9843
9866
9844
9867
9845
9868
9846
9869
9847
9870
9848
9871
9849
9872
9850
9873
9851
9874
9852
9875
9853
9876
9854
9877
9855
9878
9856
9879
9857
9880
9858
9881
9859
9882
9860
9883
9861
9884
9862
9885
9863
3051
9886
3120
9888
9889
9890
9891
9892
9893
9894
9895
9896
9897
9898
9899
9900
9901
9902
9903
9904
9905
9906
9907
9908
9909
9910
9911
9912
9913
9914
9915
9916
9917
9918
3121
9888
9920
9889
9921
9890
9922
9891
9923
9892
9924
9893
9925
9894
9926
9895
9927
9896
9928
9897
9929
9898
9930
9899
9931
9900
9932
9901
9933
9902
9934
9903
9935
9904
9936
9905
9937
9906
9938
9907
9939
9908
9940
9909
9941
9910
9942
9911
9943
9912
9944
9913
9945
9914
9946
9915
9947
9916
9948
9917
9949
9918
9950
9919
3122
9920
9952
9921
9953
9922
9954
9923
9955
9924
9956
9925
9957
9926
9958
9927
9959
9928
9960
9929
9961
9930
9962
9931
9963
9932
9964
9933
9965
9934
9966
9935
9967
9936
9968
9937
9969
9938
9970
9939
9971
9940
9972
9941
9973
9942
9974
9943
9975
9944
9976
9945
9977
9946
9978
9947
9979
9948
9980
9949
9981
9950
9982
9951
3123
9952
9984
9953
9985
9954
9986
9955
9987
9956
9988
9957
9989
9958
9990
9959
9991
9960
9992
9961
9993
9962
9994
9963
9995
9964
9996
9965
9997
9966
9998
9967
9999
9968
10000
9969
10001
9970
10002
9971
10003
9972
10004
9973
10005
9974
10006
9975
10007
9976
10008
9977
10009
9978
10010
9979
10011
9980
10012
9981
10013
9982
10014
9983
3124
9984
10016
9985
10017
9986
10018
9987
10019
9988
10020
9989
10021
9990
10022
9991
10023
9992
10024
9993
10025
9994
10026
9995
10027
9996
10028
9997
10029
9998
10030
9999
10031
10000
10032
10001
10033
10002
10034
10003
10035
10004
10036
10005
10037
10006
10038
10007
10039
10008
10040
10009
10041
10010
10042
10011
10043
10012
10044
10013
10045
10014
10015
10046
3125
10016
10048
10017
10049
10018
10050
10019
10051
10020
10052
10021
10053
10022
10054
10023
10055
10024
10056
10025
10057
10026
10058
10027
10059
10028
10060
10029
10061
10030
10062
10031
10063
10032
10064
10033
10065
10034
10066
10035
10067
10036
10068
10037
10069
10038
10070
10039
10071
10040
10072
10041
10073
10042
10074
10043
10075
10044
10076
10045
10046
10077
10047
10078
3126
10048
10080
10049
10081
10050
10082
10051
10083
10052
10084
10053
10085
10054
10086
10055
10087
10056
10088
10057
10089
10058
10090
10059
10091
10060
10092
10061
10093
10062
10094
10063
10095
10064
10096
10065
10097
10066
10098
10067
10099
10068
10100
10069
10101
10070
10102
10071
10103
10072
10104
10073
10105
10074
10106
10075
10107
10076
10108
10077
10078
10109
10079
10110
3127
10080
10112
10081
10113
10082
10114
10083
10115
10084
10116
10085
10117
10086
10118
10087
10119
10088
10120
10089
10121
10090
10122
10091
10123
10092
10124
10093
10125
10094
10126
10095
10127
10096
10128
10097
10129
10098
10130
10099
10131
10100
10132
10101
10133
10102
10134
10103
10135
10104
10136
10105
10137
10106
10138
10107
10139
10108
10140
10109
10110
10141
10111
10142
3128
10112
10144
10113
10145
10114
10146
10115
10147
10116
10148
10117
10149
10118
10150
10119
10151
10120
10152
10121
10153
10122
10154
10123
10155
10124
10156
10125
10157
10126
10158
10127
10159
10128
10160
10129
10161
10130
10162
10131
10163
10132
10164
10133
10165
10134
10166
10135
10167
10136
10168
10137
10169
10138
10170
10139
10171
10140
10172
10141
10173
10142
10143
10174
3129
10144
10176
10145
10177
10146
10178
10147
10179
10148
10180
10149
10181
10150
10182
10151
10183
10152
10184
10153
10185
10154
10186
10155
10187
10156
10188
10157
10189
10158
10190
10159
10191
10160
10192
10161
10193
10162
10194
10163
10195
10164
10196
10165
10197
10166
10198
10167
10199
10168
10200
10169
10201
10170
10202
10171
10203
10172
10204
10173
10205
10174
10206
10175
3130
10176
10208
10177
10209
10178
10210
10179
10211
10180
10212
10181
10213
10182
10214
10183
10215
10184
10216
10185
10217
10186
10218
10187
10219
10188
10220
10189
10221
10190
10222
10191
10223
10192
10224
10193
10225
10194
10226
10195
10227
10196
10228
10197
10229
10198
10230
10199
10231
10200
10232
10201
10233
10202
10234
10203
10235
10204
10236
10205
10237
10206
10238
10207
3131
10208
10240
10209
10241
10210
10242
10211
10243
10212
10244
10213
10245
10214
10246
10215
10247
10216
10248
10217
10249
10218
10250
10219
10251
10220
10252
10221
10253
10222
10254
10223
10255
10224
10256
10225
10257
10226
10258
10227
10259
10228
10260
10229
10261
10230
10262
10231
10263
10232
10264
10233
10265
10234
10266
10235
10267
10236
10268
10237
10269
10238
10270
10239
10272
10273
10274
10275
10276
10277
10278
10279
10280
10281
10282
10283
10284
10285
10286
10287
10288
10289
10290
10291
10292
10293
10294
6240
10272
10273
10296
10274
10297
10275
10298
10276
10299
10277
10300
10278
10301
10279
10302
10280
10303
10281
10304
10282
10305
10283
10306
10284
10307
10285
10308
10286
10309
10287
10310
10288
10311
10289
10312
10290
10313
10291
10314
10292
10315
10293
10316
10294
10317
10295
6241
10318
10296
10297
10320
10298
10321
10299
10322
10300
10323
10301
10324
10302
10325
10303
10326
10304
10327
10305
10328
10306
10329
10307
10330
10308
10331
10309
10332
10310
10333
10311
10334
10312
10335
10313
10336
10314
10337
10315
10338
10316
10339
10317
10340
10318
10341
10319
6242
10342
10320
10344
10321
10322
10345
10323
10346
10324
10347
10325
10348
10326
10349
10327
10350
10328
10351
10329
10352
10330
10353
10331
10354
10332
10355
10333
10356
10334
10357
10335
10358
10336
10359
10337
10360
10338
10361
10339
10362
10340
10363
10341
10364
10342
10365
10343
6243
10366
10344
10368
10345
10346
10369
10347
10370
10348
10371
10349
10372
10350
10373
10351
10374
10352
10375
10353
10376
10354
10377
10355
10378
10356
10379
10357
10380
10358
10381
10359
10382
10360
10383
10361
10384
10362
10385
10363
10386
10364
10387
10365
10388
10366
10389
10367
6244
10390
10368
10392
10369
10393
10370
10371
10394
10372
10395
10373
10396
10374
10397
10375
10398
10376
10399
10377
10400
10378
10401
10379
10402
10380
10403
10381
10404
10382
10405
10383
10406
10384
10407
10385
10408
10386
10409
10387
10410
10388
10411
10389
10412
10390
10413
10391
6245
10414
10392
10416
10393
10394
10417
10395
10418
10396
10419
10397
10420
10398
10421
10399
10422
10400
10423
10401
10424
10402
10425
10403
10426
10404
10427
10405
10428
10406
10429
10407
10430
10408
10431
10409
10432
10410
10433
10411
10434
10412
10435
10413
10436
10414
10437
10415
6246
10438
10416
10417
10440
10418
10441
10419
10442
10420
10443
10421
10444
10422
10445
10423
10446
10424
10447
10425
10448
10426
10449
10427
10450
10428
10451
10429
10452
10430
10453
10431
10454
10432
10455
10433
10456
10434
10457
10435
10458
10436
10459
10437
10460
10438
10461
10439
6247
10462
10440
10441
10464
10442
10465
10443
10466
10444
10467
10445
10468
10446
10469
10447
10470
10448
10471
10449
10472
10450
10473
10451
10474
10452
10475
10453
10476
10454
10477
10455
10478
10456
10479
10457
10480
10458
10481
10459
10482
10460
10483
10461
10484
10462
10485
10463
6248
10486
10464
10465
10488
10466
10489
10467
10490
10468
10491
10469
10492
10470
10493
10471
10494
10472
10495
10473
10496
10474
10497
10475
10498
10476
10499
10477
10500
10478
10501
10479
10502
10480
10503
10481
10504
10482
10505
10483
10506
10484
10507
10485
10508
10486
10509
10487
6249
10510
10488
10489
10512
10490
10513
10491
10514
10492
10515
10493
10516
10494
10517
10495
10518
10496
10519
10497
10520
10498
10521
10499
10522
10500
10523
10501
10524
10502
10525
10503
10526
10504
10527
10505
10528
10506
10529
10507
10530
10508
10531
10509
10532
10510
10533
10511
6250
10534
10512
10513
10536
10514
10537
10515
10538
10516
10539
10517
10540
10518
10541
10519
10542
10520
10543
10521
10544
10522
10545
10523
10546
10524
10547
10525
10548
10526
10549
10527
10550
10528
10551
10529
10552
10530
10553
10531
10554
10532
10555
10533
10556
10534
10557
10535
6251
10558
6320
10560
10561
10562
10563
10564
10565
10566
10567
10568
10569
10570
10571
10572
10573
10574
10575
10576
10577
10578
10579
10580
10581
10582
10583
10584
10585
10586
10587
10588
10589
10590
6321
10560
10592
10561
10593
10562
10594
10563
10595
10564
10596
10565
10597
10566
10598
10567
10599
10568
10600
10569
10601
10570
10602
10571
10603
10572
10604
10573
10605
10574
10606
10575
10607
10576
10608
10577
10609
10578
10610
10579
10611
10580
10612
10581
10613
10582
10614
10583
10615
10584
10616
10585
10617
10586
10618
10587
10619
10588
10620
10589
10621
10590
10622
10591
6322
10592
10624
10593
10625
10594
10626
10595
10627
10596
10628
10597
10629
10598
10630
10599
10631
10600
10632
10601
10633
10602
10634
10603
10635
10604
10636
10605
10637
10606
10638
10607
10639
10608
10640
10609
10641
10610
10642
10611
10643
10612
10644
10613
10645
10614
10646
10615
10647
10616
10648
10617
10649
10618
10650
10619
10651
10620
10652
10621
10653
10622
10654
10623
6323
10624
10656
10625
10657
10626
10658
10627
10659
10628
10660
10629
10661
10630
10662
10631
10663
10632
10664
10633
10665
10634
10666
10635
10667
10636
10668
10637
10669
10638
10670
10639
10671
10640
10672
10641
10673
10642
10674
10643
10675
10644
10676
10645
10677
10646
10678
10647
10679
10648
10680
10649
10681
10650
10682
10651
10683
10652
10684
10653
10685
10654
10686
10655
6324
10656
10688
10657
10689
10658
10690
10659
10691
10660
10692
10661
10693
10662
10694
10663
10695
10664
10696
10665
10697
10666
10698
10667
10699
10668
10700
10669
10701
10670
10702
10671
10703
10672
10704
10673
10705
10674
10706
10675
10707
10676
10708
10677
10709
10678
10710
10679
10711
10680
10712
10681
10713
10682
10714
10683
10715
10684
10716
10685
10717
10686
10687
10718
6325
10688
10720
10689
10721
10690
10722
10691
10723
10692
10724
10693
10725
10694
10726
10695
10727
10696
10728
10697
10729
10698
10730
10699
10731
10700
10732
10701
10733
10702
10734
10703
10735
10704
10736
10705
10737
10706
10738
10707
10739
10708
10740
10709
10741
10710
10742
10711
10743
10712
10744
10713
10745
10714
10746
10715
10747
10716
10748
10717
10718
10749
10719
10750
6326
10720
10752
10721
10753
10722
10754
10723
10755
10724
10756
10725
10757
10726
10758
10727
10759
10728
10760
10729
10761
10730
10762
10731
10763
10732
10764
10733
10765
10734
10766
10735
10767
10736
10768
10737
10769
10738
10770
10739
10771
10740
10772
10741
10773
10742
10774
10743
10775
10744
10776
10745
10777
10746
10778
10747
10779
10748
10780
10749
10750
10781
10751
10782
6327
10752
10784
10753
10785
10754
10786
10755
10787
10756
10788
10757
10789
10758
10790
10759
10791
10760
10792
10761
10793
10762
10794
10763
10795
10764
10796
10765
10797
10766
10798
10767
10799
10768
10800
10769
10801
10770
10802
10771
10803
10772
10804
10773
10805
10774
10806
10775
10807
10776
10808
10777
10809
10778
10810
10779
10811
10780
10812
10781
10782
10813
10783
10814
6328
10784
10816
10785
10817
10786
10818
10787
10819
10788
10820
10789
10821
10790
10822
10791
10823
10792
10824
10793
10825
10794
10826
10795
10827
10796
10828
10797
10829
10798
10830
10799
10831
10800
10832
10801
10833
10802
10834
10803
10835
10804
10836
10805
10837
10806
10838
10807
10839
10808
10840
10809
10841
10810
10842
10811
10843
10812
10844
10813
10845
10814
10815
10846
6329
10816
10848
10817
10849
10818
10850
10819
10851
10820
10852
10821
10853
10822
10854
10823
10855
10824
10856
10825
10857
10826
10858
10827
10859
10828
10860
10829
10861
10830
10862
10831
10863
10832
10864
10833
10865
10834
10866
10835
10867
10836
10868
10837
10869
10838
10870
10839
10871
10840
10872
10841
10873
10842
10874
10843
10875
10844
10876
10845
10877
10846
10878
10847
6330
10848
10880
10849
10881
10850
10882
10851
10883
10852
10884
10853
10885
10854
10886
10855
10887
10856
10888
10857
10889
10858
10890
10859
10891
10860
10892
10861
10893
10862
10894
10863
10895
10864
10896
10865
10897
10866
10898
10867
10899
10868
10900
10869
10901
10870
10902
10871
10903
10872
10904
10873
10905
10874
10906
10875
10907
10876
10908
10877
10909
10878
10910
10879
6331
10880
10912
10881
10913
10882
10914
10883
10915
10884
10916
10885
10917
10886
10918
10887
10919
10888
10920
10889
10921
10890
10922
10891
10923
10892
10924
10893
10925
10894
10926
10895
10927
10896
10928
10897
10929
10898
10930
10899
10931
10900
10932
10901
10933
10902
10934
10903
10935
10904
10936
10905
10937
10906
10938
10907
10939
10908
10940
10909
10941
10910
10942
10911
10944
10945
10946
10947
10948
10949
10950
10951
10952
10953
10954
10955
10956
10957
10958
10959
10960
10961
10962
10963
10964
10965
10966
9440
10944
10945
10968
10946
10969
10947
10970
10948
10971
10949
10972
10950
10973
10951
10974
10952
10975
10953
10976
10954
10977
10955
10978
10956
10979
10957
10980
10958
10981
10959
10982
10960
10983
10961
10984
10962
10985
10963
10986
10964
10987
10965
10988
10966
10989
10967
9441
10990
10968
10969
10992
10970
10993
10971
10994
10972
10995
10973
10996
10974
10997
10975
10998
10976
10999
10977
11000
10978
11001
10979
11002
10980
11003
10981
11004
10982
11005
10983
11006
10984
11007
10985
11008
10986
11009
10987
11010
10988
11011
10989
11012
10990
11013
10991
9442
11014
10992
11016
10993
10994
11017
10995
11018
10996
11019
10997
11020
10998
11021
10999
11022
11000
11023
11001
11024
11002
11025
11003
11026
11004
11027
11005
11028
11006
11029
11007
11030
11008
11031
11009
11032
11010
11033
11011
11034
11012
11035
11013
11036
11014
11037
11015
9443
11038
11016
11040
11017
11018
11041
11019
11042
11020
11043
11021
11044
11022
11045
11023
11046
11024
11047
11025
11048
11026
11049
11027
11050
11028
11051
11029
11052
11030
11053
11031
11054
11032
11055
11033
11056
11034
11057
11035
11058
11036
11059
11037
11060
11038
11061
11039
9444
11062
11040
11064
11041
11065
11042
11043
11066
11044
11067
11045
11068
11046
11069
11047
11070
11048
11071
11049
11072
11050
11073
11051
11074
11052
11075
11053
11076
11054
11077
11055
11078
11056
11079
11057
11080
11058
11081
11059
11082
11060
11083
11061
11084
11062
11085
11063
9445
11086
11064
11088
11065
11066
11089
11067
11090
11068
11091
11069
11092
11070
11093
11071
11094
11072
11095
11073
11096
11074
11097
11075
11098
11076
11099
11077
11100
11078
11101
11079
11102
11080
11103
11081
11104
11082
11105
11083
11106
11084
11107
11085
11108
11086
11109
11087
9446
11110
11088
11089
11112
11090
11113
11091
11114
11092
11115
11093
11116
11094
11117
11095
11118
11096
11119
11097
11120
11098
11121
11099
11122
11100
11123
11101
11124
11102
11125
11103
11126
11104
11127
11105
11128
11106
11129
11107
11130
11108
11131
11109
11132
11110
11133
11111
9447
11134
11112
11113
11136
11114
11137
11115
11138
11116
11139
11117
11140
11118
11141
11119
11142
11120
11143
11121
11144
11122
11145
11123
11146
11124
11147
11125
11148
11126
11149
11127
11150
11128
11151
11129
11152
11130
11153
11131
11154
11132
11155
11133
11156
11134
11157
11135
9448
11158
11136
11137
11160
11138
11161
11139
11162
11140
11163
11141
11164
11142
11165
11143
11166
11144
11167
11145
11168
11146
11169
11147
11170
11148
11171
11149
11172
11150
11173
11151
11174
11152
11175
11153
11176
11154
11177
11155
11178
11156
11179
11157
11180
11158
11181
11159
9449
11182
11160
11161
11184
11162
11185
11163
11186
11164
11187
11165
11188
11166
11189
11167
11190
11168
11191
11169
11192
11170
11193
11171
11194
11172
11195
11173
11196
11174
11197
11175
11198
11176
11199
11177
11200
11178
11201
11179
11202
11180
11203
11181
11204
11182
11205
11183
9450
11206
11184
11185
11208
11186
11209
11187
11210
11188
11211
11189
11212
11190
11213
11191
11214
11192
11215
11193
11216
11194
11217
11195
11218
11196
11219
11197
11220
11198
11221
11199
11222
11200
11223
11201
11224
11202
11225
11203
11226
11204
11227
11205
11228
11206
11229
11207
9451
11230
9520
11232
11233
11234
11235
11236
11237
11238
11239
11240
11241
11242
11243
11244
11245
11246
11247
11248
11249
11250
11251
11252
11253
11254
11255
11256
11257
11258
11259
11260
11261
11262
9521
11232
11264
11233
11265
11234
11266
11235
11267
11236
11268
11237
11269
11238
11270
11239
11271
11240
11272
11241
11273
11242
11274
11243
11275
11244
11276
11245
11277
11246
11278
11247
11279
11248
11280
11249
11281
11250
11282
11251
11283
11252
11284
11253
11285
11254
11286
11255
11287
11256
11288
11257
11289
11258
11290
11259
11291
11260
11292
11261
11293
11262
11294
11263
9522
11264
11296
11265
11297
11266
11298
11267
11299
11268
11300
11269
11301
11270
11302
11271
11303
11272
11304
11273
11305
11274
11306
11275
11307
11276
11308
11277
11309
11278
11310
11279
11311
11280
11312
11281
11313
11282
11314
11283
11315
11284
11316
11285
11317
11286
11318
11287
11319
11288
11320
11289
11321
11290
11322
11291
11323
11292
11324
11293
11325
11294
11326
11295
9523
11296
11328
11297
11329
11298
11330
11299
11331
11300
11332
11301
11333
11302
11334
11303
11335
11304
11336
11305
11337
11306
11338
11307
11339
11308
11340
11309
11341
11310
11342
11311
11343
11312
11344
11313
11345
11314
11346
11315
11347
11316
11348
11317
11349
11318
11350
11319
11351
11320
11352
11321
11353
11322
11354
11323
11355
11324
11356
11325
11357
11326
11358
11327
9524
11328
11360
11329
11361
11330
11362
11331
11363
11332
11364
11333
11365
11334
11366
11335
11367
11336
11368
11337
11369
11338
11370
11339
11371
11340
11372
11341
11373
11342
11374
11343
11375
11344
11376
11345
11377
11346
11378
11347
11379
11348
11380
11349
11381
11350
11382
11351
11383
11352
11384
11353
11385
11354
11386
11355
11387
11356
11388
11357
11389
11358
11359
11390
9525
11360
11392
11361
11393
11362
11394
11363
11395
11364
11396
11365
11397
11366
11398
11367
11399
11368
11400
11369
11401
11370
11402
11371
11403
11372
11404
11373
11405
11374
11406
11375
11407
11376
11408
11377
11409
11378
11410
11379
11411
11380
11412
11381
11413
11382
11414
11383
11415
11384
11416
11385
11417
11386
11418
11387
11419
11388
11420
11389
11390
11421
11391
11422
9526
11392
11424
11393
11425
11394
11426
11395
11427
11396
11428
11397
11429
11398
11430
11399
11431
11400
11432
11401
11433
11402
11434
11403
11435
11404
11436
11405
11437
11406
11438
11407
11439
11408
11440
11409
11441
11410
11442
11411
11443
11412
11444
11413
11445
11414
11446
11415
11447
11416
11448
11417
11449
11418
11450
11419
11451
11420
11452
11421
11422
11453
11423
11454
9527
11424
11456
11425
11457
11426
11458
11427
11459
11428
11460
11429
11461
11430
11462
11431
11463
11432
11464
11433
11465
11434
11466
11435
11467
11436
11468
11437
11469
11438
11470
11439
11471
11440
11472
11441
11473
11442
11474
11443
11475
11444
11476
11445
11477
11446
11478
11447
11479
11448
11480
11449
11481
11450
11482
11451
11483
11452
11484
11453
11454
11485
11455
11486
9528
11456
11488
11457
11489
11458
11490
11459
11491
11460
11492
11461
11493
11462
11494
11463
11495
11464
11496
11465
11497
11466
11498
11467
11499
11468
11500
11469
11501
11470
11502
11471
11503
11472
11504
11473
11505
11474
11506
11475
11507
11476
11508
11477
11509
11478
11510
11479
11511
11480
11512
11481
11513
11482
11514
11483
11515
11484
11516
11485
11517
11486
11487
11518
9529
11488
11520
11489
11521
11490
11522
11491
11523
11492
11524
11493
11525
11494
11526
11495
11527
11496
11528
11497
11529
11498
11530
11499
11531
11500
11532
11501
11533
11502
11534
11503
11535
11504
11536
11505
11537
11506
11538
11507
11539
11508
11540
11509
11541
11510
11542
11511
11543
11512
11544
11513
11545
11514
11546
11515
11547
11516
11548
11517
11549
11518
11550
11519
9530
11520
11552
11521
11553
11522
11554
11523
11555
11524
11556
11525
11557
11526
11558
11527
11559
11528
11560
11529
11561
11530
11562
11531
11563
11532
11564
11533
11565
11534
11566
11535
11567
11536
11568
11537
11569
11538
11570
11539
11571
11540
11572
11541
11573
11542
11574
11543
11575
11544
11576
11545
11577
11546
11578
11547
11579
11548
11580
11549
11581
11550
11582
11551
9531
11552
11584
11553
11585
11554
11586
11555
11587
11556
11588
11557
11589
11558
11590
11559
11591
11560
11592
11561
11593
11562
11594
11563
11595
11564
11596
11565
11597
11566
11598
11567
11599
11568
11600
11569
11601
11570
11602
11571
11603
11572
11604
11573
11605
11574
11606
11575
11607
11576
11608
11577
11609
11578
11610
11579
11611
11580
11612
11581
11613
11582
11614
11583
11616
11617
11618
11619
11620
11621
11622
11623
11624
11625
11626
11627
11628
11629
11630
11631
11632
11633
11634
11635
11636
11637
11638
11639
11640
11641
11642
11643
11644
11645
11646
11647
11648
11649
11650
11651
11652
11653
11654
11655
11656
11657
11658
11659
11660
11661
11662
11663
11664
11665
11666
11667
11668
11669
11670
11671
11672
11673
11674
11675
11676
11677
11678
11679
11680
11681
11682
11616
11617
11684
11618
11685
11619
11686
11620
11687
11621
11688
11622
11689
11623
11690
11624
11691
11625
11692
11626
11693
11627
11694
11628
11695
11629
11696
11630
11697
11631
11698
11632
11699
11633
11700
11634
11701
11635
11702
11636
11703
11637
11704
11638
11705
11639
11706
11640
11707
11641
11708
11642
11709
11643
11710
11644
11711
11645
11712
11646
11713
11647
11714
11648
11715
11649
11716
11650
11717
11651
11718
11652
11719
11653
11720
11654
11721
11655
11722
11656
11723
11657
11724
11658
11725
11659
11726
11660
11727
11661
11728
11662
11729
11663
11730
11664
11731
11665
11732
11666
11733
11667
11734
11668
11735
11669
11736
11670
11737
11671
11738
11672
11739
11673
11740
11674
11741
11675
11742
11676
11743
11677
11744
11678
11745
11679
11746
11680
11747
11681
11748
11682
11749
11683
11750
11684
11685
11752
11686
11753
11687
11754
11688
11755
11689
11756
11690
11757
11691
11758
11692
11759
11693
11760
11694
11761
11695
11762
11696
11763
11697
11764
11698
11765
11699
11766
11700
11767
11701
11768
11702
11769
11703
11770
11704
11771
11705
11772
11706
11773
11707
11774
11708
11775
11709
11776
11710
11777
11711
11778
11712
11779
11713
11780
11714
11781
11715
11782
11716
11783
11717
11784
11718
11785
11719
11786
11720
11787
11721
11788
11722
11789
11723
11790
11724
11791
11725
11792
11726
11793
11727
11794
11728
11795
11729
11796
11730
11797
11731
11798
11732
11799
11733
11800
11734
11801
11735
11802
11736
11803
11737
11804
11738
11805
11739
11806
11740
11807
11741
11808
11742
11809
11743
11810
11744
11811
11745
11812
11746
11813
11747
11814
11748
11815
11749
11816
11750
11817
11751
11818
11752
11753
11820
11754
11821
11755
11822
11756
11823
11757
11824
11758
11825
11759
11826
11760
11827
11761
11828
11762
11829
11763
11830
11764
11831
11765
11832
11766
11833
11767
11834
11768
11835
11769
11836
11770
11837
11771
11838
11772
11839
11773
11840
11774
11841
11775
11842
11776
11843
11777
11844
11778
11845
11779
11846
11780
11847
11781
11848
11782
11849
11783
11850
11784
11851
11785
11852
11786
11853
11787
11854
11788
11855
11789
11856
11790
11857
11791
11858
11792
11859
11793
11860
11794
11861
11795
11862
11796
11863
11797
11864
11798
11865
11799
11866
11800
11867
11801
11868
11802
11869
11803
11870
11804
11871
11805
11872
11806
11873
11807
11874
11808
11875
11809
11876
11810
11877
11811
11878
11812
11879
11813
11880
11814
11881
11815
11882
11816
11883
11817
11884
11818
11885
11819
11886
11820
11821
11888
11822
11889
11823
11890
11824
11891
11825
11892
11826
11893
11827
11894
11828
11895
11829
11896
11830
11897
11831
11898
11832
11899
11833
11900
11834
11901
11835
11902
11836
11903
11837
11904
11838
11905
11839
11906
11840
11907
11841
11908
11842
11909
11843
11910
11844
11911
11845
11912
11846
11913
11847
11914
11848
11915
11849
11916
11850
11917
11851
11918
11852
11919
11853
11920
11854
11921
11855
11922
11856
11923
11857
11924
11858
11925
11859
11926
11860
11927
11861
11928
11862
11929
11863
11930
11864
11931
11865
11932
11866
11933
11867
11934
11868
11935
11869
11936
11870
11937
11871
11938
11872
11939
11873
11940
11874
11941
11875
11942
11876
11943
11877
11944
11878
11945
11879
11946
11880
11947
11881
11948
11882
11949
11883
11950
11884
11951
11885
11952
11886
11953
11887
11954
11888
11889
11956
11890
11957
11891
11958
11892
11959
11893
11960
11894
11961
11895
11962
11896
11963
11897
11964
11898
11965
11899
11966
11900
11967
11901
11968
11902
11969
11903
11970
11904
11971
11905
11972
11906
11973
11907
11974
11908
11975
11909
11976
11910
11977
11911
11978
11912
11979
11913
11980
11914
11981
11915
11982
11916
11983
11917
11984
11918
11985
11919
11986
11920
11987
11921
11988
11922
11989
11923
11990
11924
11991
11925
11992
11926
11993
11927
11994
11928
11995
11929
11996
11930
11997
11931
11998
11932
11999
11933
12000
11934
12001
11935
12002
11936
12003
11937
12004
11938
12005
11939
12006
11940
12007
11941
12008
11942
12009
11943
12010
11944
12011
11945
12012
11946
12013
11947
12014
11948
12015
11949
12016
11950
12017
11951
12018
11952
12019
11953
12020
11954
12021
11955
12022
11956
11957
12024
11958
12025
11959
12026
11960
12027
11961
12028
11962
12029
11963
12030
11964
12031
11965
12032
11966
12033
11967
12034
11968
12035
11969
12036
11970
12037
11971
12038
11972
12039
11973
12040
11974
12041
11975
12042
11976
12043
11977
12044
11978
12045
11979
12046
11980
12047
11981
12048
11982
12049
11983
12050
11984
12051
11985
12052
11986
12053
11987
12054
11988
12055
11989
12056
11990
12057
11991
12058
11992
12059
11993
12060
11994
12061
11995
12062
11996
12063
11997
12064
11998
12065
11999
12066
12000
12067
12001
12068
12002
12069
12003
12070
12004
12071
12005
12072
12006
12073
12007
12074
12008
12075
12009
12076
12010
12077
12011
12078
12012
12079
12013
12080
12014
12081
12015
12082
12016
12083
12017
12084
12018
12085
12019
12086
12020
12087
12021
12088
12022
12089
12023
12090
12024
12025
12092
12026
12093
12027
12094
12028
12095
12029
12096
12030
12097
12031
12098
12032
12099
12033
12100
12034
12101
12035
12102
12036
12103
12037
12104
12038
12105
12039
12106
12040
12107
12041
12108
12042
12109
12043
12110
12044
12111
12045
12112
12046
12113
12047
12114
12048
12115
12049
12116
12050
12117
12051
12118
12052
12119
12053
12120
12054
12121
12055
12122
12056
12123
12057
12124
12058
12125
12059
12126
12060
12127
12061
12128
12062
12129
12063
12130
12064
12131
12065
12132
12066
12133
12067
12134
12068
12135
12069
12136
12070
12137
12071
12138
12072
12139
12073
12140
12074
12141
12075
12142
12076
12143
12077
12144
12078
12145
12079
12146
12080
12147
12081
12148
12082
12149
12083
12150
12084
12151
12085
12152
12086
12153
12087
12154
12088
12155
12089
12156
12090
12157
12091
12158
12092
12093
12160
12094
12161
12095
12162
12096
12163
12097
12164
12098
12165
12099
12166
12100
12167
12101
12168
12102
12169
12103
12170
12104
12171
12105
12172
12106
12173
12107
12174
12108
12175
12109
12176
12110
12177
12111
12178
12112
12179
12113
12180
12114
12181
12115
12182
12116
12183
12117
12184
12118
12185
12119
12186
12120
12187
12121
12188
12122
12189
12123
12190
12124
12191
12125
12192
12126
12193
12127
12194
12128
12195
12129
12196
12130
12197
12131
12198
12132
12199
12133
12200
12134
12201
12135
12202
12136
12203
12137
12204
12138
12205
12139
12206
12140
12207
12141
12208
12142
12209
12143
12210
12144
12211
12145
12212
12146
12213
12147
12214
12148
12215
12149
12216
12150
12217
12151
12218
12152
12219
12153
12220
12154
12221
12155
12222
12156
12223
12157
12224
12158
12225
12159
12226
12160
12161
12228
12162
12229
12163
12230
12164
12231
12165
12232
12166
12233
12167
12234
12168
12235
12169
12236
12170
12237
12171
12238
12172
12239
12173
12240
12174
12241
12175
12242
12176
12243
12177
12244
12178
12245
12179
12246
12180
12247
12181
12248
12182
12249
12183
12250
12184
12251
12185
12252
12186
12253
12187
12254
12188
12255
12189
12256
12190
12257
12191
12258
12192
12259
12193
12260
12194
12261
12195
12262
12196
12263
12197
12264
12198
12265
12199
12266
12200
12267
12201
12268
12202
12269
12203
12270
12204
12271
12205
12272
12206
12273
12207
12274
12208
12275
12209
12276
12210
12277
12211
12278
12212
12279
12213
12280
12214
12281
12215
12282
12216
12283
12217
12284
12218
12285
12219
12286
12220
12287
12221
12288
12222
12289
12223
12290
12224
12291
12225
12292
12226
12293
12227
12294
12228
12229
12296
12230
12297
12231
12298
12232
12299
12233
12300
12234
12301
12235
12302
12236
12303
12237
12304
12238
12305
12239
12306
12240
12307
12241
12308
12242
12309
12243
12310
12244
12311
12245
12312
12246
12313
12247
12314
12248
12315
12249
12316
12250
12317
12251
12318
12252
12319
12253
12320
12254
12321
12255
12322
12256
12323
12257
12324
12258
12325
12259
12326
12260
12327
12261
12328
12262
12329
12263
12330
12264
12331
12265
12332
12266
12333
12267
12334
12268
12335
12269
12336
12270
12337
12271
12338
12272
12339
12273
12340
12274
12341
12275
12342
12276
12343
12277
12344
12278
12345
12279
12346
12280
12347
12281
12348
12282
12349
12283
12350
12284
12351
12285
12352
12286
12353
12287
12354
12288
12355
12289
12356
12290
12357
12291
12358
12292
12359
12293
12360
12294
12361
12295
12362
12296
12297
12364
12298
12365
12299
12366
12300
12367
12301
12368
12302
12369
12303
12370
12304
12371
12305
12372
12306
12373
12307
12374
12308
12375
12309
12376
12310
12377
12311
12378
12312
12379
12313
12380
12314
12381
12315
12382
12316
12383
12317
12384
12318
12385
12319
12386
12320
12387
12321
12388
12322
12389
12323
12390
12324
12391
12325
12392
12326
12393
12327
12394
12328
12395
12329
12396
12330
12397
12331
12398
12332
12399
12333
12400
12334
12401
12335
12402
12336
12403
12337
12404
12338
12405
12339
12406
12340
12407
12341
12408
12342
12409
12343
12410
12344
12411
12345
12412
12346
12413
12347
12414
12348
12415
12349
12416
12350
12417
12351
12418
12352
12419
12353
12420
12354
12421
12355
12422
12356
12423
12357
12424
12358
12425
12359
12426
12360
12427
12361
12428
12362
12429
12363
12430
12364
12365
12432
12366
12433
12367
12434
12368
12435
12369
12436
12370
12437
12371
12438
12372
12439
12373
12440
12374
12441
12375
12442
12376
12443
12377
12444
12378
12445
12379
12446
12380
12447
12381
12448
12382
12449
12383
12450
12384
12451
12385
12452
12386
12453
12387
12454
12388
12455
12389
12456
12390
12457
12391
12458
12392
12459
12393
12460
12394
12461
12395
12462
12396
12463
12397
12464
12398
12465
12399
12466
12400
12467
12401
12468
12402
12469
12403
12470
12404
12471
12405
12472
12406
12473
12407
12474
12408
12475
12409
12476
12410
12477
12411
12478
12412
12479
12413
12480
12414
12481
12415
12482
12416
12483
12417
12484
12418
12485
12419
12486
12420
12487
12421
12488
12422
12489
12423
12490
12424
12491
12425
12492
12426
12493
12427
12494
12428
12495
12429
12496
12430
12497
12431
12498
12432
12433
12500
12434
12501
12435
12502
12436
12503
12437
12504
12438
12505
12439
12506
12440
12507
12441
12508
12442
12509
12443
12510
12444
12511
12445
12512
12446
12513
12447
12514
12448
12515
12449
12516
12450
12517
12451
12518
12452
12519
12453
12520
12454
12521
12455
12522
12456
12523
12457
12524
12458
12525
12459
12526
12460
12527
12461
12528
12462
12529
12463
12530
12464
12531
12465
12532
12466
12533
12467
12534
12468
12535
12469
12536
12470
12537
12471
12538
12472
12539
12473
12540
12474
12541
12475
12542
12476
12543
12477
12544
12478
12545
12479
12546
12480
12547
12481
12548
12482
12549
12483
12550
12484
12551
12485
12552
12486
12553
12487
12554
12488
12555
12489
12556
12490
12557
12491
12558
12492
12559
12493
12560
12494
12561
12495
12562
12496
12563
12497
12564
12498
12565
12499
12566
12500
12501
12568
12502
12569
12503
12570
12504
12571
12505
12572
12506
12573
12507
12574
12508
12575
12509
12576
12510
12577
12511
12578
12512
12579
12513
12580
12514
12581
12515
12582
12516
12583
12517
12584
12518
12585
12519
12586
12520
12587
12521
12588
12522
12589
12523
12590
12524
12591
12525
12592
12526
12593
12527
12594
12528
12595
12529
12596
12530
12597
12531
12598
12532
12599
12533
12600
12534
12601
12535
12602
12536
12603
12537
12604
12538
12605
12539
12606
12540
12607
12541
12608
12542
12609
12543
12610
12544
12611
12545
12612
12546
12613
12547
12614
12548
12615
12549
12616
12550
12617
12551
12618
12552
12619
12553
12620
12554
12621
12555
12622
12556
12623
12557
12624
12558
12625
12559
12626
12560
12627
12561
12628
12562
12629
12563
12630
12564
12631
12565
12632
12566
12633
12567
12634
12568
12569
12636
12570
12637
12571
12638
12572
12639
12573
12640
12574
12641
12575
12642
12576
12643
12577
12644
12578
12645
12579
12646
12580
12647
12581
12648
12582
12649
12583
12650
12584
12651
12585
12652
12586
12653
12587
12654
12588
12655
12589
12656
12590
12657
12591
12658
12592
12659
12593
12660
12594
12661
12595
12662
12596
12663
12597
12664
12598
12665
12599
12666
12600
12667
12601
12668
12602
12669
12603
12670
12604
12671
12605
12672
12606
12673
12607
12674
12608
12675
12609
12676
12610
12677
12611
12678
12612
12679
12613
12680
12614
12681
12615
12682
12616
12683
12617
12684
12618
12685
12619
12686
12620
12687
12621
12688
12622
12689
12623
12690
12624
12691
12625
12692
12626
12693
12627
12694
12628
12695
12629
12696
12630
12697
12631
12698
12632
12699
12633
12700
12634
12701
12635
12702
12636
12637
12704
12638
12705
12639
12706
12640
12707
12641
12708
12642
12709
12643
12710
12644
12711
12645
12712
12646
12713
12647
12714
12648
12715
12649
12716
12650
12717
12651
12718
12652
12719
12653
12720
12654
12721
12655
12722
12656
12723
12657
12724
12658
12725
12659
12726
12660
12727
12661
12728
12662
12729
12663
12730
12664
12731
12665
12732
12666
12733
12667
12734
12668
12735
12669
12736
12670
12737
12671
12738
12672
12739
12673
12740
12674
12741
12675
12742
12676
12743
12677
12744
12678
12745
12679
12746
12680
12747
12681
12748
12682
12749
12683
12750
12684
12751
12685
12752
12686
12753
12687
12754
12688
12755
12689
12756
12690
12757
12691
12758
12692
12759
12693
12760
12694
12761
12695
12762
12696
12763
12697
12764
12698
12765
12699
12766
12700
12767
12701
12768
12702
12769
12703
12770
12704
12705
12772
12706
12773
12707
12774
12708
12775
12709
12776
12710
12777
12711
12778
12712
12779
12713
12780
12714
12781
12715
12782
12716
12783
12717
12784
12718
12785
12719
12786
12720
12787
12721
12788
12722
12789
12723
12790
12724
12791
12725
12792
12726
12793
12727
12794
12728
12795
12729
12796
12730
12797
12731
12798
12732
12799
12733
12800
12734
12801
12735
12802
12736
12803
12737
12804
12738
12805
12739
12806
12740
12807
12741
12808
12742
12809
12743
12810
12744
12811
12745
12812
12746
12813
12747
12814
12748
12815
12749
12816
12750
12817
12751
12818
12752
12819
12753
12820
12754
12821
12755
12822
12756
12823
12757
12824
12758
12825
12759
12826
12760
12827
12761
12828
12762
12829
12763
12830
12764
12831
12765
12832
12766
12833
12767
12834
12768
12835
12769
12836
12770
12837
12771
12838
12772
12773
12840
12774
12841
12775
12842
12776
12843
12777
12844
12778
12845
12779
12846
12780
12847
12781
12848
12782
12849
12783
12850
12784
12851
12785
12852
12786
12853
12787
12854
12788
12855
12789
12856
12790
12857
12791
12858
12792
12859
12793
12860
12794
12861
12795
12862
12796
12863
12797
12864
12798
12865
12799
12866
12800
12867
12801
12868
12802
12869
12803
12870
12804
12871
12805
12872
12806
12873
12807
12874
12808
12875
12809
12876
12810
12877
12811
12878
12812
12879
12813
12880
12814
12881
12815
12882
12816
12883
12817
12884
12818
12885
12819
12886
12820
12887
12821
12888
12822
12889
12823
12890
12824
12891
12825
12892
12826
12893
12827
12894
12828
12895
12829
12896
12830
12897
12831
12898
12832
12899
12833
12900
12834
12901
12835
12902
12836
12903
12837
12904
12838
12905
12839
12906
12840
12841
12908
12842
12909
12843
12910
12844
12911
12845
12912
12846
12913
12847
12914
12848
12915
12849
12916
12850
12917
12851
12918
12852
12919
12853
12920
12854
12921
12855
12922
12856
12923
12857
12924
12858
12925
12859
12926
12860
12927
12861
12928
12862
12929
12863
12930
12864
12931
12865
12932
12866
12933
12867
12934
12868
12935
12869
12936
12870
12937
12871
12938
12872
12939
12873
12940
12874
12941
12875
12942
12876
12943
12877
12944
12878
12945
12879
12946
12880
12947
12881
12948
12882
12949
12883
12950
12884
12951
12885
12952
12886
12953
12887
12954
12888
12955
12889
12956
12890
12957
12891
12958
12892
12959
12893
12960
12894
12961
12895
12962
12896
12963
12897
12964
12898
12965
12899
12966
12900
12967
12901
12968
12902
12969
12903
12970
12904
12971
12905
12972
12906
12973
12907
12974
12908
12909
12976
12910
12977
12911
12978
12912
12979
12913
12980
12914
12981
12915
12982
12916
12983
12917
12984
12918
12985
12919
12986
12920
12987
12921
12988
12922
12989
12923
12990
12924
12991
12925
12992
12926
12993
12927
12994
12928
12995
12929
12996
12930
12997
12931
12998
12932
12999
12933
13000
12934
13001
12935
13002
12936
13003
12937
13004
12938
13005
12939
13006
12940
13007
12941
13008
12942
13009
12943
13010
12944
13011
12945
13012
12946
13013
12947
13014
12948
13015
12949
13016
12950
13017
12951
13018
12952
13019
12953
13020
12954
13021
12955
13022
12956
13023
12957
13024
12958
13025
12959
13026
12960
13027
12961
13028
12962
13029
12963
13030
12964
13031
12965
13032
12966
13033
12967
13034
12968
13035
12969
13036
12970
13037
12971
13038
12972
13039
12973
13040
12974
13041
12975
13042
12976
12977
13044
12978
13045
12979
13046
12980
13047
12981
13048
12982
13049
12983
13050
12984
13051
12985
13052
12986
13053
12987
13054
12988
13055
12989
13056
12990
13057
12991
13058
12992
13059
12993
13060
12994
13061
12995
13062
12996
13063
12997
13064
12998
13065
12999
13066
13000
13067
13001
13068
13002
13069
13003
13070
13004
13071
13005
13072
13006
13073
13007
13074
13008
13075
13009
13076
13010
13077
13011
13078
13012
13079
13013
13080
13014
13081
13015
13082
13016
13083
13017
13084
13018
13085
13019
13086
13020
13087
13021
13088
13022
13089
13023
13090
13024
13091
13025
13092
13026
13093
13027
13094
13028
13095
13029
13096
13030
13097
13031
13098
13032
13099
13033
13100
13034
13101
13035
13102
13036
13103
13037
13104
13038
13105
13039
13106
13040
13107
13041
13108
13042
13109
13043
13110
13044
13045
13112
13046
13113
13047
13114
13048
13115
13049
13116
13050
13117
13051
13118
13052
13119
13053
13120
13054
13121
13055
13122
13056
13123
13057
13124
13058
13125
13059
13126
13060
13127
13061
13128
13062
13129
13063
13130
13064
13131
13065
13132
13066
13133
13067
13134
13068
13135
13069
13136
13070
13137
13071
13138
13072
13139
13073
13140
13074
13141
13075
13142
13076
13143
13077
13144
13078
13145
13079
13146
13080
13147
13081
13148
13082
13149
13083
13150
13084
13151
13085
13152
13086
13153
13087
13154
13088
13155
13089
13156
13090
13157
13091
13158
13092
13159
13093
13160
13094
13161
13095
13162
13096
13163
13097
13164
13098
13165
13099
13166
13100
13167
13101
13168
13102
13169
13103
13170
13104
13171
13105
13172
13106
13173
13107
13174
13108
13175
13109
13176
13110
13177
13111
13178
13112
3199
13113
3198
13180
13114
3197
13181
13115
3196
13182
13116
3195
13183
13117
3194
13184
13118
3193
13185
13119
3192
13186
13120
3191
13187
13121
3190
13188
13122
3189
13189
13123
3188
13190
13124
3187
13191
13125
3186
13192
13126
3185
13193
13127
3184
13194
13128
3183
13195
13129
3182
13196
13130
3181
13197
13131
3180
13198
13132
3179
13199
13133
3178
13200
13134
3177
13201
13135
3176
13202
13136
3175
13203
13137
3174
13204
13138
3173
13205
13139
3172
13206
13140
3171
13207
13141
3170
13208
13142
3169
13209
13143
3168
13210
13144
3167
13211
13145
3166
13212
13146
3165
13213
13147
3164
13214
13148
3163
13215
13149
3162
13216
13150
3161
13217
13151
3160
13218
13152
3159
13219
13153
3158
13220
13154
3157
13221
13155
3156
13222
13156
3155
13223
13157
3154
13224
13158
3153
13225
13159
3152
13226
13160
3151
13227
13161
3150
13228
13162
3149
13229
13163
3148
13230
13164
3147
13231
13165
3146
13232
13166
3145
13233
13167
3144
13234
13168
3143
13235
13169
3142
13236
13170
3141
13237
13171
3140
13238
13172
3139
13239
13173
3138
13240
13174
3137
13241
13175
3136
13242
13176
3135
13243
13177
3134
13244
13178
3133
13245
13179
3132
13246
3052
3053
13248
3054
13249
3055
13250
3056
13251
3057
13252
3058
13253
3059
13254
3060
13255
3061
13256
3062
13257
3063
13258
3064
13259
3065
13260
3066
13261
3067
13262
3068
13263
3069
13264
3070
13265
3071
13266
3072
13267
3073
13268
3074
13269
3075
13270
3076
13271
3077
13272
3078
13273
3079
13274
3080
13275
3081
13276
3082
13277
3083
13278
3084
13279
3085
13280
3086
13281
3087
13282
3088
13283
3089
13284
3090
13285
3091
13286
3092
13287
3093
13288
3094
13289
3095
13290
3096
13291
3097
13292
3098
13293
3099
13294
3100
13295
3101
13296
3102
13297
3103
13298
3104
13299
3105
13300
3106
13301
3107
13302
3108
13303
3109
13304
3110
13305
3111
13306
3112
13307
3113
13308
3114
13309
3115
13310
3116
13311
3117
13312
3118
13313
3119
13314
13248
13249
13316
13250
13317
13251
13318
13252
13319
13253
13320
13254
13321
13255
13322
13256
13323
13257
13324
13258
13325
13259
13326
13260
13327
13261
13328
13262
13329
13263
13330
13264
13331
13265
13332
13266
13333
13267
13334
13268
13335
13269
13336
13270
13337
13271
13338
13272
13339
13273
13340
13274
13341
13275
13342
13276
13343
13277
13344
13278
13345
13279
13346
13280
13347
13281
13348
13282
13349
13283
13350
13284
13351
13285
13352
13286
13353
13287
13354
13288
13355
13289
13356
13290
13357
13291
13358
13292
13359
13293
13360
13294
13361
13295
13362
13296
13363
13297
13364
13298
13365
13299
13366
13300
13367
13301
13368
13302
13369
13303
13370
13304
13371
13305
13372
13306
13373
13307
13374
13308
13375
13309
13376
13310
13377
13311
13378
13312
13379
13313
13380
13314
13381
13315
13382
13316
13317
13384
13318
13385
13319
13386
13320
13387
13321
13388
13322
13389
13323
13390
13324
13391
13325
13392
13326
13393
13327
13394
13328
13395
13329
13396
13330
13397
13331
13398
13332
13399
13333
13400
13334
13401
13335
13402
13336
13403
13337
13404
13338
13405
13339
13406
13340
13407
13341
13408
13342
13409
13343
13410
13344
13411
13345
13412
13346
13413
13347
13414
13348
13415
13349
13416
13350
13417
13351
13418
13352
13419
13353
13420
13354
13421
13355
13422
13356
13423
13357
13424
13358
13425
13359
13426
13360
13427
13361
13428
13362
13429
13363
13430
13364
13431
13365
13432
13366
13433
13367
13434
13368
13435
13369
13436
13370
13437
13371
13438
13372
13439
13373
13440
13374
13441
13375
13442
13376
13443
13377
13444
13378
13445
13379
13446
13380
13447
13381
13448
13382
13449
13383
13450
13384
13385
13452
13386
13453
13387
13454
13388
13455
13389
13456
13390
13457
13391
13458
13392
13459
13393
13460
13394
13461
13395
13462
13396
13463
13397
13464
13398
13465
13399
13466
13400
13467
13401
13468
13402
13469
13403
13470
13404
13471
13405
13472
13406
13473
13407
13474
13408
13475
13409
13476
13410
13477
13411
13478
13412
13479
13413
13480
13414
13481
13415
13482
13416
13483
13417
13484
13418
13485
13419
13486
13420
13487
13421
13488
13422
13489
13423
13490
13424
13491
13425
13492
13426
13493
13427
13494
13428
13495
13429
13496
13430
13497
13431
13498
13432
13499
13433
13500
13434
13501
13435
13502
13436
13503
13437
13504
13438
13505
13439
13506
13440
13507
13441
13508
13442
13509
13443
13510
13444
13511
13445
13512
13446
13513
13447
13514
13448
13515
13449
13516
13450
13517
13451
13518
13452
13453
13520
13454
13521
13455
13522
13456
13523
13457
13524
13458
13525
13459
13526
13460
13527
13461
13528
13462
13529
13463
13530
13464
13531
13465
13532
13466
13533
13467
13534
13468
13535
13469
13536
13470
13537
13471
13538
13472
13539
13473
13540
13474
13541
13475
13542
13476
13543
13477
13544
13478
13545
13479
13546
13480
13547
13481
13548
13482
13549
13483
13550
13484
13551
13485
13552
13486
13553
13487
13554
13488
13555
13489
13556
13490
13557
13491
13558
13492
13559
13493
13560
13494
13561
13495
13562
13496
13563
13497
13564
13498
13565
13499
13566
13500
13567
13501
13568
13502
13569
13503
13570
13504
13571
13505
13572
13506
13573
13507
13574
13508
13575
13509
13576
13510
13577
13511
13578
13512
13579
13513
13580
13514
13581
13515
13582
13516
13583
13517
13584
13518
13585
13519
13586
13520
13521
13588
13522
13589
13523
13590
13524
13591
13525
13592
13526
13593
13527
13594
13528
13595
13529
13596
13530
13597
13531
13598
13532
13599
13533
13600
13534
13601
13535
13602
13536
13603
13537
13604
13538
13605
13539
13606
13540
13607
13541
13608
13542
13609
13543
13610
13544
13611
13545
13612
13546
13613
13547
13614
13548
13615
13549
13616
13550
13617
13551
13618
13552
13619
13553
13620
13554
13621
13555
13622
13556
13623
13557
13624
13558
13625
13559
13626
13560
13627
13561
13628
13562
13629
13563
13630
13564
13631
13565
13632
13566
13633
13567
13634
13568
13635
13569
13636
13570
13637
13571
13638
13572
13639
13573
13640
13574
13641
13575
13642
13576
13643
13577
13644
13578
13645
13579
13646
13580
13647
13581
13648
13582
13649
13583
13650
13584
13651
13585
13652
13586
13653
13587
13654
13588
13589
13656
13590
13657
13591
13658
13592
13659
13593
13660
13594
13661
13595
13662
13596
13663
13597
13664
13598
13665
13599
13666
13600
13667
13601
13668
13602
13669
13603
13670
13604
13671
13605
13672
13606
13673
13607
13674
13608
13675
13609
13676
13610
13677
13611
13678
13612
13679
13613
13680
13614
13681
13615
13682
13616
13683
13617
13684
13618
13685
13619
13686
13620
13687
13621
13688
13622
13689
13623
13690
13624
13691
13625
13692
13626
13693
13627
13694
13628
13695
13629
13696
13630
13697
13631
13698
13632
13699
13633
13700
13634
13701
13635
13702
13636
13703
13637
13704
13638
13705
13639
13706
13640
13707
13641
13708
13642
13709
13643
13710
13644
13711
13645
13712
13646
13713
13647
13714
13648
13715
13649
13716
13650
13717
13651
13718
13652
13719
13653
13720
13654
13721
13655
13722
13656
13657
13724
13658
13725
13659
13726
13660
13727
13661
13728
13662
13729
13663
13730
13664
13731
13665
13732
13666
13733
13667
13734
13668
13735
13669
13736
13670
13737
13671
13738
13672
13739
13673
13740
13674
13741
13675
13742
13676
13743
13677
13744
13678
13745
13679
13746
13680
13747
13681
13748
13682
13749
13683
13750
13684
13751
13685
13752
13686
13753
13687
13754
13688
13755
13689
13756
13690
13757
13691
13758
13692
13759
13693
13760
13694
13761
13695
13762
13696
13763
13697
13764
13698
13765
13699
13766
13700
13767
13701
13768
13702
13769
13703
13770
13704
13771
13705
13772
13706
13773
13707
13774
13708
13775
13709
13776
13710
13777
13711
13778
13712
13779
13713
13780
13714
13781
13715
13782
13716
13783
13717
13784
13718
13785
13719
13786
13720
13787
13721
13788
13722
13789
13723
13790
13724
13725
13792
13726
13793
13727
13794
13728
13795
13729
13796
13730
13797
13731
13798
13732
13799
13733
13800
13734
13801
13735
13802
13736
13803
13737
13804
13738
13805
13739
13806
13740
13807
13741
13808
13742
13809
13743
13810
13744
13811
13745
13812
13746
13813
13747
13814
13748
13815
13749
13816
13750
13817
13751
13818
13752
13819
13753
13820
13754
13821
13755
13822
13756
13823
13757
13824
13758
13825
13759
13826
13760
13827
13761
13828
13762
13829
13763
13830
13764
13831
13765
13832
13766
13833
13767
13834
13768
13835
13769
13836
13770
13837
13771
13838
13772
13839
13773
13840
13774
13841
13775
13842
13776
13843
13777
13844
13778
13845
13779
13846
13780
13847
13781
13848
13782
13849
13783
13850
13784
13851
13785
13852
13786
13853
13787
13854
13788
13855
13789
13856
13790
13857
13791
13858
13792
13793
13860
13794
13861
13795
13862
13796
13863
13797
13864
13798
13865
13799
13866
13800
13867
13801
13868
13802
13869
13803
13870
13804
13871
13805
13872
13806
13873
13807
13874
13808
13875
13809
13876
13810
13877
13811
13878
13812
13879
13813
13880
13814
13881
13815
13882
13816
13883
13817
13884
13818
13885
13819
13886
13820
13887
13821
13888
13822
13889
13823
13890
13824
13891
13825
13892
13826
13893
13827
13894
13828
13895
13829
13896
13830
13897
13831
13898
13832
13899
13833
13900
13834
13901
13835
13902
13836
13903
13837
13904
13838
13905
13839
13906
13840
13907
13841
13908
13842
13909
13843
13910
13844
13911
13845
13912
13846
13913
13847
13914
13848
13915
13849
13916
13850
13917
13851
13918
13852
13919
13853
13920
13854
13921
13855
13922
13856
13923
13857
13924
13858
13925
13859
13926
13860
13861
13928
13862
13929
13863
13930
13864
13931
13865
13932
13866
13933
13867
13934
13868
13935
13869
13936
13870
13937
13871
13938
13872
13939
13873
13940
13874
13941
13875
13942
13876
13943
13877
13944
13878
13945
13879
13946
13880
13947
13881
13948
13882
13949
13883
13950
13884
13951
13885
13952
13886
13953
13887
13954
13888
13955
13889
13956
13890
13957
13891
13958
13892
13959
13893
13960
13894
13961
13895
13962
13896
13963
13897
13964
13898
13965
13899
13966
13900
13967
13901
13968
13902
13969
13903
13970
13904
13971
13905
13972
13906
13973
13907
13974
13908
13975
13909
13976
13910
13977
13911
13978
13912
13979
13913
13980
13914
13981
13915
13982
13916
13983
13917
13984
13918
13985
13919
13986
13920
13987
13921
13988
13922
13989
13923
13990
13924
13991
13925
13992
13926
13993
13927
13994
13928
13929
13996
13930
13997
13931
13998
13932
13999
13933
14000
13934
14001
13935
14002
13936
14003
13937
14004
13938
14005
13939
14006
13940
14007
13941
14008
13942
14009
13943
14010
13944
14011
13945
14012
13946
14013
13947
14014
13948
14015
13949
14016
13950
14017
13951
14018
13952
14019
13953
14020
13954
14021
13955
14022
13956
14023
13957
14024
13958
14025
13959
14026
13960
14027
13961
14028
13962
14029
13963
14030
13964
14031
13965
14032
13966
14033
13967
14034
13968
14035
13969
14036
13970
14037
13971
14038
13972
14039
13973
14040
13974
14041
13975
14042
13976
14043
13977
14044
13978
14045
13979
14046
13980
14047
13981
14048
13982
14049
13983
14050
13984
14051
13985
14052
13986
14053
13987
14054
13988
14055
13989
14056
13990
14057
13991
14058
13992
14059
13993
14060
13994
14061
13995
14062
13996
13997
14064
13998
14065
13999
14066
14000
14067
14001
14068
14002
14069
14003
14070
14004
14071
14005
14072
14006
14073
14007
14074
14008
14075
14009
14076
14010
14077
14011
14078
14012
14079
14013
14080
14014
14081
14015
14082
14016
14083
14017
14084
14018
14085
14019
14086
14020
14087
14021
14088
14022
14089
14023
14090
14024
14091
14025
14092
14026
14093
14027
14094
14028
14095
14029
14096
14030
14097
14031
14098
14032
14099
14033
14100
14034
14101
14035
14102
14036
14103
14037
14104
14038
14105
14039
14106
14040
14107
14041
14108
14042
14109
14043
14110
14044
14111
14045
14112
14046
14113
14047
14114
14048
14115
14049
14116
14050
14117
14051
14118
14052
14119
14053
14120
14054
14121
14055
14122
14056
14123
14057
14124
14058
14125
14059
14126
14060
14127
14061
14128
14062
14129
14063
14130
14064
14065
14132
14066
14133
14067
14134
14068
14135
14069
14136
14070
14137
14071
14138
14072
14139
14073
14140
14074
14141
14075
14142
14076
14143
14077
14144
14078
14145
14079
14146
14080
14147
14081
14148
14082
14149
14083
14150
14084
14151
14085
14152
14086
14153
14087
14154
14088
14155
14089
14156
14090
14157
14091
14158
14092
14159
14093
14160
14094
14161
14095
14162
14096
14163
14097
14164
14098
14165
14099
14166
14100
14167
14101
14168
14102
14169
14103
14170
14104
14171
14105
14172
14106
14173
14107
14174
14108
14175
14109
14176
14110
14177
14111
14178
14112
14179
14113
14180
14114
14181
14115
14182
14116
14183
14117
14184
14118
14185
14119
14186
14120
14187
14121
14188
14122
14189
14123
14190
14124
14191
14125
14192
14126
14193
14127
14194
14128
14195
14129
14196
14130
14197
14131
14198
14132
14133
14200
14134
14201
14135
14202
14136
14203
14137
14204
14138
14205
14139
14206
14140
14207
14141
14208
14142
14209
14143
14210
14144
14211
14145
14212
14146
14213
14147
14214
14148
14215
14149
14216
14150
14217
14151
14218
14152
14219
14153
14220
14154
14221
14155
14222
14156
14223
14157
14224
14158
14225
14159
14226
14160
14227
14161
14228
14162
14229
14163
14230
14164
14231
14165
14232
14166
14233
14167
14234
14168
14235
14169
14236
14170
14237
14171
14238
14172
14239
14173
14240
14174
14241
14175
14242
14176
14243
14177
14244
14178
14245
14179
14246
14180
14247
14181
14248
14182
14249
14183
14250
14184
14251
14185
14252
14186
14253
14187
14254
14188
14255
14189
14256
14190
14257
14191
14258
14192
14259
14193
14260
14194
14261
14195
14262
14196
14263
14197
14264
14198
14265
14199
14266
14200
14201
14268
14202
14269
14203
14270
14204
14271
14205
14272
14206
14273
14207
14274
14208
14275
14209
14276
14210
14277
14211
14278
14212
14279
14213
14280
14214
14281
14215
14282
14216
14283
14217
14284
14218
14285
14219
14286
14220
14287
14221
14288
14222
14289
14223
14290
14224
14291
14225
14292
14226
14293
14227
14294
14228
14295
14229
14296
14230
14297
14231
14298
14232
14299
14233
14300
14234
14301
14235
14302
14236
14303
14237
14304
14238
14305
14239
14306
14240
14307
14241
14308
14242
14309
14243
14310
14244
14311
14245
14312
14246
14313
14247
14314
14248
14315
14249
14316
14250
14317
14251
14318
14252
14319
14253
14320
14254
14321
14255
14322
14256
14323
14257
14324
14258
14325
14259
14326
14260
14327
14261
14328
14262
14329
14263
14330
14264
14331
14265
14332
14266
14333
14267
14334
14268
14269
14336
14270
14337
14271
14338
14272
14339
14273
14340
14274
14341
14275
14342
14276
14343
14277
14344
14278
14345
14279
14346
14280
14347
14281
14348
14282
14349
14283
14350
14284
14351
14285
14352
14286
14353
14287
14354
14288
14355
14289
14356
14290
14357
14291
14358
14292
14359
14293
14360
14294
14361
14295
14362
14296
14363
14297
14364
14298
14365
14299
14366
14300
14367
14301
14368
14302
14369
14303
14370
14304
14371
14305
14372
14306
14373
14307
14374
14308
14375
14309
14376
14310
14377
14311
14378
14312
14379
14313
14380
14314
14381
14315
14382
14316
14383
14317
14384
14318
14385
14319
14386
14320
14387
14321
14388
14322
14389
14323
14390
14324
14391
14325
14392
14326
14393
14327
14394
14328
14395
14329
14396
14330
14397
14331
14398
14332
14399
14333
14400
14334
14401
14335
14402
14336
14337
14404
14338
14405
14339
14406
14340
14407
14341
14408
14342
14409
14343
14410
14344
14411
14345
14412
14346
14413
14347
14414
14348
14415
14349
14416
14350
14417
14351
14418
14352
14419
14353
14420
14354
14421
14355
14422
14356
14423
14357
14424
14358
14425
14359
14426
14360
14427
14361
14428
14362
14429
14363
14430
14364
14431
14365
14432
14366
14433
14367
14434
14368
14435
14369
14436
14370
14437
14371
14438
14372
14439
14373
14440
14374
14441
14375
14442
14376
14443
14377
14444
14378
14445
14379
14446
14380
14447
14381
14448
14382
14449
14383
14450
14384
14451
14385
14452
14386
14453
14387
14454
14388
14455
14389
14456
14390
14457
14391
14458
14392
14459
14393
14460
14394
14461
14395
14462
14396
14463
14397
14464
14398
14465
14399
14466
14400
14467
14401
14468
14402
14469
14403
14470
14404
14405
14472
14406
14473
14407
14474
14408
14475
14409
14476
14410
14477
14411
14478
14412
14479
14413
14480
14414
14481
14415
14482
14416
14483
14417
14484
14418
14485
14419
14486
14420
14487
14421
14488
14422
14489
14423
14490
14424
14491
14425
14492
14426
14493
14427
14494
14428
14495
14429
14496
14430
14497
14431
14498
14432
14499
14433
14500
14434
14501
14435
14502
14436
14503
14437
14504
14438
14505
14439
14506
14440
14507
14441
14508
14442
14509
14443
14510
14444
14511
14445
14512
14446
14513
14447
14514
14448
14515
14449
14516
14450
14517
14451
14518
14452
14519
14453
14520
14454
14521
14455
14522
14456
14523
14457
14524
14458
14525
14459
14526
14460
14527
14461
14528
14462
14529
14463
14530
14464
14531
14465
14532
14466
14533
14467
14534
14468
14535
14469
14536
14470
14537
14471
14538
14472
14473
14540
14474
14541
14475
14542
14476
14543
14477
14544
14478
14545
14479
14546
14480
14547
14481
14548
14482
14549
14483
14550
14484
14551
14485
14552
14486
14553
14487
14554
14488
14555
14489
14556
14490
14557
14491
14558
14492
14559
14493
14560
14494
14561
14495
14562
14496
14563
14497
14564
14498
14565
14499
14566
14500
14567
14501
14568
14502
14569
14503
14570
14504
14571
14505
14572
14506
14573
14507
14574
14508
14575
14509
14576
14510
14577
14511
14578
14512
14579
14513
14580
14514
14581
14515
14582
14516
14583
14517
14584
14518
14585
14519
14586
14520
14587
14521
14588
14522
14589
14523
14590
14524
14591
14525
14592
14526
14593
14527
14594
14528
14595
14529
14596
14530
14597
14531
14598
14532
14599
14533
14600
14534
14601
14535
14602
14536
14603
14537
14604
14538
14605
14539
14606
14540
14541
14608
14542
14609
14543
14610
14544
14611
14545
14612
14546
14613
14547
14614
14548
14615
14549
14616
14550
14617
14551
14618
14552
14619
14553
14620
14554
14621
14555
14622
14556
14623
14557
14624
14558
14625
14559
14626
14560
14627
14561
14628
14562
14629
14563
14630
14564
14631
14565
14632
14566
14633
14567
14634
14568
14635
14569
14636
14570
14637
14571
14638
14572
14639
14573
14640
14574
14641
14575
14642
14576
14643
14577
14644
14578
14645
14579
14646
14580
14647
14581
14648
14582
14649
14583
14650
14584
14651
14585
14652
14586
14653
14587
14654
14588
14655
14589
14656
14590
14657
14591
14658
14592
14659
14593
14660
14594
14661
14595
14662
14596
14663
14597
14664
14598
14665
14599
14666
14600
14667
14601
14668
14602
14669
14603
14670
14604
14671
14605
14672
14606
14673
14607
14674
14608
14609
14676
14610
14677
14611
14678
14612
14679
14613
14680
14614
14681
14615
14682
14616
14683
14617
14684
14618
14685
14619
14686
14620
14687
14621
14688
14622
14689
14623
14690
14624
14691
14625
14692
14626
14693
14627
14694
14628
14695
14629
14696
14630
14697
14631
14698
14632
14699
14633
14700
14634
14701
14635
14702
14636
14703
14637
14704
14638
14705
14639
14706
14640
14707
14641
14708
14642
14709
14643
14710
14644
14711
14645
14712
14646
14713
14647
14714
14648
14715
14649
14716
14650
14717
14651
14718
14652
14719
14653
14720
14654
14721
14655
14722
14656
14723
14657
14724
14658
14725
14659
14726
14660
14727
14661
14728
14662
14729
14663
14730
14664
14731
14665
14732
14666
14733
14667
14734
14668
14735
14669
14736
14670
14737
14671
14738
14672
14739
14673
14740
14674
14741
14675
14742
14676
14677
14744
14678
14745
14679
14746
14680
14747
14681
14748
14682
14749
14683
14750
14684
14751
14685
14752
14686
14753
14687
14754
14688
14755
14689
14756
14690
14757
14691
14758
14692
14759
14693
14760
14694
14761
14695
14762
14696
14763
14697
14764
14698
14765
14699
14766
14700
14767
14701
14768
14702
14769
14703
14770
14704
14771
14705
14772
14706
14773
14707
14774
14708
14775
14709
14776
14710
14777
14711
14778
14712
14779
14713
14780
14714
14781
14715
14782
14716
14783
14717
14784
14718
14785
14719
14786
14720
14787
14721
14788
14722
14789
14723
14790
14724
14791
14725
14792
14726
14793
14727
14794
14728
14795
14729
14796
14730
14797
14731
14798
14732
14799
14733
14800
14734
14801
14735
14802
14736
14803
14737
14804
14738
14805
14739
14806
14740
14807
14741
14808
14742
14809
14743
14810
14744
14745
14812
14746
14813
14747
14814
14748
14815
14749
14816
14750
14817
14751
14818
14752
14819
14753
14820
14754
14821
14755
14822
14756
14823
14757
14824
14758
14825
14759
14826
14760
14827
14761
14828
14762
14829
14763
14830
14764
14831
14765
14832
14766
14833
14767
14834
14768
14835
14769
14836
14770
14837
14771
14838
14772
14839
14773
14840
14774
14841
14775
14842
14776
14843
14777
14844
14778
14845
14779
14846
14780
14847
14781
14848
14782
14849
14783
14850
14784
14851
14785
14852
14786
14853
14787
14854
14788
14855
14789
14856
14790
14857
14791
14858
14792
14859
14793
14860
14794
14861
14795
14862
14796
14863
14797
14864
14798
14865
14799
14866
14800
14867
14801
14868
14802
14869
14803
14870
14804
14871
14805
14872
14806
14873
14807
14874
14808
14875
14809
14876
14810
14877
14811
14878
14812
14813
14880
14814
14881
14815
14882
14816
14883
14817
14884
14818
14885
14819
14886
14820
14887
14821
14888
14822
14889
14823
14890
14824
14891
14825
14892
14826
14893
14827
14894
14828
14895
14829
14896
14830
14897
14831
14898
14832
14899
14833
14900
14834
14901
14835
14902
14836
14903
14837
14904
14838
14905
14839
14906
14840
14907
14841
14908
14842
14909
14843
14910
14844
14911
14845
14912
14846
14913
14847
14914
14848
14915
14849
14916
14850
14917
14851
14918
14852
14919
14853
14920
14854
14921
14855
14922
14856
14923
14857
14924
14858
14925
14859
14926
14860
14927
14861
14928
14862
14929
14863
14930
14864
14931
14865
14932
14866
14933
14867
14934
14868
14935
14869
14936
14870
14937
14871
14938
14872
14939
14873
14940
14874
14941
14875
14942
14876
14943
14877
14944
14878
14945
14879
14946
14880
14881
14948
14882
14949
14883
14950
14884
14951
14885
14952
14886
14953
14887
14954
14888
14955
14889
14956
14890
14957
14891
14958
14892
14959
14893
14960
14894
14961
14895
14962
14896
14963
14897
14964
14898
14965
14899
14966
14900
14967
14901
14968
14902
14969
14903
14970
14904
14971
14905
14972
14906
14973
14907
14974
14908
14975
14909
14976
14910
14977
14911
14978
14912
14979
14913
14980
14914
14981
14915
14982
14916
14983
14917
14984
14918
14985
14919
14986
14920
14987
14921
14988
14922
14989
14923
14990
14924
14991
14925
14992
14926
14993
14927
14994
14928
14995
14929
14996
14930
14997
14931
14998
14932
14999
14933
15000
14934
15001
14935
15002
14936
15003
14937
15004
14938
15005
14939
15006
14940
15007
14941
15008
14942
15009
14943
15010
14944
15011
14945
15012
14946
15013
14947
15014
14948
14949
15016
14950
15017
14951
15018
14952
15019
14953
15020
14954
15021
14955
15022
14956
15023
14957
15024
14958
15025
14959
15026
14960
15027
14961
15028
14962
15029
14963
15030
14964
15031
14965
15032
14966
15033
14967
15034
14968
15035
14969
15036
14970
15037
14971
15038
14972
15039
14973
15040
14974
15041
14975
15042
14976
15043
14977
15044
14978
15045
14979
15046
14980
15047
14981
15048
14982
15049
14983
15050
14984
15051
14985
15052
14986
15053
14987
15054
14988
15055
14989
15056
14990
15057
14991
15058
14992
15059
14993
15060
14994
15061
14995
15062
14996
15063
14997
15064
14998
15065
14999
15066
15000
15067
15001
15068
15002
15069
15003
15070
15004
15071
15005
15072
15006
15073
15007
15074
15008
15075
15009
15076
15010
15077
15011
15078
15012
15079
15013
15080
15014
15081
15015
15082
15016
15017
15084
15018
15085
15019
15086
15020
15087
15021
15088
15022
15089
15023
15090
15024
15091
15025
15092
15026
15093
15027
15094
15028
15095
15029
15096
15030
15097
15031
15098
15032
15099
15033
15100
15034
15101
15035
15102
15036
15103
15037
15104
15038
15105
15039
15106
15040
15107
15041
15108
15042
15109
15043
15110
15044
15111
15045
15112
15046
15113
15047
15114
15048
15115
15049
15116
15050
15117
15051
15118
15052
15119
15053
15120
15054
15121
15055
15122
15056
15123
15057
15124
15058
15125
15059
15126
15060
15127
15061
15128
15062
15129
15063
15130
15064
15131
15065
15132
15066
15133
15067
15134
15068
15135
15069
15136
15070
15137
15071
15138
15072
15139
15073
15140
15074
15141
15075
15142
15076
15143
15077
15144
15078
15145
15079
15146
15080
15147
15081
15148
15082
15149
15083
15150
15084
15085
15152
15086
15153
15087
15154
15088
15155
15089
15156
15090
15157
15091
15158
15092
15159
15093
15160
15094
15161
15095
15162
15096
15163
15097
15164
15098
15165
15099
15166
15100
15167
15101
15168
15102
15169
15103
15170
15104
15171
15105
15172
15106
15173
15107
15174
15108
15175
15109
15176
15110
15177
15111
15178
15112
15179
15113
15180
15114
15181
15115
15182
15116
15183
15117
15184
15118
15185
15119
15186
15120
15187
15121
15188
15122
15189
15123
15190
15124
15191
15125
15192
15126
15193
15127
15194
15128
15195
15129
15196
15130
15197
15131
15198
15132
15199
15133
15200
15134
15201
15135
15202
15136
15203
15137
15204
15138
15205
15139
15206
15140
15207
15141
15208
15142
15209
15143
15210
15144
15211
15145
15212
15146
15213
15147
15214
15148
15215
15149
15216
15150
15217
15151
15218
15152
15153
15220
15154
15221
15155
15222
15156
15223
15157
15224
15158
15225
15159
15226
15160
15227
15161
15228
15162
15229
15163
15230
15164
15231
15165
15232
15166
15233
15167
15234
15168
15235
15169
15236
15170
15237
15171
15238
15172
15239
15173
15240
15174
15241
15175
15242
15176
15243
15177
15244
15178
15245
15179
15246
15180
15247
15181
15248
15182
15249
15183
15250
15184
15251
15185
15252
15186
15253
15187
15254
15188
15255
15189
15256
15190
15257
15191
15258
15192
15259
15193
15260
15194
15261
15195
15262
15196
15263
15197
15264
15198
15265
15199
15266
15200
15267
15201
15268
15202
15269
15203
15270
15204
15271
15205
15272
15206
15273
15207
15274
15208
15275
15209
15276
15210
15277
15211
15278
15212
15279
15213
15280
15214
15281
15215
15282
15216
15283
15217
15284
15218
15285
15219
15286
15220
15221
15288
15222
15289
15223
15290
15224
15291
15225
15292
15226
15293
15227
15294
15228
15295
15229
15296
15230
15297
15231
15298
15232
15299
15233
15300
15234
15301
15235
15302
15236
15303
15237
15304
15238
15305
15239
15306
15240
15307
15241
15308
15242
15309
15243
15310
15244
15311
15245
15312
15246
15313
15247
15314
15248
15315
15249
15316
15250
15317
15251
15318
15252
15319
15253
15320
15254
15321
15255
15322
15256
15323
15257
15324
15258
15325
15259
15326
15260
15327
15261
15328
15262
15329
15263
15330
15264
15331
15265
15332
15266
15333
15267
15334
15268
15335
15269
15336
15270
15337
15271
15338
15272
15339
15273
15340
15274
15341
15275
15342
15276
15343
15277
15344
15278
15345
15279
15346
15280
15347
15281
15348
15282
15349
15283
15350
15284
15351
15285
15352
15286
15353
15287
15354
15288
15289
15356
15290
15357
15291
15358
15292
15359
15293
15360
15294
15361
15295
15362
15296
15363
15297
15364
15298
15365
15299
15366
15300
15367
15301
15368
15302
15369
15303
15370
15304
15371
15305
15372
15306
15373
15307
15374
15308
15375
15309
15376
15310
15377
15311
15378
15312
15379
15313
15380
15314
15381
15315
15382
15316
15383
15317
15384
15318
15385
15319
15386
15320
15387
15321
15388
15322
15389
15323
15390
15324
15391
15325
15392
15326
15393
15327
15394
15328
15395
15329
15396
15330
15397
15331
15398
15332
15399
15333
15400
15334
15401
15335
15402
15336
15403
15337
15404
15338
15405
15339
15406
15340
15407
15341
15408
15342
15409
15343
15410
15344
15411
15345
15412
15346
15413
15347
15414
15348
15415
15349
15416
15350
15417
15351
15418
15352
15419
15353
15420
15354
15421
15355
15422
15356
15357
15424
15358
15425
15359
15426
15360
15427
15361
15428
15362
15429
15363
15430
15364
15431
15365
15432
15366
15433
15367
15434
15368
15435
15369
15436
15370
15437
15371
15438
15372
15439
15373
15440
15374
15441
15375
15442
15376
15443
15377
15444
15378
15445
15379
15446
15380
15447
15381
15448
15382
15449
15383
15450
15384
15451
15385
15452
15386
15453
15387
15454
15388
15455
15389
15456
15390
15457
15391
15458
15392
15459
15393
15460
15394
15461
15395
15462
15396
15463
15397
15464
15398
15465
15399
15466
15400
15467
15401
15468
15402
15469
15403
15470
15404
15471
15405
15472
15406
15473
15407
15474
15408
15475
15409
15476
15410
15477
15411
15478
15412
15479
15413
15480
15414
15481
15415
15482
15416
15483
15417
15484
15418
15485
15419
15486
15420
15487
15421
15488
15422
15489
15423
15490
15424
15425
15492
15426
15493
15427
15494
15428
15495
15429
15496
15430
15497
15431
15498
15432
15499
15433
15500
15434
15501
15435
15502
15436
15503
15437
15504
15438
15505
15439
15506
15440
15507
15441
15508
15442
15509
15443
15510
15444
15511
15445
15512
15446
15513
15447
15514
15448
15515
15449
15516
15450
15517
15451
15518
15452
15519
15453
15520
15454
15521
15455
15522
15456
15523
15457
15524
15458
15525
15459
15526
15460
15527
15461
15528
15462
15529
15463
15530
15464
15531
15465
15532
15466
15533
15467
15534
15468
15535
15469
15536
15470
15537
15471
15538
15472
15539
15473
15540
15474
15541
15475
15542
15476
15543
15477
15544
15478
15545
15479
15546
15480
15547
15481
15548
15482
15549
15483
15550
15484
15551
15485
15552
15486
15553
15487
15554
15488
15555
15489
15556
15490
15557
15491
15558
15492
15493
15560
15494
15561
15495
15562
15496
15563
15497
15564
15498
15565
15499
15566
15500
15567
15501
15568
15502
15569
15503
15570
15504
15571
15505
15572
15506
15573
15507
15574
15508
15575
15509
15576
15510
15577
15511
15578
15512
15579
15513
15580
15514
15581
15515
15582
15516
15583
15517
15584
15518
15585
15519
15586
15520
15587
15521
15588
15522
15589
15523
15590
15524
15591
15525
15592
15526
15593
15527
15594
15528
15595
15529
15596
15530
15597
15531
15598
15532
15599
15533
15600
15534
15601
15535
15602
15536
15603
15537
15604
15538
15605
15539
15606
15540
15607
15541
15608
15542
15609
15543
15610
15544
15611
15545
15612
15546
15613
15547
15614
15548
15615
15549
15616
15550
15617
15551
15618
15552
15619
15553
15620
15554
15621
15555
15622
15556
15623
15557
15624
15558
15625
15559
15626
15560
15561
15628
15562
15629
15563
15630
15564
15631
15565
15632
15566
15633
15567
15634
15568
15635
15569
15636
15570
15637
15571
15638
15572
15639
15573
15640
15574
15641
15575
15642
15576
15643
15577
15644
15578
15645
15579
15646
15580
15647
15581
15648
15582
15649
15583
15650
15584
15651
15585
15652
15586
15653
15587
15654
15588
15655
15589
15656
15590
15657
15591
15658
15592
15659
15593
15660
15594
15661
15595
15662
15596
15663
15597
15664
15598
15665
15599
15666
15600
15667
15601
15668
15602
15669
15603
15670
15604
15671
15605
15672
15606
15673
15607
15674
15608
15675
15609
15676
15610
15677
15611
15678
15612
15679
15613
15680
15614
15681
15615
15682
15616
15683
15617
15684
15618
15685
15619
15686
15620
15687
15621
15688
15622
15689
15623
15690
15624
15691
15625
15692
15626
15693
15627
15694
15628
15629
15696
15630
15697
15631
15698
15632
15699
15633
15700
15634
15701
15635
15702
15636
15703
15637
15704
15638
15705
15639
15706
15640
15707
15641
15708
15642
15709
15643
15710
15644
15711
15645
15712
15646
15713
15647
15714
15648
15715
15649
15716
15650
15717
15651
15718
15652
15719
15653
15720
15654
15721
15655
15722
15656
15723
15657
15724
15658
15725
15659
15726
15660
15727
15661
15728
15662
15729
15663
15730
15664
15731
15665
15732
15666
15733
15667
15734
15668
15735
15669
15736
15670
15737
15671
15738
15672
15739
15673
15740
15674
15741
15675
15742
15676
15743
15677
15744
15678
15745
15679
15746
15680
15747
15681
15748
15682
15749
15683
15750
15684
15751
15685
15752
15686
15753
15687
15754
15688
15755
15689
15756
15690
15757
15691
15758
15692
15759
15693
15760
15694
15761
15695
15762
15696
15697
15764
15698
15765
15699
15766
15700
15767
15701
15768
15702
15769
15703
15770
15704
15771
15705
15772
15706
15773
15707
15774
15708
15775
15709
15776
15710
15777
15711
15778
15712
15779
15713
15780
15714
15781
15715
15782
15716
15783
15717
15784
15718
15785
15719
15786
15720
15787
15721
15788
15722
15789
15723
15790
15724
15791
15725
15792
15726
15793
15727
15794
15728
15795
15729
15796
15730
15797
15731
15798
15732
15799
15733
15800
15734
15801
15735
15802
15736
15803
15737
15804
15738
15805
15739
15806
15740
15807
15741
15808
15742
15809
15743
15810
15744
15811
15745
15812
15746
15813
15747
15814
15748
15815
15749
15816
15750
15817
15751
15818
15752
15819
15753
15820
15754
15821
15755
15822
15756
15823
15757
15824
15758
15825
15759
15826
15760
15827
15761
15828
15762
15829
15763
15830
15764
15765
15832
15766
15833
15767
15834
15768
15835
15769
15836
15770
15837
15771
15838
15772
15839
15773
15840
15774
15841
15775
15842
15776
15843
15777
15844
15778
15845
15779
15846
15780
15847
15781
15848
15782
15849
15783
15850
15784
15851
15785
15852
15786
15853
15787
15854
15788
15855
15789
15856
15790
15857
15791
15858
15792
15859
15793
15860
15794
15861
15795
15862
15796
15863
15797
15864
15798
15865
15799
15866
15800
15867
15801
15868
15802
15869
15803
15870
15804
15871
15805
15872
15806
15873
15807
15874
15808
15875
15809
15876
15810
15877
15811
15878
15812
15879
15813
15880
15814
15881
15815
15882
15816
15883
15817
15884
15818
15885
15819
15886
15820
15887
15821
15888
15822
15889
15823
15890
15824
15891
15825
15892
15826
15893
15827
15894
15828
15895
15829
15896
15830
15897
15831
15898
15832
15833
15900
15834
15901
15835
15902
15836
15903
15837
15904
15838
15905
15839
15906
15840
15907
15841
15908
15842
15909
15843
15910
15844
15911
15845
15912
15846
15913
15847
15914
15848
15915
15849
15916
15850
15917
15851
15918
15852
15919
15853
15920
15854
15921
15855
15922
15856
15923
15857
15924
15858
15925
15859
15926
15860
15927
15861
15928
15862
15929
15863
15930
15864
15931
15865
15932
15866
15933
15867
15934
15868
15935
15869
15936
15870
15937
15871
15938
15872
15939
15873
15940
15874
15941
15875
15942
15876
15943
15877
15944
15878
15945
15879
15946
15880
15947
15881
15948
15882
15949
15883
15950
15884
15951
15885
15952
15886
15953
15887
15954
15888
15955
15889
15956
15890
15957
15891
15958
15892
15959
15893
15960
15894
15961
15895
15962
15896
15963
15897
15964
15898
15965
15899
15966
15900
15901
15968
15902
15969
15903
15970
15904
15971
15905
15972
15906
15973
15907
15974
15908
15975
15909
15976
15910
15977
15911
15978
15912
15979
15913
15980
15914
15981
15915
15982
15916
15983
15917
15984
15918
15985
15919
15986
15920
15987
15921
15988
15922
15989
15923
15990
15924
15991
15925
15992
15926
15993
15927
15994
15928
15995
15929
15996
15930
15997
15931
15998
15932
15999
15933
16000
15934
16001
15935
16002
15936
16003
15937
16004
15938
16005
15939
16006
15940
16007
15941
16008
15942
16009
15943
16010
15944
16011
15945
16012
15946
16013
15947
16014
15948
16015
15949
16016
15950
16017
15951
16018
15952
16019
15953
16020
15954
16021
15955
16022
15956
16023
15957
16024
15958
16025
15959
16026
15960
16027
15961
16028
15962
16029
15963
16030
15964
16031
15965
16032
15966
16033
15967
16034
15968
15969
16036
15970
16037
15971
16038
15972
16039
15973
16040
15974
16041
15975
16042
15976
16043
15977
16044
15978
16045
15979
16046
15980
16047
15981
16048
15982
16049
15983
16050
15984
16051
15985
16052
15986
16053
15987
16054
15988
16055
15989
16056
15990
16057
15991
16058
15992
16059
15993
16060
15994
16061
15995
16062
15996
16063
15997
16064
15998
16065
15999
16066
16000
16067
16001
16068
16002
16069
16003
16070
16004
16071
16005
16072
16006
16073
16007
16074
16008
16075
16009
16076
16010
16077
16011
16078
16012
16079
16013
16080
16014
16081
16015
16082
16016
16083
16017
16084
16018
16085
16019
16086
16020
16087
16021
16088
16022
16089
16023
16090
16024
16091
16025
16092
16026
16093
16027
16094
16028
16095
16029
16096
16030
16097
16031
16098
16032
16099
16033
16100
16034
16101
16035
16102
16036
16037
16104
16038
16105
16039
16106
16040
16107
16041
16108
16042
16109
16043
16110
16044
16111
16045
16112
16046
16113
16047
16114
16048
16115
16049
16116
16050
16117
16051
16118
16052
16119
16053
16120
16054
16121
16055
16122
16056
16123
16057
16124
16058
16125
16059
16126
16060
16127
16061
16128
16062
16129
16063
16130
16064
16131
16065
16132
16066
16133
16067
16134
16068
16135
16069
16136
16070
16137
16071
16138
16072
16139
16073
16140
16074
16141
16075
16142
16076
16143
16077
16144
16078
16145
16079
16146
16080
16147
16081
16148
16082
16149
16083
16150
16084
16151
16085
16152
16086
16153
16087
16154
16088
16155
16089
16156
16090
16157
16091
16158
16092
16159
16093
16160
16094
16161
16095
16162
16096
16163
16097
16164
16098
16165
16099
16166
16100
16167
16101
16168
16102
16169
16103
16170
16104
16105
16172
16106
16173
16107
16174
16108
16175
16109
16176
16110
16177
16111
16178
16112
16179
16113
16180
16114
16181
16115
16182
16116
16183
16117
16184
16118
16185
16119
16186
16120
16187
16121
16188
16122
16189
16123
16190
16124
16191
16125
16192
16126
16193
16127
16194
16128
16195
16129
16196
16130
16197
16131
16198
16132
16199
16133
16200
16134
16201
16135
16202
16136
16203
16137
16204
16138
16205
16139
16206
16140
16207
16141
16208
16142
16209
16143
16210
16144
16211
16145
16212
16146
16213
16147
16214
16148
16215
16149
16216
16150
16217
16151
16218
16152
16219
16153
16220
16154
16221
16155
16222
16156
16223
16157
16224
16158
16225
16159
16226
16160
16227
16161
16228
16162
16229
16163
16230
16164
16231
16165
16232
16166
16233
16167
16234
16168
16235
16169
16236
16170
16237
16171
16238
16172
16173
16240
16174
16241
16175
16242
16176
16243
16177
16244
16178
16245
16179
16246
16180
16247
16181
16248
16182
16249
16183
16250
16184
16251
16185
16252
16186
16253
16187
16254
16188
16255
16189
16256
16190
16257
16191
16258
16192
16259
16193
16260
16194
16261
16195
16262
16196
16263
16197
16264
16198
16265
16199
16266
16200
16267
16201
16268
16202
16269
16203
16270
16204
16271
16205
16272
16206
16273
16207
16274
16208
16275
16209
16276
16210
16277
16211
16278
16212
16279
16213
16280
16214
16281
16215
16282
16216
16283
16217
16284
16218
16285
16219
16286
16220
16287
16221
16288
16222
16289
16223
16290
16224
16291
16225
16292
16226
16293
16227
16294
16228
16295
16229
16296
16230
16297
16231
16298
16232
16299
16233
16300
16234
16301
16235
16302
16236
16303
16237
16304
16238
16305
16239
16306
16240
16241
16308
16242
16309
16243
16310
16244
16311
16245
16312
16246
16313
16247
16314
16248
16315
16249
16316
16250
16317
16251
16318
16252
16319
16253
16320
16254
16321
16255
16322
16256
16323
16257
16324
16258
16325
16259
16326
16260
16327
16261
16328
16262
16329
16263
16330
16264
16331
16265
16332
16266
16333
16267
16334
16268
16335
16269
16336
16270
16337
16271
16338
16272
16339
16273
16340
16274
16341
16275
16342
16276
16343
16277
16344
16278
16345
16279
16346
16280
16347
16281
16348
16282
16349
16283
16350
16284
16351
16285
16352
16286
16353
16287
16354
16288
16355
16289
16356
16290
16357
16291
16358
16292
16359
16293
16360
16294
16361
16295
16362
16296
16363
16297
16364
16298
16365
16299
16366
16300
16367
16301
16368
16302
16369
16303
16370
16304
16371
16305
16372
16306
16373
16307
16374
16308
16309
16376
16310
16377
16311
16378
16312
16379
16313
16380
16314
16381
16315
16382
16316
16383
16317
16384
16318
16385
16319
16386
16320
16387
16321
16388
16322
16389
16323
16390
16324
16391
16325
16392
16326
16393
16327
16394
16328
16395
16329
16396
16330
16397
16331
16398
16332
16399
16333
16400
16334
16401
16335
16402
16336
16403
16337
16404
16338
16405
16339
16406
16340
16407
16341
16408
16342
16409
16343
16410
16344
16411
16345
16412
16346
16413
16347
16414
16348
16415
16349
16416
16350
16417
16351
16418
16352
16419
16353
16420
16354
16421
16355
16422
16356
16423
16357
16424
16358
16425
16359
16426
16360
16427
16361
16428
16362
16429
16363
16430
16364
16431
16365
16432
16366
16433
16367
16434
16368
16435
16369
16436
16370
16437
16371
16438
16372
16439
16373
16440
16374
16441
16375
16442
16376
6399
16377
6398
16444
16378
6397
16445
16379
6396
16446
16380
6395
16447
16381
6394
16448
16382
6393
16449
16383
6392
16450
16384
6391
16451
16385
6390
16452
16386
6389
16453
16387
6388
16454
16388
6387
16455
16389
6386
16456
16390
6385
16457
16391
6384
16458
16392
6383
16459
16393
6382
16460
16394
6381
16461
16395
6380
16462
16396
6379
16463
16397
6378
16464
16398
6377
16465
16399
6376
16466
16400
6375
16467
16401
6374
16468
16402
6373
16469
16403
6372
16470
16404
6371
16471
16405
6370
16472
16406
6369
16473
16407
6368
16474
16408
6367
16475
16409
6366
16476
16410
6365
16477
16411
6364
16478
16412
6363
16479
16413
6362
16480
16414
6361
16481
16415
6360
16482
16416
6359
16483
16417
6358
16484
16418
6357
16485
16419
6356
16486
16420
6355
16487
16421
6354
16488
16422
6353
16489
16423
6352
16490
16424
6351
16491
16425
6350
16492
16426
6349
16493
16427
6348
16494
16428
6347
16495
16429
6346
16496
16430
6345
16497
16431
6344
16498
16432
6343
16499
16433
6342
16500
16434
6341
16501
16435
6340
16502
16436
6339
16503
16437
6338
16504
16438
6337
16505
16439
6336
16506
16440
6335
16507
16441
6334
16508
16442
6333
16509
16443
6332
16510
6252
6253
16512
6254
16513
6255
16514
6256
16515
6257
16516
6258
16517
6259
16518
6260
16519
6261
16520
6262
16521
6263
16522
6264
16523
6265
16524
6266
16525
6267
16526
6268
16527
6269
16528
6270
16529
6271
16530
6272
16531
6273
16532
6274
16533
6275
16534
6276
16535
6277
16536
6278
16537
6279
16538
6280
16539
6281
16540
6282
16541
6283
16542
6284
16543
6285
16544
6286
16545
6287
16546
6288
16547
6289
16548
6290
16549
6291
16550
6292
16551
6293
16552
6294
16553
6295
16554
6296
16555
6297
16556
6298
16557
6299
16558
6300
16559
6301
16560
6302
16561
6303
16562
6304
16563
6305
16564
6306
16565
6307
16566
6308
16567
6309
16568
6310
16569
6311
16570
6312
16571
6313
16572
6314
16573
6315
16574
6316
16575
6317
16576
6318
16577
6319
16578
16512
16513
16580
16514
16581
16515
16582
16516
16583
16517
16584
16518
16585
16519
16586
16520
16587
16521
16588
16522
16589
16523
16590
16524
16591
16525
16592
16526
16593
16527
16594
16528
16595
16529
16596
16530
16597
16531
16598
16532
16599
16533
16600
16534
16601
16535
16602
16536
16603
16537
16604
16538
16605
16539
16606
16540
16607
16541
16608
16542
16609
16543
16610
16544
16611
16545
16612
16546
16613
16547
16614
16548
16615
16549
16616
16550
16617
16551
16618
16552
16619
16553
16620
16554
16621
16555
16622
16556
16623
16557
16624
16558
16625
16559
16626
16560
16627
16561
16628
16562
16629
16563
16630
16564
16631
16565
16632
16566
16633
16567
16634
16568
16635
16569
16636
16570
16637
16571
16638
16572
16639
16573
16640
16574
16641
16575
16642
16576
16643
16577
16644
16578
16645
16579
16646
16580
16581
16648
16582
16649
16583
16650
16584
16651
16585
16652
16586
16653
16587
16654
16588
16655
16589
16656
16590
16657
16591
16658
16592
16659
16593
16660
16594
16661
16595
16662
16596
16663
16597
16664
16598
16665
16599
16666
16600
16667
16601
16668
16602
16669
16603
16670
16604
16671
16605
16672
16606
16673
16607
16674
16608
16675
16609
16676
16610
16677
16611
16678
16612
16679
16613
16680
16614
16681
16615
16682
16616
16683
16617
16684
16618
16685
16619
16686
16620
16687
16621
16688
16622
16689
16623
16690
16624
16691
16625
16692
16626
16693
16627
16694
16628
16695
16629
16696
16630
16697
16631
16698
16632
16699
16633
16700
16634
16701
16635
16702
16636
16703
16637
16704
16638
16705
16639
16706
16640
16707
16641
16708
16642
16709
16643
16710
16644
16711
16645
16712
16646
16713
16647
16714
16648
16649
16716
16650
16717
16651
16718
16652
16719
16653
16720
16654
16721
16655
16722
16656
16723
16657
16724
16658
16725
16659
16726
16660
16727
16661
16728
16662
16729
16663
16730
16664
16731
16665
16732
16666
16733
16667
16734
16668
16735
16669
16736
16670
16737
16671
16738
16672
16739
16673
16740
16674
16741
16675
16742
16676
16743
16677
16744
16678
16745
16679
16746
16680
16747
16681
16748
16682
16749
16683
16750
16684
16751
16685
16752
16686
16753
16687
16754
16688
16755
16689
16756
16690
16757
16691
16758
16692
16759
16693
16760
16694
16761
16695
16762
16696
16763
16697
16764
16698
16765
16699
16766
16700
16767
16701
16768
16702
16769
16703
16770
16704
16771
16705
16772
16706
16773
16707
16774
16708
16775
16709
16776
16710
16777
16711
16778
16712
16779
16713
16780
16714
16781
16715
16782
16716
16717
16784
16718
16785
16719
16786
16720
16787
16721
16788
16722
16789
16723
16790
16724
16791
16725
16792
16726
16793
16727
16794
16728
16795
16729
16796
16730
16797
16731
16798
16732
16799
16733
16800
16734
16801
16735
16802
16736
16803
16737
16804
16738
16805
16739
16806
16740
16807
16741
16808
16742
16809
16743
16810
16744
16811
16745
16812
16746
16813
16747
16814
16748
16815
16749
16816
16750
16817
16751
16818
16752
16819
16753
16820
16754
16821
16755
16822
16756
16823
16757
16824
16758
16825
16759
16826
16760
16827
16761
16828
16762
16829
16763
16830
16764
16831
16765
16832
16766
16833
16767
16834
16768
16835
16769
16836
16770
16837
16771
16838
16772
16839
16773
16840
16774
16841
16775
16842
16776
16843
16777
16844
16778
16845
16779
16846
16780
16847
16781
16848
16782
16849
16783
16850
16784
16785
16852
16786
16853
16787
16854
16788
16855
16789
16856
16790
16857
16791
16858
16792
16859
16793
16860
16794
16861
16795
16862
16796
16863
16797
16864
16798
16865
16799
16866
16800
16867
16801
16868
16802
16869
16803
16870
16804
16871
16805
16872
16806
16873
16807
16874
16808
16875
16809
16876
16810
16877
16811
16878
16812
16879
16813
16880
16814
16881
16815
16882
16816
16883
16817
16884
16818
16885
16819
16886
16820
16887
16821
16888
16822
16889
16823
16890
16824
16891
16825
16892
16826
16893
16827
16894
16828
16895
16829
16896
16830
16897
16831
16898
16832
16899
16833
16900
16834
16901
16835
16902
16836
16903
16837
16904
16838
16905
16839
16906
16840
16907
16841
16908
16842
16909
16843
16910
16844
16911
16845
16912
16846
16913
16847
16914
16848
16915
16849
16916
16850
16917
16851
16918
16852
16853
16920
16854
16921
16855
16922
16856
16923
16857
16924
16858
16925
16859
16926
16860
16927
16861
16928
16862
16929
16863
16930
16864
16931
16865
16932
16866
16933
16867
16934
16868
16935
16869
16936
16870
16937
16871
16938
16872
16939
16873
16940
16874
16941
16875
16942
16876
16943
16877
16944
16878
16945
16879
16946
16880
16947
16881
16948
16882
16949
16883
16950
16884
16951
16885
16952
16886
16953
16887
16954
16888
16955
16889
16956
16890
16957
16891
16958
16892
16959
16893
16960
16894
16961
16895
16962
16896
16963
16897
16964
16898
16965
16899
16966
16900
16967
16901
16968
16902
16969
16903
16970
16904
16971
16905
16972
16906
16973
16907
16974
16908
16975
16909
16976
16910
16977
16911
16978
16912
16979
16913
16980
16914
16981
16915
16982
16916
16983
16917
16984
16918
16985
16919
16986
16920
16921
16988
16922
16989
16923
16990
16924
16991
16925
16992
16926
16993
16927
16994
16928
16995
16929
16996
16930
16997
16931
16998
16932
16999
16933
17000
16934
17001
16935
17002
16936
17003
16937
17004
16938
17005
16939
17006
16940
17007
16941
17008
16942
17009
16943
17010
16944
17011
16945
17012
16946
17013
16947
17014
16948
17015
16949
17016
16950
17017
16951
17018
16952
17019
16953
17020
16954
17021
16955
17022
16956
17023
16957
17024
16958
17025
16959
17026
16960
17027
16961
17028
16962
17029
16963
17030
16964
17031
16965
17032
16966
17033
16967
17034
16968
17035
16969
17036
16970
17037
16971
17038
16972
17039
16973
17040
16974
17041
16975
17042
16976
17043
16977
17044
16978
17045
16979
17046
16980
17047
16981
17048
16982
17049
16983
17050
16984
17051
16985
17052
16986
17053
16987
17054
16988
16989
17056
16990
17057
16991
17058
16992
17059
16993
17060
16994
17061
16995
17062
16996
17063
16997
17064
16998
17065
16999
17066
17000
17067
17001
17068
17002
17069
17003
17070
17004
17071
17005
17072
17006
17073
17007
17074
17008
17075
17009
17076
17010
17077
17011
17078
17012
17079
17013
17080
17014
17081
17015
17082
17016
17083
17017
17084
17018
17085
17019
17086
17020
17087
17021
17088
17022
17089
17023
17090
17024
17091
17025
17092
17026
17093
17027
17094
17028
17095
17029
17096
17030
17097
17031
17098
17032
17099
17033
17100
17034
17101
17035
17102
17036
17103
17037
17104
17038
17105
17039
17106
17040
17107
17041
17108
17042
17109
17043
17110
17044
17111
17045
17112
17046
17113
17047
17114
17048
17115
17049
17116
17050
17117
17051
17118
17052
17119
17053
17120
17054
17121
17055
17122
17056
17057
17124
17058
17125
17059
17126
17060
17127
17061
17128
17062
17129
17063
17130
17064
17131
17065
17132
17066
17133
17067
17134
17068
17135
17069
17136
17070
17137
17071
17138
17072
17139
17073
17140
17074
17141
17075
17142
17076
17143
17077
17144
17078
17145
17079
17146
17080
17147
17081
17148
17082
17149
17083
17150
17084
17151
17085
17152
17086
17153
17087
17154
17088
17155
17089
17156
17090
17157
17091
17158
17092
17159
17093
17160
17094
17161
17095
17162
17096
17163
17097
17164
17098
17165
17099
17166
17100
17167
17101
17168
17102
17169
17103
17170
17104
17171
17105
17172
17106
17173
17107
17174
17108
17175
17109
17176
17110
17177
17111
17178
17112
17179
17113
17180
17114
17181
17115
17182
17116
17183
17117
17184
17118
17185
17119
17186
17120
17187
17121
17188
17122
17189
17123
17190
17124
17125
17192
17126
17193
17127
17194
17128
17195
17129
17196
17130
17197
17131
17198
17132
17199
17133
17200
17134
17201
17135
17202
17136
17203
17137
17204
17138
17205
17139
17206
17140
17207
17141
17208
17142
17209
17143
17210
17144
17211
17145
17212
17146
17213
17147
17214
17148
17215
17149
17216
17150
17217
17151
17218
17152
17219
17153
17220
17154
17221
17155
17222
17156
17223
17157
17224
17158
17225
17159
17226
17160
17227
17161
17228
17162
17229
17163
17230
17164
17231
17165
17232
17166
17233
17167
17234
17168
17235
17169
17236
17170
17237
17171
17238
17172
17239
17173
17240
17174
17241
17175
17242
17176
17243
17177
17244
17178
17245
17179
17246
17180
17247
17181
17248
17182
17249
17183
17250
17184
17251
17185
17252
17186
17253
17187
17254
17188
17255
17189
17256
17190
17257
17191
17258
17192
17193
17260
17194
17261
17195
17262
17196
17263
17197
17264
17198
17265
17199
17266
17200
17267
17201
17268
17202
17269
17203
17270
17204
17271
17205
17272
17206
17273
17207
17274
17208
17275
17209
17276
17210
17277
17211
17278
17212
17279
17213
17280
17214
17281
17215
17282
17216
17283
17217
17284
17218
17285
17219
17286
17220
17287
17221
17288
17222
17289
17223
17290
17224
17291
17225
17292
17226
17293
17227
17294
17228
17295
17229
17296
17230
17297
17231
17298
17232
17299
17233
17300
17234
17301
17235
17302
17236
17303
17237
17304
17238
17305
17239
17306
17240
17307
17241
17308
17242
17309
17243
17310
17244
17311
17245
17312
17246
17313
17247
17314
17248
17315
17249
17316
17250
17317
17251
17318
17252
17319
17253
17320
17254
17321
17255
17322
17256
17323
17257
17324
17258
17325
17259
17326
17260
17261
17328
17262
17329
17263
17330
17264
17331
17265
17332
17266
17333
17267
17334
17268
17335
17269
17336
17270
17337
17271
17338
17272
17339
17273
17340
17274
17341
17275
17342
17276
17343
17277
17344
17278
17345
17279
17346
17280
17347
17281
17348
17282
17349
17283
17350
17284
17351
17285
17352
17286
17353
17287
17354
17288
17355
17289
17356
17290
17357
17291
17358
17292
17359
17293
17360
17294
17361
17295
17362
17296
17363
17297
17364
17298
17365
17299
17366
17300
17367
17301
17368
17302
17369
17303
17370
17304
17371
17305
17372
17306
17373
17307
17374
17308
17375
17309
17376
17310
17377
17311
17378
17312
17379
17313
17380
17314
17381
17315
17382
17316
17383
17317
17384
17318
17385
17319
17386
17320
17387
17321
17388
17322
17389
17323
17390
17324
17391
17325
17392
17326
17393
17327
17394
17328
17329
17396
17330
17397
17331
17398
17332
17399
17333
17400
17334
17401
17335
17402
17336
17403
17337
17404
17338
17405
17339
17406
17340
17407
17341
17408
17342
17409
17343
17410
17344
17411
17345
17412
17346
17413
17347
17414
17348
17415
17349
17416
17350
17417
17351
17418
17352
17419
17353
17420
17354
17421
17355
17422
17356
17423
17357
17424
17358
17425
17359
17426
17360
17427
17361
17428
17362
17429
17363
17430
17364
17431
17365
17432
17366
17433
17367
17434
17368
17435
17369
17436
17370
17437
17371
17438
17372
17439
17373
17440
17374
17441
17375
17442
17376
17443
17377
17444
17378
17445
17379
17446
17380
17447
17381
17448
17382
17449
17383
17450
17384
17451
17385
17452
17386
17453
17387
17454
17388
17455
17389
17456
17390
17457
17391
17458
17392
17459
17393
17460
17394
17461
17395
17462
17396
17397
17464
17398
17465
17399
17466
17400
17467
17401
17468
17402
17469
17403
17470
17404
17471
17405
17472
17406
17473
17407
17474
17408
17475
17409
17476
17410
17477
17411
17478
17412
17479
17413
17480
17414
17481
17415
17482
17416
17483
17417
17484
17418
17485
17419
17486
17420
17487
17421
17488
17422
17489
17423
17490
17424
17491
17425
17492
17426
17493
17427
17494
17428
17495
17429
17496
17430
17497
17431
17498
17432
17499
17433
17500
17434
17501
17435
17502
17436
17503
17437
17504
17438
17505
17439
17506
17440
17507
17441
17508
17442
17509
17443
17510
17444
17511
17445
17512
17446
17513
17447
17514
17448
17515
17449
17516
17450
17517
17451
17518
17452
17519
17453
17520
17454
17521
17455
17522
17456
17523
17457
17524
17458
17525
17459
17526
17460
17527
17461
17528
17462
17529
17463
17530
17464
17465
17532
17466
17533
17467
17534
17468
17535
17469
17536
17470
17537
17471
17538
17472
17539
17473
17540
17474
17541
17475
17542
17476
17543
17477
17544
17478
17545
17479
17546
17480
17547
17481
17548
17482
17549
17483
17550
17484
17551
17485
17552
17486
17553
17487
17554
17488
17555
17489
17556
17490
17557
17491
17558
17492
17559
17493
17560
17494
17561
17495
17562
17496
17563
17497
17564
17498
17565
17499
17566
17500
17567
17501
17568
17502
17569
17503
17570
17504
17571
17505
17572
17506
17573
17507
17574
17508
17575
17509
17576
17510
17577
17511
17578
17512
17579
17513
17580
17514
17581
17515
17582
17516
17583
17517
17584
17518
17585
17519
17586
17520
17587
17521
17588
17522
17589
17523
17590
17524
17591
17525
17592
17526
17593
17527
17594
17528
17595
17529
17596
17530
17597
17531
17598
17532
17533
17600
17534
17601
17535
17602
17536
17603
17537
17604
17538
17605
17539
17606
17540
17607
17541
17608
17542
17609
17543
17610
17544
17611
17545
17612
17546
17613
17547
17614
17548
17615
17549
17616
17550
17617
17551
17618
17552
17619
17553
17620
17554
17621
17555
17622
17556
17623
17557
17624
17558
17625
17559
17626
17560
17627
17561
17628
17562
17629
17563
17630
17564
17631
17565
17632
17566
17633
17567
17634
17568
17635
17569
17636
17570
17637
17571
17638
17572
17639
17573
17640
17574
17641
17575
17642
17576
17643
17577
17644
17578
17645
17579
17646
17580
17647
17581
17648
17582
17649
17583
17650
17584
17651
17585
17652
17586
17653
17587
17654
17588
17655
17589
17656
17590
17657
17591
17658
17592
17659
17593
17660
17594
17661
17595
17662
17596
17663
17597
17664
17598
17665
17599
17666
17600
17601
17668
17602
17669
17603
17670
17604
17671
17605
17672
17606
17673
17607
17674
17608
17675
17609
17676
17610
17677
17611
17678
17612
17679
17613
17680
17614
17681
17615
17682
17616
17683
17617
17684
17618
17685
17619
17686
17620
17687
17621
17688
17622
17689
17623
17690
17624
17691
17625
17692
17626
17693
17627
17694
17628
17695
17629
17696
17630
17697
17631
17698
17632
17699
17633
17700
17634
17701
17635
17702
17636
17703
17637
17704
17638
17705
17639
17706
17640
17707
17641
17708
17642
17709
17643
17710
17644
17711
17645
17712
17646
17713
17647
17714
17648
17715
17649
17716
17650
17717
17651
17718
17652
17719
17653
17720
17654
17721
17655
17722
17656
17723
17657
17724
17658
17725
17659
17726
17660
17727
17661
17728
17662
17729
17663
17730
17664
17731
17665
17732
17666
17733
17667
17734
17668
17669
17736
17670
17737
17671
17738
17672
17739
17673
17740
17674
17741
17675
17742
17676
17743
17677
17744
17678
17745
17679
17746
17680
17747
17681
17748
17682
17749
17683
17750
17684
17751
17685
17752
17686
17753
17687
17754
17688
17755
17689
17756
17690
17757
17691
17758
17692
17759
17693
17760
17694
17761
17695
17762
17696
17763
17697
17764
17698
17765
17699
17766
17700
17767
17701
17768
17702
17769
17703
17770
17704
17771
17705
17772
17706
17773
17707
17774
17708
17775
17709
17776
17710
17777
17711
17778
17712
17779
17713
17780
17714
17781
17715
17782
17716
17783
17717
17784
17718
17785
17719
17786
17720
17787
17721
17788
17722
17789
17723
17790
17724
17791
17725
17792
17726
17793
17727
17794
17728
17795
17729
17796
17730
17797
17731
17798
17732
17799
17733
17800
17734
17801
17735
17802
17736
17737
17804
17738
17805
17739
17806
17740
17807
17741
17808
17742
17809
17743
17810
17744
17811
17745
17812
17746
17813
17747
17814
17748
17815
17749
17816
17750
17817
17751
17818
17752
17819
17753
17820
17754
17821
17755
17822
17756
17823
17757
17824
17758
17825
17759
17826
17760
17827
17761
17828
17762
17829
17763
17830
17764
17831
17765
17832
17766
17833
17767
17834
17768
17835
17769
17836
17770
17837
17771
17838
17772
17839
17773
17840
17774
17841
17775
17842
17776
17843
17777
17844
17778
17845
17779
17846
17780
17847
17781
17848
17782
17849
17783
17850
17784
17851
17785
17852
17786
17853
17787
17854
17788
17855
17789
17856
17790
17857
17791
17858
17792
17859
17793
17860
17794
17861
17795
17862
17796
17863
17797
17864
17798
17865
17799
17866
17800
17867
17801
17868
17802
17869
17803
17870
17804
17805
17872
17806
17873
17807
17874
17808
17875
17809
17876
17810
17877
17811
17878
17812
17879
17813
17880
17814
17881
17815
17882
17816
17883
17817
17884
17818
17885
17819
17886
17820
17887
17821
17888
17822
17889
17823
17890
17824
17891
17825
17892
17826
17893
17827
17894
17828
17895
17829
17896
17830
17897
17831
17898
17832
17899
17833
17900
17834
17901
17835
17902
17836
17903
17837
17904
17838
17905
17839
17906
17840
17907
17841
17908
17842
17909
17843
17910
17844
17911
17845
17912
17846
17913
17847
17914
17848
17915
17849
17916
17850
17917
17851
17918
17852
17919
17853
17920
17854
17921
17855
17922
17856
17923
17857
17924
17858
17925
17859
17926
17860
17927
17861
17928
17862
17929
17863
17930
17864
17931
17865
17932
17866
17933
17867
17934
17868
17935
17869
17936
17870
17937
17871
17938
17872
17873
17940
17874
17941
17875
17942
17876
17943
17877
17944
17878
17945
17879
17946
17880
17947
17881
17948
17882
17949
17883
17950
17884
17951
17885
17952
17886
17953
17887
17954
17888
17955
17889
17956
17890
17957
17891
17958
17892
17959
17893
17960
17894
17961
17895
17962
17896
17963
17897
17964
17898
17965
17899
17966
17900
17967
17901
17968
17902
17969
17903
17970
17904
17971
17905
17972
17906
17973
17907
17974
17908
17975
17909
17976
17910
17977
17911
17978
17912
17979
17913
17980
17914
17981
17915
17982
17916
17983
17917
17984
17918
17985
17919
17986
17920
17987
17921
17988
17922
17989
17923
17990
17924
17991
17925
17992
17926
17993
17927
17994
17928
17995
17929
17996
17930
17997
17931
17998
17932
17999
17933
18000
17934
18001
17935
18002
17936
18003
17937
18004
17938
18005
17939
18006
17940
17941
18008
17942
18009
17943
18010
17944
18011
17945
18012
17946
18013
17947
18014
17948
18015
17949
18016
17950
18017
17951
18018
17952
18019
17953
18020
17954
18021
17955
18022
17956
18023
17957
18024
17958
18025
17959
18026
17960
18027
17961
18028
17962
18029
17963
18030
17964
18031
17965
18032
17966
18033
17967
18034
17968
18035
17969
18036
17970
18037
17971
18038
17972
18039
17973
18040
17974
18041
17975
18042
17976
18043
17977
18044
17978
18045
17979
18046
17980
18047
17981
18048
17982
18049
17983
18050
17984
18051
17985
18052
17986
18053
17987
18054
17988
18055
17989
18056
17990
18057
17991
18058
17992
18059
17993
18060
17994
18061
17995
18062
17996
18063
17997
18064
17998
18065
17999
18066
18000
18067
18001
18068
18002
18069
18003
18070
18004
18071
18005
18072
18006
18073
18007
18074
18008
18009
18076
18010
18077
18011
18078
18012
18079
18013
18080
18014
18081
18015
18082
18016
18083
18017
18084
18018
18085
18019
18086
18020
18087
18021
18088
18022
18089
18023
18090
18024
18091
18025
18092
18026
18093
18027
18094
18028
18095
18029
18096
18030
18097
18031
18098
18032
18099
18033
18100
18034
18101
18035
18102
18036
18103
18037
18104
18038
18105
18039
18106
18040
18107
18041
18108
18042
18109
18043
18110
18044
18111
18045
18112
18046
18113
18047
18114
18048
18115
18049
18116
18050
18117
18051
18118
18052
18119
18053
18120
18054
18121
18055
18122
18056
18123
18057
18124
18058
18125
18059
18126
18060
18127
18061
18128
18062
18129
18063
18130
18064
18131
18065
18132
18066
18133
18067
18134
18068
18135
18069
18136
18070
18137
18071
18138
18072
18139
18073
18140
18074
18141
18075
18142
18076
18077
18144
18078
18145
18079
18146
18080
18147
18081
18148
18082
18149
18083
18150
18084
18151
18085
18152
18086
18153
18087
18154
18088
18155
18089
18156
18090
18157
18091
18158
18092
18159
18093
18160
18094
18161
18095
18162
18096
18163
18097
18164
18098
18165
18099
18166
18100
18167
18101
18168
18102
18169
18103
18170
18104
18171
18105
18172
18106
18173
18107
18174
18108
18175
18109
18176
18110
18177
18111
18178
18112
18179
18113
18180
18114
18181
18115
18182
18116
18183
18117
18184
18118
18185
18119
18186
18120
18187
18121
18188
18122
18189
18123
18190
18124
18191
18125
18192
18126
18193
18127
18194
18128
18195
18129
18196
18130
18197
18131
18198
18132
18199
18133
18200
18134
18201
18135
18202
18136
18203
18137
18204
18138
18205
18139
18206
18140
18207
18141
18208
18142
18209
18143
18210
18144
18145
18212
18146
18213
18147
18214
18148
18215
18149
18216
18150
18217
18151
18218
18152
18219
18153
18220
18154
18221
18155
18222
18156
18223
18157
18224
18158
18225
18159
18226
18160
18227
18161
18228
18162
18229
18163
18230
18164
18231
18165
18232
18166
18233
18167
18234
18168
18235
18169
18236
18170
18237
18171
18238
18172
18239
18173
18240
18174
18241
18175
18242
18176
18243
18177
18244
18178
18245
18179
18246
18180
18247
18181
18248
18182
18249
18183
18250
18184
18251
18185
18252
18186
18253
18187
18254
18188
18255
18189
18256
18190
18257
18191
18258
18192
18259
18193
18260
18194
18261
18195
18262
18196
18263
18197
18264
18198
18265
18199
18266
18200
18267
18201
18268
18202
18269
18203
18270
18204
18271
18205
18272
18206
18273
18207
18274
18208
18275
18209
18276
18210
18277
18211
18278
18212
18213
18280
18214
18281
18215
18282
18216
18283
18217
18284
18218
18285
18219
18286
18220
18287
18221
18288
18222
18289
18223
18290
18224
18291
18225
18292
18226
18293
18227
18294
18228
18295
18229
18296
18230
18297
18231
18298
18232
18299
18233
18300
18234
18301
18235
18302
18236
18303
18237
18304
18238
18305
18239
18306
18240
18307
18241
18308
18242
18309
18243
18310
18244
18311
18245
18312
18246
18313
18247
18314
18248
18315
18249
18316
18250
18317
18251
18318
18252
18319
18253
18320
18254
18321
18255
18322
18256
18323
18257
18324
18258
18325
18259
18326
18260
18327
18261
18328
18262
18329
18263
18330
18264
18331
18265
18332
18266
18333
18267
18334
18268
18335
18269
18336
18270
18337
18271
18338
18272
18339
18273
18340
18274
18341
18275
18342
18276
18343
18277
18344
18278
18345
18279
18346
18280
18281
18348
18282
18349
18283
18350
18284
18351
18285
18352
18286
18353
18287
18354
18288
18355
18289
18356
18290
18357
18291
18358
18292
18359
18293
18360
18294
18361
18295
18362
18296
18363
18297
18364
18298
18365
18299
18366
18300
18367
18301
18368
18302
18369
18303
18370
18304
18371
18305
18372
18306
18373
18307
18374
18308
18375
18309
18376
18310
18377
18311
18378
18312
18379
18313
18380
18314
18381
18315
18382
18316
18383
18317
18384
18318
18385
18319
18386
18320
18387
18321
18388
18322
18389
18323
18390
18324
18391
18325
18392
18326
18393
18327
18394
18328
18395
18329
18396
18330
18397
18331
18398
18332
18399
18333
18400
18334
18401
18335
18402
18336
18403
18337
18404
18338
18405
18339
18406
18340
18407
18341
18408
18342
18409
18343
18410
18344
18411
18345
18412
18346
18413
18347
18414
18348
18349
18416
18350
18417
18351
18418
18352
18419
18353
18420
18354
18421
18355
18422
18356
18423
18357
18424
18358
18425
18359
18426
18360
18427
18361
18428
18362
18429
18363
18430
18364
18431
18365
18432
18366
18433
18367
18434
18368
18435
18369
18436
18370
18437
18371
18438
18372
18439
18373
18440
18374
18441
18375
18442
18376
18443
18377
18444
18378
18445
18379
18446
18380
18447
18381
18448
18382
18449
18383
18450
18384
18451
18385
18452
18386
18453
18387
18454
18388
18455
18389
18456
18390
18457
18391
18458
18392
18459
18393
18460
18394
18461
18395
18462
18396
18463
18397
18464
18398
18465
18399
18466
18400
18467
18401
18468
18402
18469
18403
18470
18404
18471
18405
18472
18406
18473
18407
18474
18408
18475
18409
18476
18410
18477
18411
18478
18412
18479
18413
18480
18414
18481
18415
18482
18416
18417
18484
18418
18485
18419
18486
18420
18487
18421
18488
18422
18489
18423
18490
18424
18491
18425
18492
18426
18493
18427
18494
18428
18495
18429
18496
18430
18497
18431
18498
18432
18499
18433
18500
18434
18501
18435
18502
18436
18503
18437
18504
18438
18505
18439
18506
18440
18507
18441
18508
18442
18509
18443
18510
18444
18511
18445
18512
18446
18513
18447
18514
18448
18515
18449
18516
18450
18517
18451
18518
18452
18519
18453
18520
18454
18521
18455
18522
18456
18523
18457
18524
18458
18525
18459
18526
18460
18527
18461
18528
18462
18529
18463
18530
18464
18531
18465
18532
18466
18533
18467
18534
18468
18535
18469
18536
18470
18537
18471
18538
18472
18539
18473
18540
18474
18541
18475
18542
18476
18543
18477
18544
18478
18545
18479
18546
18480
18547
18481
18548
18482
18549
18483
18550
18484
18485
18552
18486
18553
18487
18554
18488
18555
18489
18556
18490
18557
18491
18558
18492
18559
18493
18560
18494
18561
18495
18562
18496
18563
18497
18564
18498
18565
18499
18566
18500
18567
18501
18568
18502
18569
18503
18570
18504
18571
18505
18572
18506
18573
18507
18574
18508
18575
18509
18576
18510
18577
18511
18578
18512
18579
18513
18580
18514
18581
18515
18582
18516
18583
18517
18584
18518
18585
18519
18586
18520
18587
18521
18588
18522
18589
18523
18590
18524
18591
18525
18592
18526
18593
18527
18594
18528
18595
18529
18596
18530
18597
18531
18598
18532
18599
18533
18600
18534
18601
18535
18602
18536
18603
18537
18604
18538
18605
18539
18606
18540
18607
18541
18608
18542
18609
18543
18610
18544
18611
18545
18612
18546
18613
18547
18614
18548
18615
18549
18616
18550
18617
18551
18618
18552
18553
18620
18554
18621
18555
18622
18556
18623
18557
18624
18558
18625
18559
18626
18560
18627
18561
18628
18562
18629
18563
18630
18564
18631
18565
18632
18566
18633
18567
18634
18568
18635
18569
18636
18570
18637
18571
18638
18572
18639
18573
18640
18574
18641
18575
18642
18576
18643
18577
18644
18578
18645
18579
18646
18580
18647
18581
18648
18582
18649
18583
18650
18584
18651
18585
18652
18586
18653
18587
18654
18588
18655
18589
18656
18590
18657
18591
18658
18592
18659
18593
18660
18594
18661
18595
18662
18596
18663
18597
18664
18598
18665
18599
18666
18600
18667
18601
18668
18602
18669
18603
18670
18604
18671
18605
18672
18606
18673
18607
18674
18608
18675
18609
18676
18610
18677
18611
18678
18612
18679
18613
18680
18614
18681
18615
18682
18616
18683
18617
18684
18618
18685
18619
18686
18620
18621
18688
18622
18689
18623
18690
18624
18691
18625
18692
18626
18693
18627
18694
18628
18695
18629
18696
18630
18697
18631
18698
18632
18699
18633
18700
18634
18701
18635
18702
18636
18703
18637
18704
18638
18705
18639
18706
18640
18707
18641
18708
18642
18709
18643
18710
18644
18711
18645
18712
18646
18713
18647
18714
18648
18715
18649
18716
18650
18717
18651
18718
18652
18719
18653
18720
18654
18721
18655
18722
18656
18723
18657
18724
18658
18725
18659
18726
18660
18727
18661
18728
18662
18729
18663
18730
18664
18731
18665
18732
18666
18733
18667
18734
18668
18735
18669
18736
18670
18737
18671
18738
18672
18739
18673
18740
18674
18741
18675
18742
18676
18743
18677
18744
18678
18745
18679
18746
18680
18747
18681
18748
18682
18749
18683
18750
18684
18751
18685
18752
18686
18753
18687
18754
18688
18689
18756
18690
18757
18691
18758
18692
18759
18693
18760
18694
18761
18695
18762
18696
18763
18697
18764
18698
18765
18699
18766
18700
18767
18701
18768
18702
18769
18703
18770
18704
18771
18705
18772
18706
18773
18707
18774
18708
18775
18709
18776
18710
18777
18711
18778
18712
18779
18713
18780
18714
18781
18715
18782
18716
18783
18717
18784
18718
18785
18719
18786
18720
18787
18721
18788
18722
18789
18723
18790
18724
18791
18725
18792
18726
18793
18727
18794
18728
18795
18729
18796
18730
18797
18731
18798
18732
18799
18733
18800
18734
18801
18735
18802
18736
18803
18737
18804
18738
18805
18739
18806
18740
18807
18741
18808
18742
18809
18743
18810
18744
18811
18745
18812
18746
18813
18747
18814
18748
18815
18749
18816
18750
18817
18751
18818
18752
18819
18753
18820
18754
18821
18755
18822
18756
18757
18824
18758
18825
18759
18826
18760
18827
18761
18828
18762
18829
18763
18830
18764
18831
18765
18832
18766
18833
18767
18834
18768
18835
18769
18836
18770
18837
18771
18838
18772
18839
18773
18840
18774
18841
18775
18842
18776
18843
18777
18844
18778
18845
18779
18846
18780
18847
18781
18848
18782
18849
18783
18850
18784
18851
18785
18852
18786
18853
18787
18854
18788
18855
18789
18856
18790
18857
18791
18858
18792
18859
18793
18860
18794
18861
18795
18862
18796
18863
18797
18864
18798
18865
18799
18866
18800
18867
18801
18868
18802
18869
18803
18870
18804
18871
18805
18872
18806
18873
18807
18874
18808
18875
18809
18876
18810
18877
18811
18878
18812
18879
18813
18880
18814
18881
18815
18882
18816
18883
18817
18884
18818
18885
18819
18886
18820
18887
18821
18888
18822
18889
18823
18890
18824
18825
18892
18826
18893
18827
18894
18828
18895
18829
18896
18830
18897
18831
18898
18832
18899
18833
18900
18834
18901
18835
18902
18836
18903
18837
18904
18838
18905
18839
18906
18840
18907
18841
18908
18842
18909
18843
18910
18844
18911
18845
18912
18846
18913
18847
18914
18848
18915
18849
18916
18850
18917
18851
18918
18852
18919
18853
18920
18854
18921
18855
18922
18856
18923
18857
18924
18858
18925
18859
18926
18860
18927
18861
18928
18862
18929
18863
18930
18864
18931
18865
18932
18866
18933
18867
18934
18868
18935
18869
18936
18870
18937
18871
18938
18872
18939
18873
18940
18874
18941
18875
18942
18876
18943
18877
18944
18878
18945
18879
18946
18880
18947
18881
18948
18882
18949
18883
18950
18884
18951
18885
18952
18886
18953
18887
18954
18888
18955
18889
18956
18890
18957
18891
18958
18892
18893
18960
18894
18961
18895
18962
18896
18963
18897
18964
18898
18965
18899
18966
18900
18967
18901
18968
18902
18969
18903
18970
18904
18971
18905
18972
18906
18973
18907
18974
18908
18975
18909
18976
18910
18977
18911
18978
18912
18979
18913
18980
18914
18981
18915
18982
18916
18983
18917
18984
18918
18985
18919
18986
18920
18987
18921
18988
18922
18989
18923
18990
18924
18991
18925
18992
18926
18993
18927
18994
18928
18995
18929
18996
18930
18997
18931
18998
18932
18999
18933
19000
18934
19001
18935
19002
18936
19003
18937
19004
18938
19005
18939
19006
18940
19007
18941
19008
18942
19009
18943
19010
18944
19011
18945
19012
18946
19013
18947
19014
18948
19015
18949
19016
18950
19017
18951
19018
18952
19019
18953
19020
18954
19021
18955
19022
18956
19023
18957
19024
18958
19025
18959
19026
18960
18961
19028
18962
19029
18963
19030
18964
19031
18965
19032
18966
19033
18967
19034
18968
19035
18969
19036
18970
19037
18971
19038
18972
19039
18973
19040
18974
19041
18975
19042
18976
19043
18977
19044
18978
19045
18979
19046
18980
19047
18981
19048
18982
19049
18983
19050
18984
19051
18985
19052
18986
19053
18987
19054
18988
19055
18989
19056
18990
19057
18991
19058
18992
19059
18993
19060
18994
19061
18995
19062
18996
19063
18997
19064
18998
19065
18999
19066
19000
19067
19001
19068
19002
19069
19003
19070
19004
19071
19005
19072
19006
19073
19007
19074
19008
19075
19009
19076
19010
19077
19011
19078
19012
19079
19013
19080
19014
19081
19015
19082
19016
19083
19017
19084
19018
19085
19019
19086
19020
19087
19021
19088
19022
19089
19023
19090
19024
19091
19025
19092
19026
19093
19027
19094
19028
19029
19096
19030
19097
19031
19098
19032
19099
19033
19100
19034
19101
19035
19102
19036
19103
19037
19104
19038
19105
19039
19106
19040
19107
19041
19108
19042
19109
19043
19110
19044
19111
19045
19112
19046
19113
19047
19114
19048
19115
19049
19116
19050
19117
19051
19118
19052
19119
19053
19120
19054
19121
19055
19122
19056
19123
19057
19124
19058
19125
19059
19126
19060
19127
19061
19128
19062
19129
19063
19130
19064
19131
19065
19132
19066
19133
19067
19134
19068
19135
19069
19136
19070
19137
19071
19138
19072
19139
19073
19140
19074
19141
19075
19142
19076
19143
19077
19144
19078
19145
19079
19146
19080
19147
19081
19148
19082
19149
19083
19150
19084
19151
19085
19152
19086
19153
19087
19154
19088
19155
19089
19156
19090
19157
19091
19158
19092
19159
19093
19160
19094
19161
19095
19162
19096
19097
19164
19098
19165
19099
19166
19100
19167
19101
19168
19102
19169
19103
19170
19104
19171
19105
19172
19106
19173
19107
19174
19108
19175
19109
19176
19110
19177
19111
19178
19112
19179
19113
19180
19114
19181
19115
19182
19116
19183
19117
19184
19118
19185
19119
19186
19120
19187
19121
19188
19122
19189
19123
19190
19124
19191
19125
19192
19126
19193
19127
19194
19128
19195
19129
19196
19130
19197
19131
19198
19132
19199
19133
19200
19134
19201
19135
19202
19136
19203
19137
19204
19138
19205
19139
19206
19140
19207
19141
19208
19142
19209
19143
19210
19144
19211
19145
19212
19146
19213
19147
19214
19148
19215
19149
19216
19150
19217
19151
19218
19152
19219
19153
19220
19154
19221
19155
19222
19156
19223
19157
19224
19158
19225
19159
19226
19160
19227
19161
19228
19162
19229
19163
19230
19164
19165
19232
19166
19233
19167
19234
19168
19235
19169
19236
19170
19237
19171
19238
19172
19239
19173
19240
19174
19241
19175
19242
19176
19243
19177
19244
19178
19245
19179
19246
19180
19247
19181
19248
19182
19249
19183
19250
19184
19251
19185
19252
19186
19253
19187
19254
19188
19255
19189
19256
19190
19257
19191
19258
19192
19259
19193
19260
19194
19261
19195
19262
19196
19263
19197
19264
19198
19265
19199
19266
19200
19267
19201
19268
19202
19269
19203
19270
19204
19271
19205
19272
19206
19273
19207
19274
19208
19275
19209
19276
19210
19277
19211
19278
19212
19279
19213
19280
19214
19281
19215
19282
19216
19283
19217
19284
19218
19285
19219
19286
19220
19287
19221
19288
19222
19289
19223
19290
19224
19291
19225
19292
19226
19293
19227
19294
19228
19295
19229
19296
19230
19297
19231
19298
19232
19233
19300
19234
19301
19235
19302
19236
19303
19237
19304
19238
19305
19239
19306
19240
19307
19241
19308
19242
19309
19243
19310
19244
19311
19245
19312
19246
19313
19247
19314
19248
19315
19249
19316
19250
19317
19251
19318
19252
19319
19253
19320
19254
19321
19255
19322
19256
19323
19257
19324
19258
19325
19259
19326
19260
19327
19261
19328
19262
19329
19263
19330
19264
19331
19265
19332
19266
19333
19267
19334
19268
19335
19269
19336
19270
19337
19271
19338
19272
19339
19273
19340
19274
19341
19275
19342
19276
19343
19277
19344
19278
19345
19279
19346
19280
19347
19281
19348
19282
19349
19283
19350
19284
19351
19285
19352
19286
19353
19287
19354
19288
19355
19289
19356
19290
19357
19291
19358
19292
19359
19293
19360
19294
19361
19295
19362
19296
19363
19297
19364
19298
19365
19299
19366
19300
19301
19368
19302
19369
19303
19370
19304
19371
19305
19372
19306
19373
19307
19374
19308
19375
19309
19376
19310
19377
19311
19378
19312
19379
19313
19380
19314
19381
19315
19382
19316
19383
19317
19384
19318
19385
19319
19386
19320
19387
19321
19388
19322
19389
19323
19390
19324
19391
19325
19392
19326
19393
19327
19394
19328
19395
19329
19396
19330
19397
19331
19398
19332
19399
19333
19400
19334
19401
19335
19402
19336
19403
19337
19404
19338
19405
19339
19406
19340
19407
19341
19408
19342
19409
19343
19410
19344
19411
19345
19412
19346
19413
19347
19414
19348
19415
19349
19416
19350
19417
19351
19418
19352
19419
19353
19420
19354
19421
19355
19422
19356
19423
19357
19424
19358
19425
19359
19426
19360
19427
19361
19428
19362
19429
19363
19430
19364
19431
19365
19432
19366
19433
19367
19434
19368
19369
19436
19370
19437
19371
19438
19372
19439
19373
19440
19374
19441
19375
19442
19376
19443
19377
19444
19378
19445
19379
19446
19380
19447
19381
19448
19382
19449
19383
19450
19384
19451
19385
19452
19386
19453
19387
19454
19388
19455
19389
19456
19390
19457
19391
19458
19392
19459
19393
19460
19394
19461
19395
19462
19396
19463
19397
19464
19398
19465
19399
19466
19400
19467
19401
19468
19402
19469
19403
19470
19404
19471
19405
19472
19406
19473
19407
19474
19408
19475
19409
19476
19410
19477
19411
19478
19412
19479
19413
19480
19414
19481
19415
19482
19416
19483
19417
19484
19418
19485
19419
19486
19420
19487
19421
19488
19422
19489
19423
19490
19424
19491
19425
19492
19426
19493
19427
19494
19428
19495
19429
19496
19430
19497
19431
19498
19432
19499
19433
19500
19434
19501
19435
19502
19436
19437
19504
19438
19505
19439
19506
19440
19507
19441
19508
19442
19509
19443
19510
19444
19511
19445
19512
19446
19513
19447
19514
19448
19515
19449
19516
19450
19517
19451
19518
19452
19519
19453
19520
19454
19521
19455
19522
19456
19523
19457
19524
19458
19525
19459
19526
19460
19527
19461
19528
19462
19529
19463
19530
19464
19531
19465
19532
19466
19533
19467
19534
19468
19535
19469
19536
19470
19537
19471
19538
19472
19539
19473
19540
19474
19541
19475
19542
19476
19543
19477
19544
19478
19545
19479
19546
19480
19547
19481
19548
19482
19549
19483
19550
19484
19551
19485
19552
19486
19553
19487
19554
19488
19555
19489
19556
19490
19557
19491
19558
19492
19559
19493
19560
19494
19561
19495
19562
19496
19563
19497
19564
19498
19565
19499
19566
19500
19567
19501
19568
19502
19569
19503
19570
19504
19505
19572
19506
19573
19507
19574
19508
19575
19509
19576
19510
19577
19511
19578
19512
19579
19513
19580
19514
19581
19515
19582
19516
19583
19517
19584
19518
19585
19519
19586
19520
19587
19521
19588
19522
19589
19523
19590
19524
19591
19525
19592
19526
19593
19527
19594
19528
19595
19529
19596
19530
19597
19531
19598
19532
19599
19533
19600
19534
19601
19535
19602
19536
19603
19537
19604
19538
19605
19539
19606
19540
19607
19541
19608
19542
19609
19543
19610
19544
19611
19545
19612
19546
19613
19547
19614
19548
19615
19549
19616
19550
19617
19551
19618
19552
19619
19553
19620
19554
19621
19555
19622
19556
19623
19557
19624
19558
19625
19559
19626
19560
19627
19561
19628
19562
19629
19563
19630
19564
19631
19565
19632
19566
19633
19567
19634
19568
19635
19569
19636
19570
19637
19571
19638
19572
19573
19640
19574
19641
19575
19642
19576
19643
19577
19644
19578
19645
19579
19646
19580
19647
19581
19648
19582
19649
19583
19650
19584
19651
19585
19652
19586
19653
19587
19654
19588
19655
19589
19656
19590
19657
19591
19658
19592
19659
19593
19660
19594
19661
19595
19662
19596
19663
19597
19664
19598
19665
19599
19666
19600
19667
19601
19668
19602
19669
19603
19670
19604
19671
19605
19672
19606
19673
19607
19674
19608
19675
19609
19676
19610
19677
19611
19678
19612
19679
19613
19680
19614
19681
19615
19682
19616
19683
19617
19684
19618
19685
19619
19686
19620
19687
19621
19688
19622
19689
19623
19690
19624
19691
19625
19692
19626
19693
19627
19694
19628
19695
19629
19696
19630
19697
19631
19698
19632
19699
19633
19700
19634
19701
19635
19702
19636
19703
19637
19704
19638
19705
19639
19706
19640
9599
19641
9598
19708
19642
9597
19709
19643
9596
19710
19644
9595
19711
19645
9594
19712
19646
9593
19713
19647
9592
19714
19648
9591
19715
19649
9590
19716
19650
9589
19717
19651
9588
19718
19652
9587
19719
19653
9586
19720
19654
9585
19721
19655
9584
19722
19656
9583
19723
19657
9582
19724
19658
9581
19725
19659
9580
19726
19660
9579
19727
19661
9578
19728
19662
9577
19729
19663
9576
19730
19664
9575
19731
19665
9574
19732
19666
9573
19733
19667
9572
19734
19668
9571
19735
19669
9570
19736
19670
9569
19737
19671
9568
19738
19672
9567
19739
19673
9566
19740
19674
9565
19741
19675
9564
19742
19676
9563
19743
19677
9562
19744
19678
9561
19745
19679
9560
19746
19680
9559
19747
19681
9558
19748
19682
9557
19749
19683
9556
19750
19684
9555
19751
19685
9554
19752
19686
9553
19753
19687
9552
19754
19688
9551
19755
19689
9550
19756
19690
9549
19757
19691
9548
19758
19692
9547
19759
19693
9546
19760
19694
9545
19761
19695
9544
19762
19696
9543
19763
19697
9542
19764
19698
9541
19765
19699
9540
19766
19700
9539
19767
19701
9538
19768
19702
9537
19769
19703
9536
19770
19704
9535
19771
19705
9534
19772
19706
9533
19773
19707
9532
19774
9452
9453
19776
9454
19777
9455
19778
9456
19779
9457
19780
9458
19781
9459
19782
9460
19783
9461
19784
9462
19785
9463
19786
9464
19787
9465
19788
9466
19789
9467
19790
9468
19791
9469
19792
9470
19793
9471
19794
9472
19795
9473
19796
9474
19797
9475
19798
9476
19799
9477
19800
9478
19801
9479
19802
9480
19803
9481
19804
9482
19805
9483
19806
9484
19807
9485
19808
9486
19809
9487
19810
9488
19811
9489
19812
9490
19813
9491
19814
9492
19815
9493
19816
9494
19817
9495
19818
9496
19819
9497
19820
9498
19821
9499
19822
9500
19823
9501
19824
9502
19825
9503
19826
9504
19827
9505
19828
9506
19829
9507
19830
9508
19831
9509
19832
9510
19833
9511
19834
9512
19835
9513
19836
9514
19837
9515
19838
9516
19839
9517
19840
9518
19841
9519
19842
19776
19777
19844
19778
19845
19779
19846
19780
19847
19781
19848
19782
19849
19783
19850
19784
19851
19785
19852
19786
19853
19787
19854
19788
19855
19789
19856
19790
19857
19791
19858
19792
19859
19793
19860
19794
19861
19795
19862
19796
19863
19797
19864
19798
19865
19799
19866
19800
19867
19801
19868
19802
19869
19803
19870
19804
19871
19805
19872
19806
19873
19807
19874
19808
19875
19809
19876
19810
19877
19811
19878
19812
19879
19813
19880
19814
19881
19815
19882
19816
19883
19817
19884
19818
19885
19819
19886
19820
19887
19821
19888
19822
19889
19823
19890
19824
19891
19825
19892
19826
19893
19827
19894
19828
19895
19829
19896
19830
19897
19831
19898
19832
19899
19833
19900
19834
19901
19835
19902
19836
19903
19837
19904
19838
19905
19839
19906
19840
19907
19841
19908
19842
19909
19843
19910
19844
19845
19912
19846
19913
19847
19914
19848
19915
19849
19916
19850
19917
19851
19918
19852
19919
19853
19920
19854
19921
19855
19922
19856
19923
19857
19924
19858
19925
19859
19926
19860
19927
19861
19928
19862
19929
19863
19930
19864
19931
19865
19932
19866
19933
19867
19934
19868
19935
19869
19936
19870
19937
19871
19938
19872
19939
19873
19940
19874
19941
19875
19942
19876
19943
19877
19944
19878
19945
19879
19946
19880
19947
19881
19948
19882
19949
19883
19950
19884
19951
19885
19952
19886
19953
19887
19954
19888
19955
19889
19956
19890
19957
19891
19958
19892
19959
19893
19960
19894
19961
19895
19962
19896
19963
19897
19964
19898
19965
19899
19966
19900
19967
19901
19968
19902
19969
19903
19970
19904
19971
19905
19972
19906
19973
19907
19974
19908
19975
19909
19976
19910
19977
19911
19978
19912
19913
19980
19914
19981
19915
19982
19916
19983
19917
19984
19918
19985
19919
19986
19920
19987
19921
19988
19922
19989
19923
19990
19924
19991
19925
19992
19926
19993
19927
19994
19928
19995
19929
19996
19930
19997
19931
19998
19932
19999
19933
20000
19934
20001
19935
20002
19936
20003
19937
20004
19938
20005
19939
20006
19940
20007
19941
20008
19942
20009
19943
20010
19944
20011
19945
20012
19946
20013
19947
20014
19948
20015
19949
20016
19950
20017
19951
20018
19952
20019
19953
20020
19954
20021
19955
20022
19956
20023
19957
20024
19958
20025
19959
20026
19960
20027
19961
20028
19962
20029
19963
20030
19964
20031
19965
20032
19966
20033
19967
20034
19968
20035
19969
20036
19970
20037
19971
20038
19972
20039
19973
20040
19974
20041
19975
20042
19976
20043
19977
20044
19978
20045
19979
20046
19980
19981
20048
19982
20049
19983
20050
19984
20051
19985
20052
19986
20053
19987
20054
19988
20055
19989
20056
19990
20057
19991
20058
19992
20059
19993
20060
19994
20061
19995
20062
19996
20063
19997
20064
19998
20065
19999
20066
20000
20067
20001
20068
20002
20069
20003
20070
20004
20071
20005
20072
20006
20073
20007
20074
20008
20075
20009
20076
20010
20077
20011
20078
20012
20079
20013
20080
20014
20081
20015
20082
20016
20083
20017
20084
20018
20085
20019
20086
20020
20087
20021
20088
20022
20089
20023
20090
20024
20091
20025
20092
20026
20093
20027
20094
20028
20095
20029
20096
20030
20097
20031
20098
20032
20099
20033
20100
20034
20101
20035
20102
20036
20103
20037
20104
20038
20105
20039
20106
20040
20107
20041
20108
20042
20109
20043
20110
20044
20111
20045
20112
20046
20113
20047
20114
20048
20049
20116
20050
20117
20051
20118
20052
20119
20053
20120
20054
20121
20055
20122
20056
20123
20057
20124
20058
20125
20059
20126
20060
20127
20061
20128
20062
20129
20063
20130
20064
20131
20065
20132
20066
20133
20067
20134
20068
20135
20069
20136
20070
20137
20071
20138
20072
20139
20073
20140
20074
20141
20075
20142
20076
20143
20077
20144
20078
20145
20079
20146
20080
20147
20081
20148
20082
20149
20083
20150
20084
20151
20085
20152
20086
20153
20087
20154
20088
20155
20089
20156
20090
20157
20091
20158
20092
20159
20093
20160
20094
20161
20095
20162
20096
20163
20097
20164
20098
20165
20099
20166
20100
20167
20101
20168
20102
20169
20103
20170
20104
20171
20105
20172
20106
20173
20107
20174
20108
20175
20109
20176
20110
20177
20111
20178
20112
20179
20113
20180
20114
20181
20115
20182
20116
20117
20184
20118
20185
20119
20186
20120
20187
20121
20188
20122
20189
20123
20190
20124
20191
20125
20192
20126
20193
20127
20194
20128
20195
20129
20196
20130
20197
20131
20198
20132
20199
20133
20200
20134
20201
20135
20202
20136
20203
20137
20204
20138
20205
20139
20206
20140
20207
20141
20208
20142
20209
20143
20210
20144
20211
20145
20212
20146
20213
20147
20214
20148
20215
20149
20216
20150
20217
20151
20218
20152
20219
20153
20220
20154
20221
20155
20222
20156
20223
20157
20224
20158
20225
20159
20226
20160
20227
20161
20228
20162
20229
20163
20230
20164
20231
20165
20232
20166
20233
20167
20234
20168
20235
20169
20236
20170
20237
20171
20238
20172
20239
20173
20240
20174
20241
20175
20242
20176
20243
20177
20244
20178
20245
20179
20246
20180
20247
20181
20248
20182
20249
20183
20250
20184
20185
20252
20186
20253
20187
20254
20188
20255
20189
20256
20190
20257
20191
20258
20192
20259
20193
20260
20194
20261
20195
20262
20196
20263
20197
20264
20198
20265
20199
20266
20200
20267
20201
20268
20202
20269
20203
20270
20204
20271
20205
20272
20206
20273
20207
20274
20208
20275
20209
20276
20210
20277
20211
20278
20212
20279
20213
20280
20214
20281
20215
20282
20216
20283
20217
20284
20218
20285
20219
20286
20220
20287
20221
20288
20222
20289
20223
20290
20224
20291
20225
20292
20226
20293
20227
20294
20228
20295
20229
20296
20230
20297
20231
20298
20232
20299
20233
20300
20234
20301
20235
20302
20236
20303
20237
20304
20238
20305
20239
20306
20240
20307
20241
20308
20242
20309
20243
20310
20244
20311
20245
20312
20246
20313
20247
20314
20248
20315
20249
20316
20250
20317
20251
20318
20252
20253
20320
20254
20321
20255
20322
20256
20323
20257
20324
20258
20325
20259
20326
20260
20327
20261
20328
20262
20329
20263
20330
20264
20331
20265
20332
20266
20333
20267
20334
20268
20335
20269
20336
20270
20337
20271
20338
20272
20339
20273
20340
20274
20341
20275
20342
20276
20343
20277
20344
20278
20345
20279
20346
20280
20347
20281
20348
20282
20349
20283
20350
20284
20351
20285
20352
20286
20353
20287
20354
20288
20355
20289
20356
20290
20357
20291
20358
20292
20359
20293
20360
20294
20361
20295
20362
20296
20363
20297
20364
20298
20365
20299
20366
20300
20367
20301
20368
20302
20369
20303
20370
20304
20371
20305
20372
20306
20373
20307
20374
20308
20375
20309
20376
20310
20377
20311
20378
20312
20379
20313
20380
20314
20381
20315
20382
20316
20383
20317
20384
20318
20385
20319
20386
20320
20321
20388
20322
20389
20323
20390
20324
20391
20325
20392
20326
20393
20327
20394
20328
20395
20329
20396
20330
20397
20331
20398
20332
20399
20333
20400
20334
20401
20335
20402
20336
20403
20337
20404
20338
20405
20339
20406
20340
20407
20341
20408
20342
20409
20343
20410
20344
20411
20345
20412
20346
20413
20347
20414
20348
20415
20349
20416
20350
20417
20351
20418
20352
20419
20353
20420
20354
20421
20355
20422
20356
20423
20357
20424
20358
20425
20359
20426
20360
20427
20361
20428
20362
20429
20363
20430
20364
20431
20365
20432
20366
20433
20367
20434
20368
20435
20369
20436
20370
20437
20371
20438
20372
20439
20373
20440
20374
20441
20375
20442
20376
20443
20377
20444
20378
20445
20379
20446
20380
20447
20381
20448
20382
20449
20383
20450
20384
20451
20385
20452
20386
20453
20387
20454
20388
20389
20456
20390
20457
20391
20458
20392
20459
20393
20460
20394
20461
20395
20462
20396
20463
20397
20464
20398
20465
20399
20466
20400
20467
20401
20468
20402
20469
20403
20470
20404
20471
20405
20472
20406
20473
20407
20474
20408
20475
20409
20476
20410
20477
20411
20478
20412
20479
20413
20480
20414
20481
20415
20482
20416
20483
20417
20484
20418
20485
20419
20486
20420
20487
20421
20488
20422
20489
20423
20490
20424
20491
20425
20492
20426
20493
20427
20494
20428
20495
20429
20496
20430
20497
20431
20498
20432
20499
20433
20500
20434
20501
20435
20502
20436
20503
20437
20504
20438
20505
20439
20506
20440
20507
20441
20508
20442
20509
20443
20510
20444
20511
20445
20512
20446
20513
20447
20514
20448
20515
20449
20516
20450
20517
20451
20518
20452
20519
20453
20520
20454
20521
20455
20522
20456
20457
20524
20458
20525
20459
20526
20460
20527
20461
20528
20462
20529
20463
20530
20464
20531
20465
20532
20466
20533
20467
20534
20468
20535
20469
20536
20470
20537
20471
20538
20472
20539
20473
20540
20474
20541
20475
20542
20476
20543
20477
20544
20478
20545
20479
20546
20480
20547
20481
20548
20482
20549
20483
20550
20484
20551
20485
20552
20486
20553
20487
20554
20488
20555
20489
20556
20490
20557
20491
20558
20492
20559
20493
20560
20494
20561
20495
20562
20496
20563
20497
20564
20498
20565
20499
20566
20500
20567
20501
20568
20502
20569
20503
20570
20504
20571
20505
20572
20506
20573
20507
20574
20508
20575
20509
20576
20510
20577
20511
20578
20512
20579
20513
20580
20514
20581
20515
20582
20516
20583
20517
20584
20518
20585
20519
20586
20520
20587
20521
20588
20522
20589
20523
20590
20524
20525
20592
20526
20593
20527
20594
20528
20595
20529
20596
20530
20597
20531
20598
20532
20599
20533
20600
20534
20601
20535
20602
20536
20603
20537
20604
20538
20605
20539
20606
20540
20607
20541
20608
20542
20609
20543
20610
20544
20611
20545
20612
20546
20613
20547
20614
20548
20615
20549
20616
20550
20617
20551
20618
20552
20619
20553
20620
20554
20621
20555
20622
20556
20623
20557
20624
20558
20625
20559
20626
20560
20627
20561
20628
20562
20629
20563
20630
20564
20631
20565
20632
20566
20633
20567
20634
20568
20635
20569
20636
20570
20637
20571
20638
20572
20639
20573
20640
20574
20641
20575
20642
20576
20643
20577
20644
20578
20645
20579
20646
20580
20647
20581
20648
20582
20649
20583
20650
20584
20651
20585
20652
20586
20653
20587
20654
20588
20655
20589
20656
20590
20657
20591
20658
20592
20593
20660
20594
20661
20595
20662
20596
20663
20597
20664
20598
20665
20599
20666
20600
20667
20601
20668
20602
20669
20603
20670
20604
20671
20605
20672
20606
20673
20607
20674
20608
20675
20609
20676
20610
20677
20611
20678
20612
20679
20613
20680
20614
20681
20615
20682
20616
20683
20617
20684
20618
20685
20619
20686
20620
20687
20621
20688
20622
20689
20623
20690
20624
20691
20625
20692
20626
20693
20627
20694
20628
20695
20629
20696
20630
20697
20631
20698
20632
20699
20633
20700
20634
20701
20635
20702
20636
20703
20637
20704
20638
20705
20639
20706
20640
20707
20641
20708
20642
20709
20643
20710
20644
20711
20645
20712
20646
20713
20647
20714
20648
20715
20649
20716
20650
20717
20651
20718
20652
20719
20653
20720
20654
20721
20655
20722
20656
20723
20657
20724
20658
20725
20659
20726
20660
20661
20728
20662
20729
20663
20730
20664
20731
20665
20732
20666
20733
20667
20734
20668
20735
20669
20736
20670
20737
20671
20738
20672
20739
20673
20740
20674
20741
20675
20742
20676
20743
20677
20744
20678
20745
20679
20746
20680
20747
20681
20748
20682
20749
20683
20750
20684
20751
20685
20752
20686
20753
20687
20754
20688
20755
20689
20756
20690
20757
20691
20758
20692
20759
20693
20760
20694
20761
20695
20762
20696
20763
20697
20764
20698
20765
20699
20766
20700
20767
20701
20768
20702
20769
20703
20770
20704
20771
20705
20772
20706
20773
20707
20774
20708
20775
20709
20776
20710
20777
20711
20778
20712
20779
20713
20780
20714
20781
20715
20782
20716
20783
20717
20784
20718
20785
20719
20786
20720
20787
20721
20788
20722
20789
20723
20790
20724
20791
20725
20792
20726
20793
20727
20794
20728
20729
20796
20730
20797
20731
20798
20732
20799
20733
20800
20734
20801
20735
20802
20736
20803
20737
20804
20738
20805
20739
20806
20740
20807
20741
20808
20742
20809
20743
20810
20744
20811
20745
20812
20746
20813
20747
20814
20748
20815
20749
20816
20750
20817
20751
20818
20752
20819
20753
20820
20754
20821
20755
20822
20756
20823
20757
20824
20758
20825
20759
20826
20760
20827
20761
20828
20762
20829
20763
20830
20764
20831
20765
20832
20766
20833
20767
20834
20768
20835
20769
20836
20770
20837
20771
20838
20772
20839
20773
20840
20774
20841
20775
20842
20776
20843
20777
20844
20778
20845
20779
20846
20780
20847
20781
20848
20782
20849
20783
20850
20784
20851
20785
20852
20786
20853
20787
20854
20788
20855
20789
20856
20790
20857
20791
20858
20792
20859
20793
20860
20794
20861
20795
20862
20796
20797
20864
20798
20865
20799
20866
20800
20867
20801
20868
20802
20869
20803
20870
20804
20871
20805
20872
20806
20873
20807
20874
20808
20875
20809
20876
20810
20877
20811
20878
20812
20879
20813
20880
20814
20881
20815
20882
20816
20883
20817
20884
20818
20885
20819
20886
20820
20887
20821
20888
20822
20889
20823
20890
20824
20891
20825
20892
20826
20893
20827
20894
20828
20895
20829
20896
20830
20897
20831
20898
20832
20899
20833
20900
20834
20901
20835
20902
20836
20903
20837
20904
20838
20905
20839
20906
20840
20907
20841
20908
20842
20909
20843
20910
20844
20911
20845
20912
20846
20913
20847
20914
20848
20915
20849
20916
20850
20917
20851
20918
20852
20919
20853
20920
20854
20921
20855
20922
20856
20923
20857
20924
20858
20925
20859
20926
20860
20927
20861
20928
20862
20929
20863
20930
20864
20865
20932
20866
20933
20867
20934
20868
20935
20869
20936
20870
20937
20871
20938
20872
20939
20873
20940
20874
20941
20875
20942
20876
20943
20877
20944
20878
20945
20879
20946
20880
20947
20881
20948
20882
20949
20883
20950
20884
20951
20885
20952
20886
20953
20887
20954
20888
20955
20889
20956
20890
20957
20891
20958
20892
20959
20893
20960
20894
20961
20895
20962
20896
20963
20897
20964
20898
20965
20899
20966
20900
20967
20901
20968
20902
20969
20903
20970
20904
20971
20905
20972
20906
20973
20907
20974
20908
20975
20909
20976
20910
20977
20911
20978
20912
20979
20913
20980
20914
20981
20915
20982
20916
20983
20917
20984
20918
20985
20919
20986
20920
20987
20921
20988
20922
20989
20923
20990
20924
20991
20925
20992
20926
20993
20927
20994
20928
20995
20929
20996
20930
20997
20931
20998
20932
20933
21000
20934
21001
20935
21002
20936
21003
20937
21004
20938
21005
20939
21006
20940
21007
20941
21008
20942
21009
20943
21010
20944
21011
20945
21012
20946
21013
20947
21014
20948
21015
20949
21016
20950
21017
20951
21018
20952
21019
20953
21020
20954
21021
20955
21022
20956
21023
20957
21024
20958
21025
20959
21026
20960
21027
20961
21028
20962
21029
20963
21030
20964
21031
20965
21032
20966
21033
20967
21034
20968
21035
20969
21036
20970
21037
20971
21038
20972
21039
20973
21040
20974
21041
20975
21042
20976
21043
20977
21044
20978
21045
20979
21046
20980
21047
20981
21048
20982
21049
20983
21050
20984
21051
20985
21052
20986
21053
20987
21054
20988
21055
20989
21056
20990
21057
20991
21058
20992
21059
20993
21060
20994
21061
20995
21062
20996
21063
20997
21064
20998
21065
20999
21066
21000
21001
21068
21002
21069
21003
21070
21004
21071
21005
21072
21006
21073
21007
21074
21008
21075
21009
21076
21010
21077
21011
21078
21012
21079
21013
21080
21014
21081
21015
21082
21016
21083
21017
21084
21018
21085
21019
21086
21020
21087
21021
21088
21022
21089
21023
21090
21024
21091
21025
21092
21026
21093
21027
21094
21028
21095
21029
21096
21030
21097
21031
21098
21032
21099
21033
21100
21034
21101
21035
21102
21036
21103
21037
21104
21038
21105
21039
21106
21040
21107
21041
21108
21042
21109
21043
21110
21044
21111
21045
21112
21046
21113
21047
21114
21048
21115
21049
21116
21050
21117
21051
21118
21052
21119
21053
21120
21054
21121
21055
21122
21056
21123
21057
21124
21058
21125
21059
21126
21060
21127
21061
21128
21062
21129
21063
21130
21064
21131
21065
21132
21066
21133
21067
21134
21068
21069
21136
21070
21137
21071
21138
21072
21139
21073
21140
21074
21141
21075
21142
21076
21143
21077
21144
21078
21145
21079
21146
21080
21147
21081
21148
21082
21149
21083
21150
21084
21151
21085
21152
21086
21153
21087
21154
21088
21155
21089
21156
21090
21157
21091
21158
21092
21159
21093
21160
21094
21161
21095
21162
21096
21163
21097
21164
21098
21165
21099
21166
21100
21167
21101
21168
21102
21169
21103
21170
21104
21171
21105
21172
21106
21173
21107
21174
21108
21175
21109
21176
21110
21177
21111
21178
21112
21179
21113
21180
21114
21181
21115
21182
21116
21183
21117
21184
21118
21185
21119
21186
21120
21187
21121
21188
21122
21189
21123
21190
21124
21191
21125
21192
21126
21193
21127
21194
21128
21195
21129
21196
21130
21197
21131
21198
21132
21199
21133
21200
21134
21201
21135
21202
21136
21137
21204
21138
21205
21139
21206
21140
21207
21141
21208
21142
21209
21143
21210
21144
21211
21145
21212
21146
21213
21147
21214
21148
21215
21149
21216
21150
21217
21151
21218
21152
21219
21153
21220
21154
21221
21155
21222
21156
21223
21157
21224
21158
21225
21159
21226
21160
21227
21161
21228
21162
21229
21163
21230
21164
21231
21165
21232
21166
21233
21167
21234
21168
21235
21169
21236
21170
21237
21171
21238
21172
21239
21173
21240
21174
21241
21175
21242
21176
21243
21177
21244
21178
21245
21179
21246
21180
21247
21181
21248
21182
21249
21183
21250
21184
21251
21185
21252
21186
21253
21187
21254
21188
21255
21189
21256
21190
21257
21191
21258
21192
21259
21193
21260
21194
21261
21195
21262
21196
21263
21197
21264
21198
21265
21199
21266
21200
21267
21201
21268
21202
21269
21203
21270
21204
21205
21272
21206
21273
21207
21274
21208
21275
21209
21276
21210
21277
21211
21278
21212
21279
21213
21280
21214
21281
21215
21282
21216
21283
21217
21284
21218
21285
21219
21286
21220
21287
21221
21288
21222
21289
21223
21290
21224
21291
21225
21292
21226
21293
21227
21294
21228
21295
21229
21296
21230
21297
21231
21298
21232
21299
21233
21300
21234
21301
21235
21302
21236
21303
21237
21304
21238
21305
21239
21306
21240
21307
21241
21308
21242
21309
21243
21310
21244
21311
21245
21312
21246
21313
21247
21314
21248
21315
21249
21316
21250
21317
21251
21318
21252
21319
21253
21320
21254
21321
21255
21322
21256
21323
21257
21324
21258
21325
21259
21326
21260
21327
21261
21328
21262
21329
21263
21330
21264
21331
21265
21332
21266
21333
21267
21334
21268
21335
21269
21336
21270
21337
21271
21338
21272
21273
21340
21274
21341
21275
21342
21276
21343
21277
21344
21278
21345
21279
21346
21280
21347
21281
21348
21282
21349
21283
21350
21284
21351
21285
21352
21286
21353
21287
21354
21288
21355
21289
21356
21290
21357
21291
21358
21292
21359
21293
21360
21294
21361
21295
21362
21296
21363
21297
21364
21298
21365
21299
21366
21300
21367
21301
21368
21302
21369
21303
21370
21304
21371
21305
21372
21306
21373
21307
21374
21308
21375
21309
21376
21310
21377
21311
21378
21312
21379
21313
21380
21314
21381
21315
21382
21316
21383
21317
21384
21318
21385
21319
21386
21320
21387
21321
21388
21322
21389
21323
21390
21324
21391
21325
21392
21326
21393
21327
21394
21328
21395
21329
21396
21330
21397
21331
21398
21332
21399
21333
21400
21334
21401
21335
21402
21336
21403
21337
21404
21338
21405
21339
21406
21408
21409
21410
21411
21412
21413
21414
21415
21416
21417
21418
21419
21420
21421
21422
21423
21424
21425
21426
21427
21428
21429
11616
21430
21408
21409
21432
21410
21433
21411
21434
21412
21435
21413
21436
21414
21437
21415
21438
21416
21439
21417
21440
21418
21441
21419
21442
21420
21443
21421
21444
21422
21445
21423
21446
21424
21447
21425
21448
21426
21449
21427
21450
21428
21451
21429
21452
21430
21453
21431
11684
21454
21432
21433
21456
21434
21457
21435
21458
21436
21459
21437
21460
21438
21461
21439
21462
21440
21463
21441
21464
21442
21465
21443
21466
21444
21467
21445
21468
21446
21469
21447
21470
21448
21471
21449
21472
21450
21473
21451
21474
21452
21475
21453
21476
21454
21477
21455
11752
21478
21456
21457
21480
21458
21481
21459
21482
21460
21483
21461
21484
21462
21485
21463
21486
21464
21487
21465
21488
21466
21489
21467
21490
21468
21491
21469
21492
21470
21493
21471
21494
21472
21495
21473
21496
21474
21497
21475
21498
21476
21499
21477
21500
21478
21501
21479
11820
21502
21480
21481
21504
21482
21505
21483
21506
21484
21507
21485
21508
21486
21509
21487
21510
21488
21511
21489
21512
21490
21513
21491
21514
21492
21515
21493
21516
21494
21517
21495
21518
21496
21519
21497
21520
21498
21521
21499
21522
21500
21523
21501
21524
21502
21525
21503
11888
21526
21504
21505
21528
21506
21529
21507
21530
21508
21531
21509
21532
21510
21533
21511
21534
21512
21535
21513
21536
21514
21537
21515
21538
21516
21539
21517
21540
21518
21541
21519
21542
21520
21543
21521
21544
21522
21545
21523
21546
21524
21547
21525
21548
21526
21549
21527
11956
21550
21528
21529
21552
21530
21553
21531
21554
21532
21555
21533
21556
21534
21557
21535
21558
21536
21559
21537
21560
21538
21561
21539
21562
21540
21563
21541
21564
21542
21565
21543
21566
21544
21567
21545
21568
21546
21569
21547
21570
21548
21571
21549
21572
21550
21573
21551
12024
21574
21552
21553
21576
21554
21577
21555
21578
21556
21579
21557
21580
21558
21581
21559
21582
21560
21583
21561
21584
21562
21585
21563
21586
21564
21587
21565
21588
21566
21589
21567
21590
21568
21591
21569
21592
21570
21593
21571
21594
21572
21595
21573
21596
21574
21597
21575
12092
21598
21576
21577
21600
21578
21601
21579
21602
21580
21603
21581
21604
21582
21605
21583
21606
21584
21607
21585
21608
21586
21609
21587
21610
21588
21611
21589
21612
21590
21613
21591
21614
21592
21615
21593
21616
21594
21617
21595
21618
21596
21619
21597
21620
21598
21621
21599
12160
21622
21600
21601
21624
21602
21625
21603
21626
21604
21627
21605
21628
21606
21629
21607
21630
21608
21631
21609
21632
21610
21633
21611
21634
21612
21635
21613
21636
21614
21637
21615
21638
21616
21639
21617
21640
21618
21641
21619
21642
21620
21643
21621
21644
21622
21645
21623
12228
21646
21624
21625
21648
21626
21649
21627
21650
21628
21651
21629
21652
21630
21653
21631
21654
21632
21655
21633
21656
21634
21657
21635
21658
21636
21659
21637
21660
21638
21661
21639
21662
21640
21663
21641
21664
21642
21665
21643
21666
21644
21667
21645
21668
21646
21669
21647
12296
21670
21648
21649
21672
21650
21673
21651
21674
21652
21675
21653
21676
21654
21677
21655
21678
21656
21679
21657
21680
21658
21681
21659
21682
21660
21683
21661
21684
21662
21685
21663
21686
21664
21687
21665
21688
21666
21689
21667
21690
21668
21691
21669
21692
21670
21693
21671
12364
21694
21672
21673
21696
21674
21697
21675
21698
21676
21699
21677
21700
21678
21701
21679
21702
21680
21703
21681
21704
21682
21705
21683
21706
21684
21707
21685
21708
21686
21709
21687
21710
21688
21711
21689
21712
21690
21713
21691
21714
21692
21715
21693
21716
21694
21717
21695
12432
21718
21696
21697
21720
21698
21721
21699
21722
21700
21723
21701
21724
21702
21725
21703
21726
21704
21727
21705
21728
21706
21729
21707
21730
21708
21731
21709
21732
21710
21733
21711
21734
21712
21735
21713
21736
21714
21737
21715
21738
21716
21739
21717
21740
21718
21741
21719
12500
21742
21720
21721
21744
21722
21745
21723
21746
21724
21747
21725
21748
21726
21749
21727
21750
21728
21751
21729
21752
21730
21753
21731
21754
21732
21755
21733
21756
21734
21757
21735
21758
21736
21759
21737
21760
21738
21761
21739
21762
21740
21763
21741
21764
21742
21765
21743
12568
21766
21744
21745
21768
21746
21769
21747
21770
21748
21771
21749
21772
21750
21773
21751
21774
21752
21775
21753
21776
21754
21777
21755
21778
21756
21779
21757
21780
21758
21781
21759
21782
21760
21783
21761
21784
21762
21785
21763
21786
21764
21787
21765
21788
21766
21789
21767
12636
21790
21768
21769
21792
21770
21793
21771
21794
21772
21795
21773
21796
21774
21797
21775
21798
21776
21799
21777
21800
21778
21801
21779
21802
21780
21803
21781
21804
21782
21805
21783
21806
21784
21807
21785
21808
21786
21809
21787
21810
21788
21811
21789
21812
21790
21813
21791
12704
21814
21792
21793
21816
21794
21817
21795
21818
21796
21819
21797
21820
21798
21821
21799
21822
21800
21823
21801
21824
21802
21825
21803
21826
21804
21827
21805
21828
21806
21829
21807
21830
21808
21831
21809
21832
21810
21833
21811
21834
21812
21835
21813
21836
21814
21837
21815
12772
21838
21816
21817
21840
21818
21841
21819
21842
21820
21843
21821
21844
21822
21845
21823
21846
21824
21847
21825
21848
21826
21849
21827
21850
21828
21851
21829
21852
21830
21853
21831
21854
21832
21855
21833
21856
21834
21857
21835
21858
21836
21859
21837
21860
21838
21861
21839
12840
21862
21840
21841
21864
21842
21865
21843
21866
21844
21867
21845
21868
21846
21869
21847
21870
21848
21871
21849
21872
21850
21873
21851
21874
21852
21875
21853
21876
21854
21877
21855
21878
21856
21879
21857
21880
21858
21881
21859
21882
21860
21883
21861
21884
21862
21885
21863
12908
21886
21864
21865
21888
21866
21889
21867
21890
21868
21891
21869
21892
21870
21893
21871
21894
21872
21895
21873
21896
21874
21897
21875
21898
21876
21899
21877
21900
21878
21901
21879
21902
21880
21903
21881
21904
21882
21905
21883
21906
21884
21907
21885
21908
21886
21909
21887
12976
21910
21888
21889
21912
21890
21913
21891
21914
21892
21915
21893
21916
21894
21917
21895
21918
21896
21919
21897
21920
21898
21921
21899
21922
21900
21923
21901
21924
21902
21925
21903
21926
21904
21927
21905
21928
21906
21929
21907
21930
21908
21931
21909
21932
21910
21933
21911
13044
21934
21912
21913
21936
21914
21937
21915
21938
21916
21939
21917
21940
21918
21941
21919
21942
21920
21943
21921
21944
21922
21945
21923
21946
21924
21947
21925
21948
21926
21949
21927
21950
21928
21951
21929
21952
21930
21953
21931
21954
21932
21955
21933
21956
21934
21957
21935
13112
21958
21936
9600
21937
9601
21960
21938
9602
21961
21939
9603
21962
21940
9604
21963
21941
9605
21964
21942
9606
21965
21943
9607
21966
21944
9608
21967
21945
9609
21968
21946
9610
21969
21947
9611
21970
21948
9612
21971
21949
9613
21972
21950
9614
21973
21951
9615
21974
21952
9616
21975
21953
9617
21976
21954
9618
21977
21955
9619
21978
21956
9620
21979
21957
9621
21980
21958
9622
21981
21959
13180
9623
21982
9864
9865
21984
9866
21985
9867
21986
9868
21987
9869
21988
9870
21989
9871
21990
9872
21991
9873
21992
9874
21993
9875
21994
9876
21995
9877
21996
9878
21997
9879
21998
9880
21999
9881
22000
9882
22001
9883
22002
9884
22003
9885
22004
9886
22005
9887
13248
22006
21984
21985
22008
21986
22009
21987
22010
21988
22011
21989
22012
21990
22013
21991
22014
21992
22015
21993
22016
21994
22017
21995
22018
21996
22019
21997
22020
21998
22021
21999
22022
22000
22023
22001
22024
22002
22025
22003
22026
22004
22027
22005
22028
22006
22029
22007
13316
22030
22008
22009
22032
22010
22033
22011
22034
22012
22035
22013
22036
22014
22037
22015
22038
22016
22039
22017
22040
22018
22041
22019
22042
22020
22043
22021
22044
22022
22045
22023
22046
22024
22047
22025
22048
22026
22049
22027
22050
22028
22051
22029
22052
22030
22053
22031
13384
22054
22032
22033
22056
22034
22057
22035
22058
22036
22059
22037
22060
22038
22061
22039
22062
22040
22063
22041
22064
22042
22065
22043
22066
22044
22067
22045
22068
22046
22069
22047
22070
22048
22071
22049
22072
22050
22073
22051
22074
22052
22075
22053
22076
22054
22077
22055
13452
22078
22056
22057
22080
22058
22081
22059
22082
22060
22083
22061
22084
22062
22085
22063
22086
22064
22087
22065
22088
22066
22089
22067
22090
22068
22091
22069
22092
22070
22093
22071
22094
22072
22095
22073
22096
22074
22097
22075
22098
22076
22099
22077
22100
22078
22101
22079
13520
22102
22080
22081
22104
22082
22105
22083
22106
22084
22107
22085
22108
22086
22109
22087
22110
22088
22111
22089
22112
22090
22113
22091
22114
22092
22115
22093
22116
22094
22117
22095
22118
22096
22119
22097
22120
22098
22121
22099
22122
22100
22123
22101
22124
22102
22125
22103
13588
22126
22104
22105
22128
22106
22129
22107
22130
22108
22131
22109
22132
22110
22133
22111
22134
22112
22135
22113
22136
22114
22137
22115
22138
22116
22139
22117
22140
22118
22141
22119
22142
22120
22143
22121
22144
22122
22145
22123
22146
22124
22147
22125
22148
22126
22149
22127
13656
22150
22128
22129
22152
22130
22153
22131
22154
22132
22155
22133
22156
22134
22157
22135
22158
22136
22159
22137
22160
22138
22161
22139
22162
22140
22163
22141
22164
22142
22165
22143
22166
22144
22167
22145
22168
22146
22169
22147
22170
22148
22171
22149
22172
22150
22173
22151
13724
22174
22152
22153
22176
22154
22177
22155
22178
22156
22179
22157
22180
22158
22181
22159
22182
22160
22183
22161
22184
22162
22185
22163
22186
22164
22187
22165
22188
22166
22189
22167
22190
22168
22191
22169
22192
22170
22193
22171
22194
22172
22195
22173
22196
22174
22197
22175
13792
22198
22176
22177
22200
22178
22201
22179
22202
22180
22203
22181
22204
22182
22205
22183
22206
22184
22207
22185
22208
22186
22209
22187
22210
22188
22211
22189
22212
22190
22213
22191
22214
22192
22215
22193
22216
22194
22217
22195
22218
22196
22219
22197
22220
22198
22221
22199
13860
22222
22200
22201
22224
22202
22225
22203
22226
22204
22227
22205
22228
22206
22229
22207
22230
22208
22231
22209
22232
22210
22233
22211
22234
22212
22235
22213
22236
22214
22237
22215
22238
22216
22239
22217
22240
22218
22241
22219
22242
22220
22243
22221
22244
22222
22245
22223
13928
22246
22224
22225
22248
22226
22249
22227
22250
22228
22251
22229
22252
22230
22253
22231
22254
22232
22255
22233
22256
22234
22257
22235
22258
22236
22259
22237
22260
22238
22261
22239
22262
22240
22263
22241
22264
22242
22265
22243
22266
22244
22267
22245
22268
22246
22269
22247
13996
22270
22248
22249
22272
22250
22273
22251
22274
22252
22275
22253
22276
22254
22277
22255
22278
22256
22279
22257
22280
22258
22281
22259
22282
22260
22283
22261
22284
22262
22285
22263
22286
22264
22287
22265
22288
22266
22289
22267
22290
22268
22291
22269
22292
22270
22293
22271
14064
22294
22272
22273
22296
22274
22297
22275
22298
22276
22299
22277
22300
22278
22301
22279
22302
22280
22303
22281
22304
22282
22305
22283
22306
22284
22307
22285
22308
22286
22309
22287
22310
22288
22311
22289
22312
22290
22313
22291
22314
22292
22315
22293
22316
22294
22317
22295
14132
22318
22296
22297
22320
22298
22321
22299
22322
22300
22323
22301
22324
22302
22325
22303
22326
22304
22327
22305
22328
22306
22329
22307
22330
22308
22331
22309
22332
22310
22333
22311
22334
22312
22335
22313
22336
22314
22337
22315
22338
22316
22339
22317
22340
22318
22341
22319
14200
22342
22320
22321
22344
22322
22345
22323
22346
22324
22347
22325
22348
22326
22349
22327
22350
22328
22351
22329
22352
22330
22353
22331
22354
22332
22355
22333
22356
22334
22357
22335
22358
22336
22359
22337
22360
22338
22361
22339
22362
22340
22363
22341
22364
22342
22365
22343
14268
22366
22344
22345
22368
22346
22369
22347
22370
22348
22371
22349
22372
22350
22373
22351
22374
22352
22375
22353
22376
22354
22377
22355
22378
22356
22379
22357
22380
22358
22381
22359
22382
22360
22383
22361
22384
22362
22385
22363
22386
22364
22387
22365
22388
22366
22389
22367
14336
22390
22368
22369
22392
22370
22393
22371
22394
22372
22395
22373
22396
22374
22397
22375
22398
22376
22399
22377
22400
22378
22401
22379
22402
22380
22403
22381
22404
22382
22405
22383
22406
22384
22407
22385
22408
22386
22409
22387
22410
22388
22411
22389
22412
22390
22413
22391
14404
22414
22392
22393
22416
22394
22417
22395
22418
22396
22419
22397
22420
22398
22421
22399
22422
22400
22423
22401
22424
22402
22425
22403
22426
22404
22427
22405
22428
22406
22429
22407
22430
22408
22431
22409
22432
22410
22433
22411
22434
22412
22435
22413
22436
22414
22437
22415
14472
22438
22416
22417
22440
22418
22441
22419
22442
22420
22443
22421
22444
22422
22445
22423
22446
22424
22447
22425
22448
22426
22449
22427
22450
22428
22451
22429
22452
22430
22453
22431
22454
22432
22455
22433
22456
22434
22457
22435
22458
22436
22459
22437
22460
22438
22461
22439
14540
22462
22440
22441
22464
22442
22465
22443
22466
22444
22467
22445
22468
22446
22469
22447
22470
22448
22471
22449
22472
22450
22473
22451
22474
22452
22475
22453
22476
22454
22477
22455
22478
22456
22479
22457
22480
22458
22481
22459
22482
22460
22483
22461
22484
22462
22485
22463
14608
22486
22464
22465
22488
22466
22489
22467
22490
22468
22491
22469
22492
22470
22493
22471
22494
22472
22495
22473
22496
22474
22497
22475
22498
22476
22499
22477
22500
22478
22501
22479
22502
22480
22503
22481
22504
22482
22505
22483
22506
22484
22507
22485
22508
22486
22509
22487
14676
22510
22488
22489
22512
22490
22513
22491
22514
22492
22515
22493
22516
22494
22517
22495
22518
22496
22519
22497
22520
22498
22521
22499
22522
22500
22523
22501
22524
22502
22525
22503
22526
22504
22527
22505
22528
22506
22529
22507
22530
22508
22531
22509
22532
22510
22533
22511
14744
22534
22512
22513
22536
22514
22537
22515
22538
22516
22539
22517
22540
22518
22541
22519
22542
22520
22543
22521
22544
22522
22545
22523
22546
22524
22547
22525
22548
22526
22549
22527
22550
22528
22551
22529
22552
22530
22553
22531
22554
22532
22555
22533
22556
22534
22557
22535
14812
22558
22536
22537
22560
22538
22561
22539
22562
22540
22563
22541
22564
22542
22565
22543
22566
22544
22567
22545
22568
22546
22569
22547
22570
22548
22571
22549
22572
22550
22573
22551
22574
22552
22575
22553
22576
22554
22577
22555
22578
22556
22579
22557
22580
22558
22581
22559
14880
22582
22560
22561
22584
22562
22585
22563
22586
22564
22587
22565
22588
22566
22589
22567
22590
22568
22591
22569
22592
22570
22593
22571
22594
22572
22595
22573
22596
22574
22597
22575
22598
22576
22599
22577
22600
22578
22601
22579
22602
22580
22603
22581
22604
22582
22605
22583
14948
22606
22584
22585
22608
22586
22609
22587
22610
22588
22611
22589
22612
22590
22613
22591
22614
22592
22615
22593
22616
22594
22617
22595
22618
22596
22619
22597
22620
22598
22621
22599
22622
22600
22623
22601
22624
22602
22625
22603
22626
22604
22627
22605
22628
22606
22629
22607
15016
22630
22608
22609
22632
22610
22633
22611
22634
22612
22635
22613
22636
22614
22637
22615
22638
22616
22639
22617
22640
22618
22641
22619
22642
22620
22643
22621
22644
22622
22645
22623
22646
22624
22647
22625
22648
22626
22649
22627
22650
22628
22651
22629
22652
22630
22653
22631
15084
22654
22632
22633
22656
22634
22657
22635
22658
22636
22659
22637
22660
22638
22661
22639
22662
22640
22663
22641
22664
22642
22665
22643
22666
22644
22667
22645
22668
22646
22669
22647
22670
22648
22671
22649
22672
22650
22673
22651
22674
22652
22675
22653
22676
22654
22677
22655
15152
22678
22656
22657
22680
22658
22681
22659
22682
22660
22683
22661
22684
22662
22685
22663
22686
22664
22687
22665
22688
22666
22689
22667
22690
22668
22691
22669
22692
22670
22693
22671
22694
22672
22695
22673
22696
22674
22697
22675
22698
22676
22699
22677
22700
22678
22701
22679
15220
22702
22680
22681
22704
22682
22705
22683
22706
22684
22707
22685
22708
22686
22709
22687
22710
22688
22711
22689
22712
22690
22713
22691
22714
22692
22715
22693
22716
22694
22717
22695
22718
22696
22719
22697
22720
22698
22721
22699
22722
22700
22723
22701
22724
22702
22725
22703
15288
22726
22704
22705
22728
22706
22729
22707
22730
22708
22731
22709
22732
22710
22733
22711
22734
22712
22735
22713
22736
22714
22737
22715
22738
22716
22739
22717
22740
22718
22741
22719
22742
22720
22743
22721
22744
22722
22745
22723
22746
22724
22747
22725
22748
22726
22749
22727
15356
22750
22728
22729
22752
22730
22753
22731
22754
22732
22755
22733
22756
22734
22757
22735
22758
22736
22759
22737
22760
22738
22761
22739
22762
22740
22763
22741
22764
22742
22765
22743
22766
22744
22767
22745
22768
22746
22769
22747
22770
22748
22771
22749
22772
22750
22773
22751
15424
22774
22752
22753
22776
22754
22777
22755
22778
22756
22779
22757
22780
22758
22781
22759
22782
22760
22783
22761
22784
22762
22785
22763
22786
22764
22787
22765
22788
22766
22789
22767
22790
22768
22791
22769
22792
22770
22793
22771
22794
22772
22795
22773
22796
22774
22797
22775
15492
22798
22776
22777
22800
22778
22801
22779
22802
22780
22803
22781
22804
22782
22805
22783
22806
22784
22807
22785
22808
22786
22809
22787
22810
22788
22811
22789
22812
22790
22813
22791
22814
22792
22815
22793
22816
22794
22817
22795
22818
22796
22819
22797
22820
22798
22821
22799
15560
22822
22800
22801
22824
22802
22825
22803
22826
22804
22827
22805
22828
22806
22829
22807
22830
22808
22831
22809
22832
22810
22833
22811
22834
22812
22835
22813
22836
22814
22837
22815
22838
22816
22839
22817
22840
22818
22841
22819
22842
22820
22843
22821
22844
22822
22845
22823
15628
22846
22824
22825
22848
22826
22849
22827
22850
22828
22851
22829
22852
22830
22853
22831
22854
22832
22855
22833
22856
22834
22857
22835
22858
22836
22859
22837
22860
22838
22861
22839
22862
22840
22863
22841
22864
22842
22865
22843
22866
22844
22867
22845
22868
22846
22869
22847
15696
22870
22848
22849
22872
22850
22873
22851
22874
22852
22875
22853
22876
22854
22877
22855
22878
22856
22879
22857
22880
22858
22881
22859
22882
22860
22883
22861
22884
22862
22885
22863
22886
22864
22887
22865
22888
22866
22889
22867
22890
22868
22891
22869
22892
22870
22893
22871
15764
22894
22872
22873
22896
22874
22897
22875
22898
22876
22899
22877
22900
22878
22901
22879
22902
22880
22903
22881
22904
22882
22905
22883
22906
22884
22907
22885
22908
22886
22909
22887
22910
22888
22911
22889
22912
22890
22913
22891
22914
22892
22915
22893
22916
22894
22917
22895
15832
22918
22896
22897
22920
22898
22921
22899
22922
22900
22923
22901
22924
22902
22925
22903
22926
22904
22927
22905
22928
22906
22929
22907
22930
22908
22931
22909
22932
22910
22933
22911
22934
22912
22935
22913
22936
22914
22937
22915
22938
22916
22939
22917
22940
22918
22941
22919
15900
22942
22920
22921
22944
22922
22945
22923
22946
22924
22947
22925
22948
22926
22949
22927
22950
22928
22951
22929
22952
22930
22953
22931
22954
22932
22955
22933
22956
22934
22957
22935
22958
22936
22959
22937
22960
22938
22961
22939
22962
22940
22963
22941
22964
22942
22965
22943
15968
22966
22944
22945
22968
22946
22969
22947
22970
22948
22971
22949
22972
22950
22973
22951
22974
22952
22975
22953
22976
22954
22977
22955
22978
22956
22979
22957
22980
22958
22981
22959
22982
22960
22983
22961
22984
22962
22985
22963
22986
22964
22987
22965
22988
22966
22989
22967
16036
22990
22968
22969
22992
22970
22993
22971
22994
22972
22995
22973
22996
22974
22997
22975
22998
22976
22999
22977
23000
22978
23001
22979
23002
22980
23003
22981
23004
22982
23005
22983
23006
22984
23007
22985
23008
22986
23009
22987
23010
22988
23011
22989
23012
22990
23013
22991
16104
23014
22992
22993
23016
22994
23017
22995
23018
22996
23019
22997
23020
22998
23021
22999
23022
23000
23023
23001
23024
23002
23025
23003
23026
23004
23027
23005
23028
23006
23029
23007
23030
23008
23031
23009
23032
23010
23033
23011
23034
23012
23035
23013
23036
23014
23037
23015
16172
23038
23016
23017
23040
23018
23041
23019
23042
23020
23043
23021
23044
23022
23045
23023
23046
23024
23047
23025
23048
23026
23049
23027
23050
23028
23051
23029
23052
23030
23053
23031
23054
23032
23055
23033
23056
23034
23057
23035
23058
23036
23059
23037
23060
23038
23061
23039
16240
23062
23040
23041
23064
23042
23065
23043
23066
23044
23067
23045
23068
23046
23069
23047
23070
23048
23071
23049
23072
23050
23073
23051
23074
23052
23075
23053
23076
23054
23077
23055
23078
23056
23079
23057
23080
23058
23081
23059
23082
23060
23083
23061
23084
23062
23085
23063
16308
23086
23064
23065
23088
23066
23089
23067
23090
23068
23091
23069
23092
23070
23093
23071
23094
23072
23095
23073
23096
23074
23097
23075
23098
23076
23099
23077
23100
23078
23101
23079
23102
23080
23103
23081
23104
23082
23105
23083
23106
23084
23107
23085
23108
23086
23109
23087
16376
23110
23088
10272
23089
10273
23112
23090
10274
23113
23091
10275
23114
23092
10276
23115
23093
10277
23116
23094
10278
23117
23095
10279
23118
23096
10280
23119
23097
10281
23120
23098
10282
23121
23099
10283
23122
23100
10284
23123
23101
10285
23124
23102
10286
23125
23103
10287
23126
23104
10288
23127
23105
10289
23128
23106
10290
23129
23107
10291
23130
23108
10292
23131
23109
10293
23132
23110
10294
23133
23111
16444
10295
23134
10536
10537
23136
10538
23137
10539
23138
10540
23139
10541
23140
10542
23141
10543
23142
10544
23143
10545
23144
10546
23145
10547
23146
10548
23147
10549
23148
10550
23149
10551
23150
10552
23151
10553
23152
10554
23153
10555
23154
10556
23155
10557
23156
10558
23157
10559
16512
23158
23136
23137
23160
23138
23161
23139
23162
23140
23163
23141
23164
23142
23165
23143
23166
23144
23167
23145
23168
23146
23169
23147
23170
23148
23171
23149
23172
23150
23173
23151
23174
23152
23175
23153
23176
23154
23177
23155
23178
23156
23179
23157
23180
23158
23181
23159
16580
23182
23160
23161
23184
23162
23185
23163
23186
23164
23187
23165
23188
23166
23189
23167
23190
23168
23191
23169
23192
23170
23193
23171
23194
23172
23195
23173
23196
23174
23197
23175
23198
23176
23199
23177
23200
23178
23201
23179
23202
23180
23203
23181
23204
23182
23205
23183
16648
23206
23184
23185
23208
23186
23209
23187
23210
23188
23211
23189
23212
23190
23213
23191
23214
23192
23215
23193
23216
23194
23217
23195
23218
23196
23219
23197
23220
23198
23221
23199
23222
23200
23223
23201
23224
23202
23225
23203
23226
23204
23227
23205
23228
23206
23229
23207
16716
23230
23208
23209
23232
23210
23233
23211
23234
23212
23235
23213
23236
23214
23237
23215
23238
23216
23239
23217
23240
23218
23241
23219
23242
23220
23243
23221
23244
23222
23245
23223
23246
23224
23247
23225
23248
23226
23249
23227
23250
23228
23251
23229
23252
23230
23253
23231
16784
23254
23232
23233
23256
23234
23257
23235
23258
23236
23259
23237
23260
23238
23261
23239
23262
23240
23263
23241
23264
23242
23265
23243
23266
23244
23267
23245
23268
23246
23269
23247
23270
23248
23271
23249
23272
23250
23273
23251
23274
23252
23275
23253
23276
23254
23277
23255
16852
23278
23256
23257
23280
23258
23281
23259
23282
23260
23283
23261
23284
23262
23285
23263
23286
23264
23287
23265
23288
23266
23289
23267
23290
23268
23291
23269
23292
23270
23293
23271
23294
23272
23295
23273
23296
23274
23297
23275
23298
23276
23299
23277
23300
23278
23301
23279
16920
23302
23280
23281
23304
23282
23305
23283
23306
23284
23307
23285
23308
23286
23309
23287
23310
23288
23311
23289
23312
23290
23313
23291
23314
23292
23315
23293
23316
23294
23317
23295
23318
23296
23319
23297
23320
23298
23321
23299
23322
23300
23323
23301
23324
23302
23325
23303
16988
23326
23304
23305
23328
23306
23329
23307
23330
23308
23331
23309
23332
23310
23333
23311
23334
23312
23335
23313
23336
23314
23337
23315
23338
23316
23339
23317
23340
23318
23341
23319
23342
23320
23343
23321
23344
23322
23345
23323
23346
23324
23347
23325
23348
23326
23349
23327
17056
23350
23328
23329
23352
23330
23353
23331
23354
23332
23355
23333
23356
23334
23357
23335
23358
23336
23359
23337
23360
23338
23361
23339
23362
23340
23363
23341
23364
23342
23365
23343
23366
23344
23367
23345
23368
23346
23369
23347
23370
23348
23371
23349
23372
23350
23373
23351
17124
23374
23352
23353
23376
23354
23377
23355
23378
23356
23379
23357
23380
23358
23381
23359
23382
23360
23383
23361
23384
23362
23385
23363
23386
23364
23387
23365
23388
23366
23389
23367
23390
23368
23391
23369
23392
23370
23393
23371
23394
23372
23395
23373
23396
23374
23397
23375
17192
23398
23376
23377
23400
23378
23401
23379
23402
23380
23403
23381
23404
23382
23405
23383
23406
23384
23407
23385
23408
23386
23409
23387
23410
23388
23411
23389
23412
23390
23413
23391
23414
23392
23415
23393
23416
23394
23417
23395
23418
23396
23419
23397
23420
23398
23421
23399
17260
23422
23400
23401
23424
23402
23425
23403
23426
23404
23427
23405
23428
23406
23429
23407
23430
23408
23431
23409
23432
23410
23433
23411
23434
23412
23435
23413
23436
23414
23437
23415
23438
23416
23439
23417
23440
23418
23441
23419
23442
23420
23443
23421
23444
23422
23445
23423
17328
23446
23424
23425
23448
23426
23449
23427
23450
23428
23451
23429
23452
23430
23453
23431
23454
23432
23455
23433
23456
23434
23457
23435
23458
23436
23459
23437
23460
23438
23461
23439
23462
23440
23463
23441
23464
23442
23465
23443
23466
23444
23467
23445
23468
23446
23469
23447
17396
23470
23448
23449
23472
23450
23473
23451
23474
23452
23475
23453
23476
23454
23477
23455
23478
23456
23479
23457
23480
23458
23481
23459
23482
23460
23483
23461
23484
23462
23485
23463
23486
23464
23487
23465
23488
23466
23489
23467
23490
23468
23491
23469
23492
23470
23493
23471
17464
23494
23472
23473
23496
23474
23497
23475
23498
23476
23499
23477
23500
23478
23501
23479
23502
23480
23503
23481
23504
23482
23505
23483
23506
23484
23507
23485
23508
23486
23509
23487
23510
23488
23511
23489
23512
23490
23513
23491
23514
23492
23515
23493
23516
23494
23517
23495
17532
23518
23496
23497
23520
23498
23521
23499
23522
23500
23523
23501
23524
23502
23525
23503
23526
23504
23527
23505
23528
23506
23529
23507
23530
23508
23531
23509
23532
23510
23533
23511
23534
23512
23535
23513
23536
23514
23537
23515
23538
23516
23539
23517
23540
23518
23541
23519
17600
23542
23520
23521
23544
23522
23545
23523
23546
23524
23547
23525
23548
23526
23549
23527
23550
23528
23551
23529
23552
23530
23553
23531
23554
23532
23555
23533
23556
23534
23557
23535
23558
23536
23559
23537
23560
23538
23561
23539
23562
23540
23563
23541
23564
23542
23565
23543
17668
23566
23544
23545
23568
23546
23569
23547
23570
23548
23571
23549
23572
23550
23573
23551
23574
23552
23575
23553
23576
23554
23577
23555
23578
23556
23579
23557
23580
23558
23581
23559
23582
23560
23583
23561
23584
23562
23585
23563
23586
23564
23587
23565
23588
23566
23589
23567
17736
23590
23568
23569
23592
23570
23593
23571
23594
23572
23595
23573
23596
23574
23597
23575
23598
23576
23599
23577
23600
23578
23601
23579
23602
23580
23603
23581
23604
23582
23605
23583
23606
23584
23607
23585
23608
23586
23609
23587
23610
23588
23611
23589
23612
23590
23613
23591
17804
23614
23592
23593
23616
23594
23617
23595
23618
23596
23619
23597
23620
23598
23621
23599
23622
23600
23623
23601
23624
23602
23625
23603
23626
23604
23627
23605
23628
23606
23629
23607
23630
23608
23631
23609
23632
23610
23633
23611
23634
23612
23635
23613
23636
23614
23637
23615
17872
23638
23616
23617
23640
23618
23641
23619
23642
23620
23643
23621
23644
23622
23645
23623
23646
23624
23647
23625
23648
23626
23649
23627
23650
23628
23651
23629
23652
23630
23653
23631
23654
23632
23655
23633
23656
23634
23657
23635
23658
23636
23659
23637
23660
23638
23661
23639
17940
23662
23640
23641
23664
23642
23665
23643
23666
23644
23667
23645
23668
23646
23669
23647
23670
23648
23671
23649
23672
23650
23673
23651
23674
23652
23675
23653
23676
23654
23677
23655
23678
23656
23679
23657
23680
23658
23681
23659
23682
23660
23683
23661
23684
23662
23685
23663
18008
23686
23664
23665
23688
23666
23689
23667
23690
23668
23691
23669
23692
23670
23693
23671
23694
23672
23695
23673
23696
23674
23697
23675
23698
23676
23699
23677
23700
23678
23701
23679
23702
23680
23703
23681
23704
23682
23705
23683
23706
23684
23707
23685
23708
23686
23709
23687
18076
23710
23688
23689
23712
23690
23713
23691
23714
23692
23715
23693
23716
23694
23717
23695
23718
23696
23719
23697
23720
23698
23721
23699
23722
23700
23723
23701
23724
23702
23725
23703
23726
23704
23727
23705
23728
23706
23729
23707
23730
23708
23731
23709
23732
23710
23733
23711
18144
23734
23712
23713
23736
23714
23737
23715
23738
23716
23739
23717
23740
23718
23741
23719
23742
23720
23743
23721
23744
23722
23745
23723
23746
23724
23747
23725
23748
23726
23749
23727
23750
23728
23751
23729
23752
23730
23753
23731
23754
23732
23755
23733
23756
23734
23757
23735
18212
23758
23736
23737
23760
23738
23761
23739
23762
23740
23763
23741
23764
23742
23765
23743
23766
23744
23767
23745
23768
23746
23769
23747
23770
23748
23771
23749
23772
23750
23773
23751
23774
23752
23775
23753
23776
23754
23777
23755
23778
23756
23779
23757
23780
23758
23781
23759
18280
23782
23760
23761
23784
23762
23785
23763
23786
23764
23787
23765
23788
23766
23789
23767
23790
23768
23791
23769
23792
23770
23793
23771
23794
23772
23795
23773
23796
23774
23797
23775
23798
23776
23799
23777
23800
23778
23801
23779
23802
23780
23803
23781
23804
23782
23805
23783
18348
23806
23784
23785
23808
23786
23809
23787
23810
23788
23811
23789
23812
23790
23813
23791
23814
23792
23815
23793
23816
23794
23817
23795
23818
23796
23819
23797
23820
23798
23821
23799
23822
23800
23823
23801
23824
23802
23825
23803
23826
23804
23827
23805
23828
23806
23829
23807
18416
23830
23808
23809
23832
23810
23833
23811
23834
23812
23835
23813
23836
23814
23837
23815
23838
23816
23839
23817
23840
23818
23841
23819
23842
23820
23843
23821
23844
23822
23845
23823
23846
23824
23847
23825
23848
23826
23849
23827
23850
23828
23851
23829
23852
23830
23853
23831
18484
23854
23832
23833
23856
23834
23857
23835
23858
23836
23859
23837
23860
23838
23861
23839
23862
23840
23863
23841
23864
23842
23865
23843
23866
23844
23867
23845
23868
23846
23869
23847
23870
23848
23871
23849
23872
23850
23873
23851
23874
23852
23875
23853
23876
23854
23877
23855
18552
23878
23856
23857
23880
23858
23881
23859
23882
23860
23883
23861
23884
23862
23885
23863
23886
23864
23887
23865
23888
23866
23889
23867
23890
23868
23891
23869
23892
23870
23893
23871
23894
23872
23895
23873
23896
23874
23897
23875
23898
23876
23899
23877
23900
23878
23901
23879
18620
23902
23880
23881
23904
23882
23905
23883
23906
23884
23907
23885
23908
23886
23909
23887
23910
23888
23911
23889
23912
23890
23913
23891
23914
23892
23915
23893
23916
23894
23917
23895
23918
23896
23919
23897
23920
23898
23921
23899
23922
23900
23923
23901
23924
23902
23925
23903
18688
23926
23904
23905
23928
23906
23929
23907
23930
23908
23931
23909
23932
23910
23933
23911
23934
23912
23935
23913
23936
23914
23937
23915
23938
23916
23939
23917
23940
23918
23941
23919
23942
23920
23943
23921
23944
23922
23945
23923
23946
23924
23947
23925
23948
23926
23949
23927
18756
23950
23928
23929
23952
23930
23953
23931
23954
23932
23955
23933
23956
23934
23957
23935
23958
23936
23959
23937
23960
23938
23961
23939
23962
23940
23963
23941
23964
23942
23965
23943
23966
23944
23967
23945
23968
23946
23969
23947
23970
23948
23971
23949
23972
23950
23973
23951
18824
23974
23952
23953
23976
23954
23977
23955
23978
23956
23979
23957
23980
23958
23981
23959
23982
23960
23983
23961
23984
23962
23985
23963
23986
23964
23987
23965
23988
23966
23989
23967
23990
23968
23991
23969
23992
23970
23993
23971
23994
23972
23995
23973
23996
23974
23997
23975
18892
23998
23976
23977
24000
23978
24001
23979
24002
23980
24003
23981
24004
23982
24005
23983
24006
23984
24007
23985
24008
23986
24009
23987
24010
23988
24011
23989
24012
23990
24013
23991
24014
23992
24015
23993
24016
23994
24017
23995
24018
23996
24019
23997
24020
23998
24021
23999
18960
24022
24000
24001
24024
24002
24025
24003
24026
24004
24027
24005
24028
24006
24029
24007
24030
24008
24031
24009
24032
24010
24033
24011
24034
24012
24035
24013
24036
24014
24037
24015
24038
24016
24039
24017
24040
24018
24041
24019
24042
24020
24043
24021
24044
24022
24045
24023
19028
24046
24024
24025
24048
24026
24049
24027
24050
24028
24051
24029
24052
24030
24053
24031
24054
24032
24055
24033
24056
24034
24057
24035
24058
24036
24059
24037
24060
24038
24061
24039
24062
24040
24063
24041
24064
24042
24065
24043
24066
24044
24067
24045
24068
24046
24069
24047
19096
24070
24048
24049
24072
24050
24073
24051
24074
24052
24075
24053
24076
24054
24077
24055
24078
24056
24079
24057
24080
24058
24081
24059
24082
24060
24083
24061
24084
24062
24085
24063
24086
24064
24087
24065
24088
24066
24089
24067
24090
24068
24091
24069
24092
24070
24093
24071
19164
24094
24072
24073
24096
24074
24097
24075
24098
24076
24099
24077
24100
24078
24101
24079
24102
24080
24103
24081
24104
24082
24105
24083
24106
24084
24107
24085
24108
24086
24109
24087
24110
24088
24111
24089
24112
24090
24113
24091
24114
24092
24115
24093
24116
24094
24117
24095
19232
24118
24096
24097
24120
24098
24121
24099
24122
24100
24123
24101
24124
24102
24125
24103
24126
24104
24127
24105
24128
24106
24129
24107
24130
24108
24131
24109
24132
24110
24133
24111
24134
24112
24135
24113
24136
24114
24137
24115
24138
24116
24139
24117
24140
24118
24141
24119
19300
24142
24120
24121
24144
24122
24145
24123
24146
24124
24147
24125
24148
24126
24149
24127
24150
24128
24151
24129
24152
24130
24153
24131
24154
24132
24155
24133
24156
24134
24157
24135
24158
24136
24159
24137
24160
24138
24161
24139
24162
24140
24163
24141
24164
24142
24165
24143
19368
24166
24144
24145
24168
24146
24169
24147
24170
24148
24171
24149
24172
24150
24173
24151
24174
24152
24175
24153
24176
24154
24177
24155
24178
24156
24179
24157
24180
24158
24181
24159
24182
24160
24183
24161
24184
24162
24185
24163
24186
24164
24187
24165
24188
24166
24189
24167
19436
24190
24168
24169
24192
24170
24193
24171
24194
24172
24195
24173
24196
24174
24197
24175
24198
24176
24199
24177
24200
24178
24201
24179
24202
24180
24203
24181
24204
24182
24205
24183
24206
24184
24207
24185
24208
24186
24209
24187
24210
24188
24211
24189
24212
24190
24213
24191
19504
24214
24192
24193
24216
24194
24217
24195
24218
24196
24219
24197
24220
24198
24221
24199
24222
24200
24223
24201
24224
24202
24225
24203
24226
24204
24227
24205
24228
24206
24229
24207
24230
24208
24231
24209
24232
24210
24233
24211
24234
24212
24235
24213
24236
24214
24237
24215
19572
24238
24216
24217
24240
24218
24241
24219
24242
24220
24243
24221
24244
24222
24245
24223
24246
24224
24247
24225
24248
24226
24249
24227
24250
24228
24251
24229
24252
24230
24253
24231
24254
24232
24255
24233
24256
24234
24257
24235
24258
24236
24259
24237
24260
24238
24261
24239
19640
24262
24240
10944
24241
10945
24264
24242
10946
24265
24243
10947
24266
24244
10948
24267
24245
10949
24268
24246
10950
24269
24247
10951
24270
24248
10952
24271
24249
10953
24272
24250
10954
24273
24251
10955
24274
24252
10956
24275
24253
10957
24276
24254
10958
24277
24255
10959
24278
24256
10960
24279
24257
10961
24280
24258
10962
24281
24259
10963
24282
24260
10964
24283
24261
10965
24284
24262
10966
24285
24263
19708
10967
24286
11208
11209
24288
11210
24289
11211
24290
11212
24291
11213
24292
11214
24293
11215
24294
11216
24295
11217
24296
11218
24297
11219
24298
11220
24299
11221
24300
11222
24301
11223
24302
11224
24303
11225
24304
11226
24305
11227
24306
11228
24307
11229
24308
11230
24309
11231
19776
24310
24288
24289
24312
24290
24313
24291
24314
24292
24315
24293
24316
24294
24317
24295
24318
24296
24319
24297
24320
24298
24321
24299
24322
24300
24323
24301
24324
24302
24325
24303
24326
24304
24327
24305
24328
24306
24329
24307
24330
24308
24331
24309
24332
24310
24333
24311
19844
24334
24312
24313
24336
24314
24337
24315
24338
24316
24339
24317
24340
24318
24341
24319
24342
24320
24343
24321
24344
24322
24345
24323
24346
24324
24347
24325
24348
24326
24349
24327
24350
24328
24351
24329
24352
24330
24353
24331
24354
24332
24355
24333
24356
24334
24357
24335
19912
24358
24336
24337
24360
24338
24361
24339
24362
24340
24363
24341
24364
24342
24365
24343
24366
24344
24367
24345
24368
24346
24369
24347
24370
24348
24371
24349
24372
24350
24373
24351
24374
24352
24375
24353
24376
24354
24377
24355
24378
24356
24379
24357
24380
24358
24381
24359
19980
24382
24360
24361
24384
24362
24385
24363
24386
24364
24387
24365
24388
24366
24389
24367
24390
24368
24391
24369
24392
24370
24393
24371
24394
24372
24395
24373
24396
24374
24397
24375
24398
24376
24399
24377
24400
24378
24401
24379
24402
24380
24403
24381
24404
24382
24405
24383
20048
24406
24384
24385
24408
24386
24409
24387
24410
24388
24411
24389
24412
24390
24413
24391
24414
24392
24415
24393
24416
24394
24417
24395
24418
24396
24419
24397
24420
24398
24421
24399
24422
24400
24423
24401
24424
24402
24425
24403
24426
24404
24427
24405
24428
24406
24429
24407
20116
24430
24408
24409
24432
24410
24433
24411
24434
24412
24435
24413
24436
24414
24437
24415
24438
24416
24439
24417
24440
24418
24441
24419
24442
24420
24443
24421
24444
24422
24445
24423
24446
24424
24447
24425
24448
24426
24449
24427
24450
24428
24451
24429
24452
24430
24453
24431
20184
24454
24432
24433
24456
24434
24457
24435
24458
24436
24459
24437
24460
24438
24461
24439
24462
24440
24463
24441
24464
24442
24465
24443
24466
24444
24467
24445
24468
24446
24469
24447
24470
24448
24471
24449
24472
24450
24473
24451
24474
24452
24475
24453
24476
24454
24477
24455
20252
24478
24456
24457
24480
24458
24481
24459
24482
24460
24483
24461
24484
24462
24485
24463
24486
24464
24487
24465
24488
24466
24489
24467
24490
24468
24491
24469
24492
24470
24493
24471
24494
24472
24495
24473
24496
24474
24497
24475
24498
24476
24499
24477
24500
24478
24501
24479
20320
24502
24480
24481
24504
24482
24505
24483
24506
24484
24507
24485
24508
24486
24509
24487
24510
24488
24511
24489
24512
24490
24513
24491
24514
24492
24515
24493
24516
24494
24517
24495
24518
24496
24519
24497
24520
24498
24521
24499
24522
24500
24523
24501
24524
24502
24525
24503
20388
24526
24504
24505
24528
24506
24529
24507
24530
24508
24531
24509
24532
24510
24533
24511
24534
24512
24535
24513
24536
24514
24537
24515
24538
24516
24539
24517
24540
24518
24541
24519
24542
24520
24543
24521
24544
24522
24545
24523
24546
24524
24547
24525
24548
24526
24549
24527
20456
24550
24528
24529
24552
24530
24553
24531
24554
24532
24555
24533
24556
24534
24557
24535
24558
24536
24559
24537
24560
24538
24561
24539
24562
24540
24563
24541
24564
24542
24565
24543
24566
24544
24567
24545
24568
24546
24569
24547
24570
24548
24571
24549
24572
24550
24573
24551
20524
24574
24552
24553
24576
24554
24577
24555
24578
24556
24579
24557
24580
24558
24581
24559
24582
24560
24583
24561
24584
24562
24585
24563
24586
24564
24587
24565
24588
24566
24589
24567
24590
24568
24591
24569
24592
24570
24593
24571
24594
24572
24595
24573
24596
24574
24597
24575
20592
24598
24576
24577
24600
24578
24601
24579
24602
24580
24603
24581
24604
24582
24605
24583
24606
24584
24607
24585
24608
24586
24609
24587
24610
24588
24611
24589
24612
24590
24613
24591
24614
24592
24615
24593
24616
24594
24617
24595
24618
24596
24619
24597
24620
24598
24621
24599
20660
24622
24600
24601
24624
24602
24625
24603
24626
24604
24627
24605
24628
24606
24629
24607
24630
24608
24631
24609
24632
24610
24633
24611
24634
24612
24635
24613
24636
24614
24637
24615
24638
24616
24639
24617
24640
24618
24641
24619
24642
24620
24643
24621
24644
24622
24645
24623
20728
24646
24624
24625
24648
24626
24649
24627
24650
24628
24651
24629
24652
24630
24653
24631
24654
24632
24655
24633
24656
24634
24657
24635
24658
24636
24659
24637
24660
24638
24661
24639
24662
24640
24663
24641
24664
24642
24665
24643
24666
24644
24667
24645
24668
24646
24669
24647
20796
24670
24648
24649
24672
24650
24673
24651
24674
24652
24675
24653
24676
24654
24677
24655
24678
24656
24679
24657
24680
24658
24681
24659
24682
24660
24683
24661
24684
24662
24685
24663
24686
24664
24687
24665
24688
24666
24689
24667
24690
24668
24691
24669
24692
24670
24693
24671
20864
24694
24672
24673
24696
24674
24697
24675
24698
24676
24699
24677
24700
24678
24701
24679
24702
24680
24703
24681
24704
24682
24705
24683
24706
24684
24707
24685
24708
24686
24709
24687
24710
24688
24711
24689
24712
24690
24713
24691
24714
24692
24715
24693
24716
24694
24717
24695
20932
24718
24696
24697
24720
24698
24721
24699
24722
24700
24723
24701
24724
24702
24725
24703
24726
24704
24727
24705
24728
24706
24729
24707
24730
24708
24731
24709
24732
24710
24733
24711
24734
24712
24735
24713
24736
24714
24737
24715
24738
24716
24739
24717
24740
24718
24741
24719
21000
24742
24720
24721
24744
24722
24745
24723
24746
24724
24747
24725
24748
24726
24749
24727
24750
24728
24751
24729
24752
24730
24753
24731
24754
24732
24755
24733
24756
24734
24757
24735
24758
24736
24759
24737
24760
24738
24761
24739
24762
24740
24763
24741
24764
24742
24765
24743
21068
24766
24744
24745
24768
24746
24769
24747
24770
24748
24771
24749
24772
24750
24773
24751
24774
24752
24775
24753
24776
24754
24777
24755
24778
24756
24779
24757
24780
24758
24781
24759
24782
24760
24783
24761
24784
24762
24785
24763
24786
24764
24787
24765
24788
24766
24789
24767
21136
24790
24768
24769
24792
24770
24793
24771
24794
24772
24795
24773
24796
24774
24797
24775
24798
24776
24799
24777
24800
24778
24801
24779
24802
24780
24803
24781
24804
24782
24805
24783
24806
24784
24807
24785
24808
24786
24809
24787
24810
24788
24811
24789
24812
24790
24813
24791
21204
24814
24792
24793
24816
24794
24817
24795
24818
24796
24819
24797
24820
24798
24821
24799
24822
24800
24823
24801
24824
24802
24825
24803
24826
24804
24827
24805
24828
24806
24829
24807
24830
24808
24831
24809
24832
24810
24833
24811
24834
24812
24835
24813
24836
24814
24837
24815
21272
24838
24816
24817
24840
24818
24841
24819
24842
24820
24843
24821
24844
24822
24845
24823
24846
24824
24847
24825
24848
24826
24849
24827
24850
24828
24851
24829
24852
24830
24853
24831
24854
24832
24855
24833
24856
24834
24857
24835
24858
24836
24859
24837
24860
24838
24861
24839
21340
24862
11683
24864
24865
24866
24867
24868
24869
24870
24871
24872
24873
24874
24875
24876
24877
24878
24879
24880
24881
24882
24883
24884
24885
24886
24887
24888
24889
24890
24891
24892
24893
24894
24864
11751
24865
24896
24866
24897
24867
24898
24868
24899
24869
24900
24870
24901
24871
24902
24872
24903
24873
24904
24874
24905
24875
24906
24876
24907
24877
24908
24878
24909
24879
24910
24880
24911
24881
24912
24882
24913
24883
24914
24884
24915
24885
24916
24886
24917
24887
24918
24888
24919
24889
24920
24890
24921
24891
24922
24892
24923
24893
24924
24894
24925
24895
24926
24896
11819
24897
24928
24898
24929
24899
24930
24900
24931
24901
24932
24902
24933
24903
24934
24904
24935
24905
24936
24906
24937
24907
24938
24908
24939
24909
24940
24910
24941
24911
24942
24912
24943
24913
24944
24914
24945
24915
24946
24916
24947
24917
24948
24918
24949
24919
24950
24920
24951
24921
24952
24922
24953
24923
24954
24924
24955
24925
24956
24926
24957
24927
24958
24928
11887
24929
24960
24930
24961
24931
24962
24932
24963
24933
24964
24934
24965
24935
24966
24936
24967
24937
24968
24938
24969
24939
24970
24940
24971
24941
24972
24942
24973
24943
24974
24944
24975
24945
24976
24946
24977
24947
24978
24948
24979
24949
24980
24950
24981
24951
24982
24952
24983
24953
24984
24954
24985
24955
24986
24956
24987
24957
24988
24958
24989
24959
24990
24960
11955
24961
24992
24962
24993
24963
24994
24964
24995
24965
24996
24966
24997
24967
24998
24968
24999
24969
25000
24970
25001
24971
25002
24972
25003
24973
25004
24974
25005
24975
25006
24976
25007
24977
25008
24978
25009
24979
25010
24980
25011
24981
25012
24982
25013
24983
25014
24984
25015
24985
25016
24986
25017
24987
25018
24988
25019
24989
25020
24990
25021
24991
25022
24992
12023
24993
25024
24994
25025
24995
25026
24996
25027
24997
25028
24998
25029
24999
25030
25000
25031
25001
25032
25002
25033
25003
25034
25004
25035
25005
25036
25006
25037
25007
25038
25008
25039
25009
25040
25010
25041
25011
25042
25012
25043
25013
25044
25014
25045
25015
25046
25016
25047
25017
25048
25018
25049
25019
25050
25020
25051
25021
25052
25022
25053
25023
25054
25024
12091
25025
25056
25026
25057
25027
25058
25028
25059
25029
25060
25030
25061
25031
25062
25032
25063
25033
25064
25034
25065
25035
25066
25036
25067
25037
25068
25038
25069
25039
25070
25040
25071
25041
25072
25042
25073
25043
25074
25044
25075
25045
25076
25046
25077
25047
25078
25048
25079
25049
25080
25050
25081
25051
25082
25052
25083
25053
25084
25054
25085
25055
25086
25056
12159
25057
25088
25058
25089
25059
25090
25060
25091
25061
25092
25062
25093
25063
25094
25064
25095
25065
25096
25066
25097
25067
25098
25068
25099
25069
25100
25070
25101
25071
25102
25072
25103
25073
25104
25074
25105
25075
25106
25076
25107
25077
25108
25078
25109
25079
25110
25080
25111
25081
25112
25082
25113
25083
25114
25084
25115
25085
25116
25086
25117
25087
25118
25088
12227
25089
25120
25090
25121
25091
25122
25092
25123
25093
25124
25094
25125
25095
25126
25096
25127
25097
25128
25098
25129
25099
25130
25100
25131
25101
25132
25102
25133
25103
25134
25104
25135
25105
25136
25106
25137
25107
25138
25108
25139
25109
25140
25110
25141
25111
25142
25112
25143
25113
25144
25114
25145
25115
25146
25116
25147
25117
25148
25118
25149
25119
25150
25120
12295
25121
25152
25122
25153
25123
25154
25124
25155
25125
25156
25126
25157
25127
25158
25128
25159
25129
25160
25130
25161
25131
25162
25132
25163
25133
25164
25134
25165
25135
25166
25136
25167
25137
25168
25138
25169
25139
25170
25140
25171
25141
25172
25142
25173
25143
25174
25144
25175
25145
25176
25146
25177
25147
25178
25148
25179
25149
25180
25150
25181
25151
25182
25152
12363
25153
25184
25154
25185
25155
25186
25156
25187
25157
25188
25158
25189
25159
25190
25160
25191
25161
25192
25162
25193
25163
25194
25164
25195
25165
25196
25166
25197
25167
25198
25168
25199
25169
25200
25170
25201
25171
25202
25172
25203
25173
25204
25174
25205
25175
25206
25176
25207
25177
25208
25178
25209
25179
25210
25180
25211
25181
25212
25182
25213
25183
25214
25184
12431
25185
25216
25186
25217
25187
25218
25188
25219
25189
25220
25190
25221
25191
25222
25192
25223
25193
25224
25194
25225
25195
25226
25196
25227
25197
25228
25198
25229
25199
25230
25200
25231
25201
25232
25202
25233
25203
25234
25204
25235
25205
25236
25206
25237
25207
25238
25208
25239
25209
25240
25210
25241
25211
25242
25212
25243
25213
25244
25214
25245
25215
25246
25216
12499
25217
25248
25218
25249
25219
25250
25220
25251
25221
25252
25222
25253
25223
25254
25224
25255
25225
25256
25226
25257
25227
25258
25228
25259
25229
25260
25230
25261
25231
25262
25232
25263
25233
25264
25234
25265
25235
25266
25236
25267
25237
25268
25238
25269
25239
25270
25240
25271
25241
25272
25242
25273
25243
25274
25244
25275
25245
25276
25246
25277
25247
25278
25248
12567
25249
25280
25250
25281
25251
25282
25252
25283
25253
25284
25254
25285
25255
25286
25256
25287
25257
25288
25258
25289
25259
25290
25260
25291
25261
25292
25262
25293
25263
25294
25264
25295
25265
25296
25266
25297
25267
25298
25268
25299
25269
25300
25270
25301
25271
25302
25272
25303
25273
25304
25274
25305
25275
25306
25276
25307
25277
25308
25278
25309
25279
25310
25280
12635
25281
25312
25282
25313
25283
25314
25284
25315
25285
25316
25286
25317
25287
25318
25288
25319
25289
25320
25290
25321
25291
25322
25292
25323
25293
25324
25294
25325
25295
25326
25296
25327
25297
25328
25298
25329
25299
25330
25300
25331
25301
25332
25302
25333
25303
25334
25304
25335
25305
25336
25306
25337
25307
25338
25308
25339
25309
25340
25310
25341
25311
25342
25312
12703
25313
25344
25314
25345
25315
25346
25316
25347
25317
25348
25318
25349
25319
25350
25320
25351
25321
25352
25322
25353
25323
25354
25324
25355
25325
25356
25326
25357
25327
25358
25328
25359
25329
25360
25330
25361
25331
25362
25332
25363
25333
25364
25334
25365
25335
25366
25336
25367
25337
25368
25338
25369
25339
25370
25340
25371
25341
25372
25342
25373
25343
25374
25344
12771
25345
25376
25346
25377
25347
25378
25348
25379
25349
25380
25350
25381
25351
25382
25352
25383
25353
25384
25354
25385
25355
25386
25356
25387
25357
25388
25358
25389
25359
25390
25360
25391
25361
25392
25362
25393
25363
25394
25364
25395
25365
25396
25366
25397
25367
25398
25368
25399
25369
25400
25370
25401
25371
25402
25372
25403
25373
25404
25374
25405
25375
25406
25376
12839
25377
25408
25378
25409
25379
25410
25380
25411
25381
25412
25382
25413
25383
25414
25384
25415
25385
25416
25386
25417
25387
25418
25388
25419
25389
25420
25390
25421
25391
25422
25392
25423
25393
25424
25394
25425
25395
25426
25396
25427
25397
25428
25398
25429
25399
25430
25400
25431
25401
25432
25402
25433
25403
25434
25404
25435
25405
25436
25406
25437
25407
25438
25408
12907
25409
25440
25410
25441
25411
25442
25412
25443
25413
25444
25414
25445
25415
25446
25416
25447
25417
25448
25418
25449
25419
25450
25420
25451
25421
25452
25422
25453
25423
25454
25424
25455
25425
25456
25426
25457
25427
25458
25428
25459
25429
25460
25430
25461
25431
25462
25432
25463
25433
25464
25434
25465
25435
25466
25436
25467
25437
25468
25438
25469
25439
25470
25440
12975
25441
25472
25442
25473
25443
25474
25444
25475
25445
25476
25446
25477
25447
25478
25448
25479
25449
25480
25450
25481
25451
25482
25452
25483
25453
25484
25454
25485
25455
25486
25456
25487
25457
25488
25458
25489
25459
25490
25460
25491
25461
25492
25462
25493
25463
25494
25464
25495
25465
25496
25466
25497
25467
25498
25468
25499
25469
25500
25470
25501
25471
25502
25472
13043
25473
25504
25474
25505
25475
25506
25476
25507
25477
25508
25478
25509
25479
25510
25480
25511
25481
25512
25482
25513
25483
25514
25484
25515
25485
25516
25486
25517
25487
25518
25488
25519
25489
25520
25490
25521
25491
25522
25492
25523
25493
25524
25494
25525
25495
25526
25496
25527
25497
25528
25498
25529
25499
25530
25500
25531
25501
25532
25502
25533
25503
25534
25504
13111
25505
25536
25506
25537
25507
25538
25508
25539
25509
25540
25510
25541
25511
25542
25512
25543
25513
25544
25514
25545
25515
25546
25516
25547
25517
25548
25518
25549
25519
25550
25520
25551
25521
25552
25522
25553
25523
25554
25524
25555
25525
25556
25526
25557
25527
25558
25528
25559
25529
25560
25530
25561
25531
25562
25532
25563
25533
25564
25534
25565
25535
25566
25536
13179
25537
25568
25538
25569
25539
25570
25540
25571
25541
25572
25542
25573
25543
25574
25544
25575
25545
25576
25546
25577
25547
25578
25548
25579
25549
25580
25550
25581
25551
25582
25552
25583
25553
25584
25554
25585
25555
25586
25556
25587
25557
25588
25558
25589
25559
25590
25560
25591
25561
25592
25562
25593
25563
25594
25564
25595
25565
25596
25566
25597
25567
25598
25568
13247
25569
9889
25600
25570
9890
25601
25571
9891
25602
25572
9892
25603
25573
9893
25604
25574
9894
25605
25575
9895
25606
25576
9896
25607
25577
9897
25608
25578
9898
25609
25579
9899
25610
25580
9900
25611
25581
9901
25612
25582
9902
25613
25583
9903
25614
25584
9904
25615
25585
9905
25616
25586
9906
25617
25587
9907
25618
25588
9908
25619
25589
9909
25620
25590
9910
25621
25591
9911
25622
25592
9912
25623
25593
9913
25624
25594
9914
25625
25595
9915
25626
25596
9916
25627
25597
9917
25628
25598
9918
25629
25599
9919
25630
13315
10241
25632
10242
25633
10243
25634
10244
25635
10245
25636
10246
25637
10247
25638
10248
25639
10249
25640
10250
25641
10251
25642
10252
25643
10253
25644
10254
25645
10255
25646
10256
25647
10257
25648
10258
25649
10259
25650
10260
25651
10261
25652
10262
25653
10263
25654
10264
25655
10265
25656
10266
25657
10267
25658
10268
25659
10269
25660
10270
25661
10271
25662
25632
13383
25633
25664
25634
25665
25635
25666
25636
25667
25637
25668
25638
25669
25639
25670
25640
25671
25641
25672
25642
25673
25643
25674
25644
25675
25645
25676
25646
25677
25647
25678
25648
25679
25649
25680
25650
25681
25651
25682
25652
25683
25653
25684
25654
25685
25655
25686
25656
25687
25657
25688
25658
25689
25659
25690
25660
25691
25661
25692
25662
25693
25663
25694
25664
13451
25665
25696
25666
25697
25667
25698
25668
25699
25669
25700
25670
25701
25671
25702
25672
25703
25673
25704
25674
25705
25675
25706
25676
25707
25677
25708
25678
25709
25679
25710
25680
25711
25681
25712
25682
25713
25683
25714
25684
25715
25685
25716
25686
25717
25687
25718
25688
25719
25689
25720
25690
25721
25691
25722
25692
25723
25693
25724
25694
25725
25695
25726
25696
13519
25697
25728
25698
25729
25699
25730
25700
25731
25701
25732
25702
25733
25703
25734
25704
25735
25705
25736
25706
25737
25707
25738
25708
25739
25709
25740
25710
25741
25711
25742
25712
25743
25713
25744
25714
25745
25715
25746
25716
25747
25717
25748
25718
25749
25719
25750
25720
25751
25721
25752
25722
25753
25723
25754
25724
25755
25725
25756
25726
25757
25727
25758
25728
13587
25729
25760
25730
25761
25731
25762
25732
25763
25733
25764
25734
25765
25735
25766
25736
25767
25737
25768
25738
25769
25739
25770
25740
25771
25741
25772
25742
25773
25743
25774
25744
25775
25745
25776
25746
25777
25747
25778
25748
25779
25749
25780
25750
25781
25751
25782
25752
25783
25753
25784
25754
25785
25755
25786
25756
25787
25757
25788
25758
25789
25759
25790
25760
13655
25761
25792
25762
25793
25763
25794
25764
25795
25765
25796
25766
25797
25767
25798
25768
25799
25769
25800
25770
25801
25771
25802
25772
25803
25773
25804
25774
25805
25775
25806
25776
25807
25777
25808
25778
25809
25779
25810
25780
25811
25781
25812
25782
25813
25783
25814
25784
25815
25785
25816
25786
25817
25787
25818
25788
25819
25789
25820
25790
25821
25791
25822
25792
13723
25793
25824
25794
25825
25795
25826
25796
25827
25797
25828
25798
25829
25799
25830
25800
25831
25801
25832
25802
25833
25803
25834
25804
25835
25805
25836
25806
25837
25807
25838
25808
25839
25809
25840
25810
25841
25811
25842
25812
25843
25813
25844
25814
25845
25815
25846
25816
25847
25817
25848
25818
25849
25819
25850
25820
25851
25821
25852
25822
25853
25823
25854
25824
13791
25825
25856
25826
25857
25827
25858
25828
25859
25829
25860
25830
25861
25831
25862
25832
25863
25833
25864
25834
25865
25835
25866
25836
25867
25837
25868
25838
25869
25839
25870
25840
25871
25841
25872
25842
25873
25843
25874
25844
25875
25845
25876
25846
25877
25847
25878
25848
25879
25849
25880
25850
25881
25851
25882
25852
25883
25853
25884
25854
25885
25855
25886
25856
13859
25857
25888
25858
25889
25859
25890
25860
25891
25861
25892
25862
25893
25863
25894
25864
25895
25865
25896
25866
25897
25867
25898
25868
25899
25869
25900
25870
25901
25871
25902
25872
25903
25873
25904
25874
25905
25875
25906
25876
25907
25877
25908
25878
25909
25879
25910
25880
25911
25881
25912
25882
25913
25883
25914
25884
25915
25885
25916
25886
25917
25887
25918
25888
13927
25889
25920
25890
25921
25891
25922
25892
25923
25893
25924
25894
25925
25895
25926
25896
25927
25897
25928
25898
25929
25899
25930
25900
25931
25901
25932
25902
25933
25903
25934
25904
25935
25905
25936
25906
25937
25907
25938
25908
25939
25909
25940
25910
25941
25911
25942
25912
25943
25913
25944
25914
25945
25915
25946
25916
25947
25917
25948
25918
25949
25919
25950
25920
13995
25921
25952
25922
25953
25923
25954
25924
25955
25925
25956
25926
25957
25927
25958
25928
25959
25929
25960
25930
25961
25931
25962
25932
25963
25933
25964
25934
25965
25935
25966
25936
25967
25937
25968
25938
25969
25939
25970
25940
25971
25941
25972
25942
25973
25943
25974
25944
25975
25945
25976
25946
25977
25947
25978
25948
25979
25949
25980
25950
25981
25951
25982
25952
14063
25953
25984
25954
25985
25955
25986
25956
25987
25957
25988
25958
25989
25959
25990
25960
25991
25961
25992
25962
25993
25963
25994
25964
25995
25965
25996
25966
25997
25967
25998
25968
25999
25969
26000
25970
26001
25971
26002
25972
26003
25973
26004
25974
26005
25975
26006
25976
26007
25977
26008
25978
26009
25979
26010
25980
26011
25981
26012
25982
26013
25983
26014
25984
14131
25985
26016
25986
26017
25987
26018
25988
26019
25989
26020
25990
26021
25991
26022
25992
26023
25993
26024
25994
26025
25995
26026
25996
26027
25997
26028
25998
26029
25999
26030
26000
26031
26001
26032
26002
26033
26003
26034
26004
26035
26005
26036
26006
26037
26007
26038
26008
26039
26009
26040
26010
26041
26011
26042
26012
26043
26013
26044
26014
26045
26015
26046
26016
14199
26017
26048
26018
26049
26019
26050
26020
26051
26021
26052
26022
26053
26023
26054
26024
26055
26025
26056
26026
26057
26027
26058
26028
26059
26029
26060
26030
26061
26031
26062
26032
26063
26033
26064
26034
26065
26035
26066
26036
26067
26037
26068
26038
26069
26039
26070
26040
26071
26041
26072
26042
26073
26043
26074
26044
26075
26045
26076
26046
26077
26047
26078
26048
14267
26049
26080
26050
26081
26051
26082
26052
26083
26053
26084
26054
26085
26055
26086
26056
26087
26057
26088
26058
26089
26059
26090
26060
26091
26061
26092
26062
26093
26063
26094
26064
26095
26065
26096
26066
26097
26067
26098
26068
26099
26069
26100
26070
26101
26071
26102
26072
26103
26073
26104
26074
26105
26075
26106
26076
26107
26077
26108
26078
26109
26079
26110
26080
14335
26081
26112
26082
26113
26083
26114
26084
26115
26085
26116
26086
26117
26087
26118
26088
26119
26089
26120
26090
26121
26091
26122
26092
26123
26093
26124
26094
26125
26095
26126
26096
26127
26097
26128
26098
26129
26099
26130
26100
26131
26101
26132
26102
26133
26103
26134
26104
26135
26105
26136
26106
26137
26107
26138
26108
26139
26109
26140
26110
26141
26111
26142
26112
14403
26113
26144
26114
26145
26115
26146
26116
26147
26117
26148
26118
26149
26119
26150
26120
26151
26121
26152
26122
26153
26123
26154
26124
26155
26125
26156
26126
26157
26127
26158
26128
26159
26129
26160
26130
26161
26131
26162
26132
26163
26133
26164
26134
26165
26135
26166
26136
26167
26137
26168
26138
26169
26139
26170
26140
26171
26141
26172
26142
26173
26143
26174
26144
14471
26145
26176
26146
26177
26147
26178
26148
26179
26149
26180
26150
26181
26151
26182
26152
26183
26153
26184
26154
26185
26155
26186
26156
26187
26157
26188
26158
26189
26159
26190
26160
26191
26161
26192
26162
26193
26163
26194
26164
26195
26165
26196
26166
26197
26167
26198
26168
26199
26169
26200
26170
26201
26171
26202
26172
26203
26173
26204
26174
26205
26175
26206
26176
14539
26177
26208
26178
26209
26179
26210
26180
26211
26181
26212
26182
26213
26183
26214
26184
26215
26185
26216
26186
26217
26187
26218
26188
26219
26189
26220
26190
26221
26191
26222
26192
26223
26193
26224
26194
26225
26195
26226
26196
26227
26197
26228
26198
26229
26199
26230
26200
26231
26201
26232
26202
26233
26203
26234
26204
26235
26205
26236
26206
26237
26207
26238
26208
14607
26209
26240
26210
26241
26211
26242
26212
26243
26213
26244
26214
26245
26215
26246
26216
26247
26217
26248
26218
26249
26219
26250
26220
26251
26221
26252
26222
26253
26223
26254
26224
26255
26225
26256
26226
26257
26227
26258
26228
26259
26229
26260
26230
26261
26231
26262
26232
26263
26233
26264
26234
26265
26235
26266
26236
26267
26237
26268
26238
26269
26239
26270
26240
14675
26241
26272
26242
26273
26243
26274
26244
26275
26245
26276
26246
26277
26247
26278
26248
26279
26249
26280
26250
26281
26251
26282
26252
26283
26253
26284
26254
26285
26255
26286
26256
26287
26257
26288
26258
26289
26259
26290
26260
26291
26261
26292
26262
26293
26263
26294
26264
26295
26265
26296
26266
26297
26267
26298
26268
26299
26269
26300
26270
26301
26271
26302
26272
14743
26273
26304
26274
26305
26275
26306
26276
26307
26277
26308
26278
26309
26279
26310
26280
26311
26281
26312
26282
26313
26283
26314
26284
26315
26285
26316
26286
26317
26287
26318
26288
26319
26289
26320
26290
26321
26291
26322
26292
26323
26293
26324
26294
26325
26295
26326
26296
26327
26297
26328
26298
26329
26299
26330
26300
26331
26301
26332
26302
26333
26303
26334
26304
14811
26305
26336
26306
26337
26307
26338
26308
26339
26309
26340
26310
26341
26311
26342
26312
26343
26313
26344
26314
26345
26315
26346
26316
26347
26317
26348
26318
26349
26319
26350
26320
26351
26321
26352
26322
26353
26323
26354
26324
26355
26325
26356
26326
26357
26327
26358
26328
26359
26329
26360
26330
26361
26331
26362
26332
26363
26333
26364
26334
26365
26335
26366
26336
14879
26337
26368
26338
26369
26339
26370
26340
26371
26341
26372
26342
26373
26343
26374
26344
26375
26345
26376
26346
26377
26347
26378
26348
26379
26349
26380
26350
26381
26351
26382
26352
26383
26353
26384
26354
26385
26355
26386
26356
26387
26357
26388
26358
26389
26359
26390
26360
26391
26361
26392
26362
26393
26363
26394
26364
26395
26365
26396
26366
26397
26367
26398
26368
14947
26369
26400
26370
26401
26371
26402
26372
26403
26373
26404
26374
26405
26375
26406
26376
26407
26377
26408
26378
26409
26379
26410
26380
26411
26381
26412
26382
26413
26383
26414
26384
26415
26385
26416
26386
26417
26387
26418
26388
26419
26389
26420
26390
26421
26391
26422
26392
26423
26393
26424
26394
26425
26395
26426
26396
26427
26397
26428
26398
26429
26399
26430
26400
15015
26401
26432
26402
26433
26403
26434
26404
26435
26405
26436
26406
26437
26407
26438
26408
26439
26409
26440
26410
26441
26411
26442
26412
26443
26413
26444
26414
26445
26415
26446
26416
26447
26417
26448
26418
26449
26419
26450
26420
26451
26421
26452
26422
26453
26423
26454
26424
26455
26425
26456
26426
26457
26427
26458
26428
26459
26429
26460
26430
26461
26431
26462
26432
15083
26433
26464
26434
26465
26435
26466
26436
26467
26437
26468
26438
26469
26439
26470
26440
26471
26441
26472
26442
26473
26443
26474
26444
26475
26445
26476
26446
26477
26447
26478
26448
26479
26449
26480
26450
26481
26451
26482
26452
26483
26453
26484
26454
26485
26455
26486
26456
26487
26457
26488
26458
26489
26459
26490
26460
26491
26461
26492
26462
26493
26463
26494
26464
15151
26465
26496
26466
26497
26467
26498
26468
26499
26469
26500
26470
26501
26471
26502
26472
26503
26473
26504
26474
26505
26475
26506
26476
26507
26477
26508
26478
26509
26479
26510
26480
26511
26481
26512
26482
26513
26483
26514
26484
26515
26485
26516
26486
26517
26487
26518
26488
26519
26489
26520
26490
26521
26491
26522
26492
26523
26493
26524
26494
26525
26495
26526
26496
15219
26497
26528
26498
26529
26499
26530
26500
26531
26501
26532
26502
26533
26503
26534
26504
26535
26505
26536
26506
26537
26507
26538
26508
26539
26509
26540
26510
26541
26511
26542
26512
26543
26513
26544
26514
26545
26515
26546
26516
26547
26517
26548
26518
26549
26519
26550
26520
26551
26521
26552
26522
26553
26523
26554
26524
26555
26525
26556
26526
26557
26527
26558
26528
15287
26529
26560
26530
26561
26531
26562
26532
26563
26533
26564
26534
26565
26535
26566
26536
26567
26537
26568
26538
26569
26539
26570
26540
26571
26541
26572
26542
26573
26543
26574
26544
26575
26545
26576
26546
26577
26547
26578
26548
26579
26549
26580
26550
26581
26551
26582
26552
26583
26553
26584
26554
26585
26555
26586
26556
26587
26557
26588
26558
26589
26559
26590
26560
15355
26561
26592
26562
26593
26563
26594
26564
26595
26565
26596
26566
26597
26567
26598
26568
26599
26569
26600
26570
26601
26571
26602
26572
26603
26573
26604
26574
26605
26575
26606
26576
26607
26577
26608
26578
26609
26579
26610
26580
26611
26581
26612
26582
26613
26583
26614
26584
26615
26585
26616
26586
26617
26587
26618
26588
26619
26589
26620
26590
26621
26591
26622
26592
15423
26593
26624
26594
26625
26595
26626
26596
26627
26597
26628
26598
26629
26599
26630
26600
26631
26601
26632
26602
26633
26603
26634
26604
26635
26605
26636
26606
26637
26607
26638
26608
26639
26609
26640
26610
26641
26611
26642
26612
26643
26613
26644
26614
26645
26615
26646
26616
26647
26617
26648
26618
26649
26619
26650
26620
26651
26621
26652
26622
26653
26623
26654
26624
15491
26625
26656
26626
26657
26627
26658
26628
26659
26629
26660
26630
26661
26631
26662
26632
26663
26633
26664
26634
26665
26635
26666
26636
26667
26637
26668
26638
26669
26639
26670
26640
26671
26641
26672
26642
26673
26643
26674
26644
26675
26645
26676
26646
26677
26647
26678
26648
26679
26649
26680
26650
26681
26651
26682
26652
26683
26653
26684
26654
26685
26655
26686
26656
15559
26657
26688
26658
26689
26659
26690
26660
26691
26661
26692
26662
26693
26663
26694
26664
26695
26665
26696
26666
26697
26667
26698
26668
26699
26669
26700
26670
26701
26671
26702
26672
26703
26673
26704
26674
26705
26675
26706
26676
26707
26677
26708
26678
26709
26679
26710
26680
26711
26681
26712
26682
26713
26683
26714
26684
26715
26685
26716
26686
26717
26687
26718
26688
15627
26689
26720
26690
26721
26691
26722
26692
26723
26693
26724
26694
26725
26695
26726
26696
26727
26697
26728
26698
26729
26699
26730
26700
26731
26701
26732
26702
26733
26703
26734
26704
26735
26705
26736
26706
26737
26707
26738
26708
26739
26709
26740
26710
26741
26711
26742
26712
26743
26713
26744
26714
26745
26715
26746
26716
26747
26717
26748
26718
26749
26719
26750
26720
15695
26721
26752
26722
26753
26723
26754
26724
26755
26725
26756
26726
26757
26727
26758
26728
26759
26729
26760
26730
26761
26731
26762
26732
26763
26733
26764
26734
26765
26735
26766
26736
26767
26737
26768
26738
26769
26739
26770
26740
26771
26741
26772
26742
26773
26743
26774
26744
26775
26745
26776
26746
26777
26747
26778
26748
26779
26749
26780
26750
26781
26751
26782
26752
15763
26753
26784
26754
26785
26755
26786
26756
26787
26757
26788
26758
26789
26759
26790
26760
26791
26761
26792
26762
26793
26763
26794
26764
26795
26765
26796
26766
26797
26767
26798
26768
26799
26769
26800
26770
26801
26771
26802
26772
26803
26773
26804
26774
26805
26775
26806
26776
26807
26777
26808
26778
26809
26779
26810
26780
26811
26781
26812
26782
26813
26783
26814
26784
15831
26785
26816
26786
26817
26787
26818
26788
26819
26789
26820
26790
26821
26791
26822
26792
26823
26793
26824
26794
26825
26795
26826
26796
26827
26797
26828
26798
26829
26799
26830
26800
26831
26801
26832
26802
26833
26803
26834
26804
26835
26805
26836
26806
26837
26807
26838
26808
26839
26809
26840
26810
26841
26811
26842
26812
26843
26813
26844
26814
26845
26815
26846
26816
15899
26817
26848
26818
26849
26819
26850
26820
26851
26821
26852
26822
26853
26823
26854
26824
26855
26825
26856
26826
26857
26827
26858
26828
26859
26829
26860
26830
26861
26831
26862
26832
26863
26833
26864
26834
26865
26835
26866
26836
26867
26837
26868
26838
26869
26839
26870
26840
26871
26841
26872
26842
26873
26843
26874
26844
26875
26845
26876
26846
26877
26847
26878
26848
15967
26849
26880
26850
26881
26851
26882
26852
26883
26853
26884
26854
26885
26855
26886
26856
26887
26857
26888
26858
26889
26859
26890
26860
26891
26861
26892
26862
26893
26863
26894
26864
26895
26865
26896
26866
26897
26867
26898
26868
26899
26869
26900
26870
26901
26871
26902
26872
26903
26873
26904
26874
26905
26875
26906
26876
26907
26877
26908
26878
26909
26879
26910
26880
16035
26881
26912
26882
26913
26883
26914
26884
26915
26885
26916
26886
26917
26887
26918
26888
26919
26889
26920
26890
26921
26891
26922
26892
26923
26893
26924
26894
26925
26895
26926
26896
26927
26897
26928
26898
26929
26899
26930
26900
26931
26901
26932
26902
26933
26903
26934
26904
26935
26905
26936
26906
26937
26907
26938
26908
26939
26909
26940
26910
26941
26911
26942
26912
16103
26913
26944
26914
26945
26915
26946
26916
26947
26917
26948
26918
26949
26919
26950
26920
26951
26921
26952
26922
26953
26923
26954
26924
26955
26925
26956
26926
26957
26927
26958
26928
26959
26929
26960
26930
26961
26931
26962
26932
26963
26933
26964
26934
26965
26935
26966
26936
26967
26937
26968
26938
26969
26939
26970
26940
26971
26941
26972
26942
26973
26943
26974
26944
16171
26945
26976
26946
26977
26947
26978
26948
26979
26949
26980
26950
26981
26951
26982
26952
26983
26953
26984
26954
26985
26955
26986
26956
26987
26957
26988
26958
26989
26959
26990
26960
26991
26961
26992
26962
26993
26963
26994
26964
26995
26965
26996
26966
26997
26967
26998
26968
26999
26969
27000
26970
27001
26971
27002
26972
27003
26973
27004
26974
27005
26975
27006
26976
16239
26977
27008
26978
27009
26979
27010
26980
27011
26981
27012
26982
27013
26983
27014
26984
27015
26985
27016
26986
27017
26987
27018
26988
27019
26989
27020
26990
27021
26991
27022
26992
27023
26993
27024
26994
27025
26995
27026
26996
27027
26997
27028
26998
27029
26999
27030
27000
27031
27001
27032
27002
27033
27003
27034
27004
27035
27005
27036
27006
27037
27007
27038
27008
16307
27009
27040
27010
27041
27011
27042
27012
27043
27013
27044
27014
27045
27015
27046
27016
27047
27017
27048
27018
27049
27019
27050
27020
27051
27021
27052
27022
27053
27023
27054
27024
27055
27025
27056
27026
27057
27027
27058
27028
27059
27029
27060
27030
27061
27031
27062
27032
27063
27033
27064
27034
27065
27035
27066
27036
27067
27037
27068
27038
27069
27039
27070
27040
16375
27041
27072
27042
27073
27043
27074
27044
27075
27045
27076
27046
27077
27047
27078
27048
27079
27049
27080
27050
27081
27051
27082
27052
27083
27053
27084
27054
27085
27055
27086
27056
27087
27057
27088
27058
27089
27059
27090
27060
27091
27061
27092
27062
27093
27063
27094
27064
27095
27065
27096
27066
27097
27067
27098
27068
27099
27069
27100
27070
27101
27071
27102
27072
16443
27073
27104
27074
27105
27075
27106
27076
27107
27077
27108
27078
27109
27079
27110
27080
27111
27081
27112
27082
27113
27083
27114
27084
27115
27085
27116
27086
27117
27087
27118
27088
27119
27089
27120
27090
27121
27091
27122
27092
27123
27093
27124
27094
27125
27095
27126
27096
27127
27097
27128
27098
27129
27099
27130
27100
27131
27101
27132
27102
27133
27103
27134
27104
16511
27105
10561
27136
27106
10562
27137
27107
10563
27138
27108
10564
27139
27109
10565
27140
27110
10566
27141
27111
10567
27142
27112
10568
27143
27113
10569
27144
27114
10570
27145
27115
10571
27146
27116
10572
27147
27117
10573
27148
27118
10574
27149
27119
10575
27150
27120
10576
27151
27121
10577
27152
27122
10578
27153
27123
10579
27154
27124
10580
27155
27125
10581
27156
27126
10582
27157
27127
10583
27158
27128
10584
27159
27129
10585
27160
27130
10586
27161
27131
10587
27162
27132
10588
27163
27133
10589
27164
27134
10590
27165
27135
10591
27166
16579
10913
27168
10914
27169
10915
27170
10916
27171
10917
27172
10918
27173
10919
27174
10920
27175
10921
27176
10922
27177
10923
27178
10924
27179
10925
27180
10926
27181
10927
27182
10928
27183
10929
27184
10930
27185
10931
27186
10932
27187
10933
27188
10934
27189
10935
27190
10936
27191
10937
27192
10938
27193
10939
27194
10940
27195
10941
27196
10942
27197
10943
27198
27168
16647
27169
27200
27170
27201
27171
27202
27172
27203
27173
27204
27174
27205
27175
27206
27176
27207
27177
27208
27178
27209
27179
27210
27180
27211
27181
27212
27182
27213
27183
27214
27184
27215
27185
27216
27186
27217
27187
27218
27188
27219
27189
27220
27190
27221
27191
27222
27192
27223
27193
27224
27194
27225
27195
27226
27196
27227
27197
27228
27198
27229
27199
27230
27200
16715
27201
27232
27202
27233
27203
27234
27204
27235
27205
27236
27206
27237
27207
27238
27208
27239
27209
27240
27210
27241
27211
27242
27212
27243
27213
27244
27214
27245
27215
27246
27216
27247
27217
27248
27218
27249
27219
27250
27220
27251
27221
27252
27222
27253
27223
27254
27224
27255
27225
27256
27226
27257
27227
27258
27228
27259
27229
27260
27230
27261
27231
27262
27232
16783
27233
27264
27234
27265
27235
27266
27236
27267
27237
27268
27238
27269
27239
27270
27240
27271
27241
27272
27242
27273
27243
27274
27244
27275
27245
27276
27246
27277
27247
27278
27248
27279
27249
27280
27250
27281
27251
27282
27252
27283
27253
27284
27254
27285
27255
27286
27256
27287
27257
27288
27258
27289
27259
27290
27260
27291
27261
27292
27262
27293
27263
27294
27264
16851
27265
27296
27266
27297
27267
27298
27268
27299
27269
27300
27270
27301
27271
27302
27272
27303
27273
27304
27274
27305
27275
27306
27276
27307
27277
27308
27278
27309
27279
27310
27280
27311
27281
27312
27282
27313
27283
27314
27284
27315
27285
27316
27286
27317
27287
27318
27288
27319
27289
27320
27290
27321
27291
27322
27292
27323
27293
27324
27294
27325
27295
27326
27296
16919
27297
27328
27298
27329
27299
27330
27300
27331
27301
27332
27302
27333
27303
27334
27304
27335
27305
27336
27306
27337
27307
27338
27308
27339
27309
27340
27310
27341
27311
27342
27312
27343
27313
27344
27314
27345
27315
27346
27316
27347
27317
27348
27318
27349
27319
27350
27320
27351
27321
27352
27322
27353
27323
27354
27324
27355
27325
27356
27326
27357
27327
27358
27328
16987
27329
27360
27330
27361
27331
27362
27332
27363
27333
27364
27334
27365
27335
27366
27336
27367
27337
27368
27338
27369
27339
27370
27340
27371
27341
27372
27342
27373
27343
27374
27344
27375
27345
27376
27346
27377
27347
27378
27348
27379
27349
27380
27350
27381
27351
27382
27352
27383
27353
27384
27354
27385
27355
27386
27356
27387
27357
27388
27358
27389
27359
27390
27360
17055
27361
27392
27362
27393
27363
27394
27364
27395
27365
27396
27366
27397
27367
27398
27368
27399
27369
27400
27370
27401
27371
27402
27372
27403
27373
27404
27374
27405
27375
27406
27376
27407
27377
27408
27378
27409
27379
27410
27380
27411
27381
27412
27382
27413
27383
27414
27384
27415
27385
27416
27386
27417
27387
27418
27388
27419
27389
27420
27390
27421
27391
27422
27392
17123
27393
27424
27394
27425
27395
27426
27396
27427
27397
27428
27398
27429
27399
27430
27400
27431
27401
27432
27402
27433
27403
27434
27404
27435
27405
27436
27406
27437
27407
27438
27408
27439
27409
27440
27410
27441
27411
27442
27412
27443
27413
27444
27414
27445
27415
27446
27416
27447
27417
27448
27418
27449
27419
27450
27420
27451
27421
27452
27422
27453
27423
27454
27424
17191
27425
27456
27426
27457
27427
27458
27428
27459
27429
27460
27430
27461
27431
27462
27432
27463
27433
27464
27434
27465
27435
27466
27436
27467
27437
27468
27438
27469
27439
27470
27440
27471
27441
27472
27442
27473
27443
27474
27444
27475
27445
27476
27446
27477
27447
27478
27448
27479
27449
27480
27450
27481
27451
27482
27452
27483
27453
27484
27454
27485
27455
27486
27456
17259
27457
27488
27458
27489
27459
27490
27460
27491
27461
27492
27462
27493
27463
27494
27464
27495
27465
27496
27466
27497
27467
27498
27468
27499
27469
27500
27470
27501
27471
27502
27472
27503
27473
27504
27474
27505
27475
27506
27476
27507
27477
27508
27478
27509
27479
27510
27480
27511
27481
27512
27482
27513
27483
27514
27484
27515
27485
27516
27486
27517
27487
27518
27488
17327
27489
27520
27490
27521
27491
27522
27492
27523
27493
27524
27494
27525
27495
27526
27496
27527
27497
27528
27498
27529
27499
27530
27500
27531
27501
27532
27502
27533
27503
27534
27504
27535
27505
27536
27506
27537
27507
27538
27508
27539
27509
27540
27510
27541
27511
27542
27512
27543
27513
27544
27514
27545
27515
27546
27516
27547
27517
27548
27518
27549
27519
27550
27520
17395
27521
27552
27522
27553
27523
27554
27524
27555
27525
27556
27526
27557
27527
27558
27528
27559
27529
27560
27530
27561
27531
27562
27532
27563
27533
27564
27534
27565
27535
27566
27536
27567
27537
27568
27538
27569
27539
27570
27540
27571
27541
27572
27542
27573
27543
27574
27544
27575
27545
27576
27546
27577
27547
27578
27548
27579
27549
27580
27550
27581
27551
27582
27552
17463
27553
27584
27554
27585
27555
27586
27556
27587
27557
27588
27558
27589
27559
27590
27560
27591
27561
27592
27562
27593
27563
27594
27564
27595
27565
27596
27566
27597
27567
27598
27568
27599
27569
27600
27570
27601
27571
27602
27572
27603
27573
27604
27574
27605
27575
27606
27576
27607
27577
27608
27578
27609
27579
27610
27580
27611
27581
27612
27582
27613
27583
27614
27584
17531
27585
27616
27586
27617
27587
27618
27588
27619
27589
27620
27590
27621
27591
27622
27592
27623
27593
27624
27594
27625
27595
27626
27596
27627
27597
27628
27598
27629
27599
27630
27600
27631
27601
27632
27602
27633
27603
27634
27604
27635
27605
27636
27606
27637
27607
27638
27608
27639
27609
27640
27610
27641
27611
27642
27612
27643
27613
27644
27614
27645
27615
27646
27616
17599
27617
27648
27618
27649
27619
27650
27620
27651
27621
27652
27622
27653
27623
27654
27624
27655
27625
27656
27626
27657
27627
27658
27628
27659
27629
27660
27630
27661
27631
27662
27632
27663
27633
27664
27634
27665
27635
27666
27636
27667
27637
27668
27638
27669
27639
27670
27640
27671
27641
27672
27642
27673
27643
27674
27644
27675
27645
27676
27646
27677
27647
27678
27648
17667
27649
27680
27650
27681
27651
27682
27652
27683
27653
27684
27654
27685
27655
27686
27656
27687
27657
27688
27658
27689
27659
27690
27660
27691
27661
27692
27662
27693
27663
27694
27664
27695
27665
27696
27666
27697
27667
27698
27668
27699
27669
27700
27670
27701
27671
27702
27672
27703
27673
27704
27674
27705
27675
27706
27676
27707
27677
27708
27678
27709
27679
27710
27680
17735
27681
27712
27682
27713
27683
27714
27684
27715
27685
27716
27686
27717
27687
27718
27688
27719
27689
27720
27690
27721
27691
27722
27692
27723
27693
27724
27694
27725
27695
27726
27696
27727
27697
27728
27698
27729
27699
27730
27700
27731
27701
27732
27702
27733
27703
27734
27704
27735
27705
27736
27706
27737
27707
27738
27708
27739
27709
27740
27710
27741
27711
27742
27712
17803
27713
27744
27714
27745
27715
27746
27716
27747
27717
27748
27718
27749
27719
27750
27720
27751
27721
27752
27722
27753
27723
27754
27724
27755
27725
27756
27726
27757
27727
27758
27728
27759
27729
27760
27730
27761
27731
27762
27732
27763
27733
27764
27734
27765
27735
27766
27736
27767
27737
27768
27738
27769
27739
27770
27740
27771
27741
27772
27742
27773
27743
27774
27744
17871
27745
27776
27746
27777
27747
27778
27748
27779
27749
27780
27750
27781
27751
27782
27752
27783
27753
27784
27754
27785
27755
27786
27756
27787
27757
27788
27758
27789
27759
27790
27760
27791
27761
27792
27762
27793
27763
27794
27764
27795
27765
27796
27766
27797
27767
27798
27768
27799
27769
27800
27770
27801
27771
27802
27772
27803
27773
27804
27774
27805
27775
27806
27776
17939
27777
27808
27778
27809
27779
27810
27780
27811
27781
27812
27782
27813
27783
27814
27784
27815
27785
27816
27786
27817
27787
27818
27788
27819
27789
27820
27790
27821
27791
27822
27792
27823
27793
27824
27794
27825
27795
27826
27796
27827
27797
27828
27798
27829
27799
27830
27800
27831
27801
27832
27802
27833
27803
27834
27804
27835
27805
27836
27806
27837
27807
27838
27808
18007
27809
27840
27810
27841
27811
27842
27812
27843
27813
27844
27814
27845
27815
27846
27816
27847
27817
27848
27818
27849
27819
27850
27820
27851
27821
27852
27822
27853
27823
27854
27824
27855
27825
27856
27826
27857
27827
27858
27828
27859
27829
27860
27830
27861
27831
27862
27832
27863
27833
27864
27834
27865
27835
27866
27836
27867
27837
27868
27838
27869
27839
27870
27840
18075
27841
27872
27842
27873
27843
27874
27844
27875
27845
27876
27846
27877
27847
27878
27848
27879
27849
27880
27850
27881
27851
27882
27852
27883
27853
27884
27854
27885
27855
27886
27856
27887
27857
27888
27858
27889
27859
27890
27860
27891
27861
27892
27862
27893
27863
27894
27864
27895
27865
27896
27866
27897
27867
27898
27868
27899
27869
27900
27870
27901
27871
27902
27872
18143
27873
27904
27874
27905
27875
27906
27876
27907
27877
27908
27878
27909
27879
27910
27880
27911
27881
27912
27882
27913
27883
27914
27884
27915
27885
27916
27886
27917
27887
27918
27888
27919
27889
27920
27890
27921
27891
27922
27892
27923
27893
27924
27894
27925
27895
27926
27896
27927
27897
27928
27898
27929
27899
27930
27900
27931
27901
27932
27902
27933
27903
27934
27904
18211
27905
27936
27906
27937
27907
27938
27908
27939
27909
27940
27910
27941
27911
27942
27912
27943
27913
27944
27914
27945
27915
27946
27916
27947
27917
27948
27918
27949
27919
27950
27920
27951
27921
27952
27922
27953
27923
27954
27924
27955
27925
27956
27926
27957
27927
27958
27928
27959
27929
27960
27930
27961
27931
27962
27932
27963
27933
27964
27934
27965
27935
27966
27936
18279
27937
27968
27938
27969
27939
27970
27940
27971
27941
27972
27942
27973
27943
27974
27944
27975
27945
27976
27946
27977
27947
27978
27948
27979
27949
27980
27950
27981
27951
27982
27952
27983
27953
27984
27954
27985
27955
27986
27956
27987
27957
27988
27958
27989
27959
27990
27960
27991
27961
27992
27962
27993
27963
27994
27964
27995
27965
27996
27966
27997
27967
27998
27968
18347
27969
28000
27970
28001
27971
28002
27972
28003
27973
28004
27974
28005
27975
28006
27976
28007
27977
28008
27978
28009
27979
28010
27980
28011
27981
28012
27982
28013
27983
28014
27984
28015
27985
28016
27986
28017
27987
28018
27988
28019
27989
28020
27990
28021
27991
28022
27992
28023
27993
28024
27994
28025
27995
28026
27996
28027
27997
28028
27998
28029
27999
28030
28000
18415
28001
28032
28002
28033
28003
28034
28004
28035
28005
28036
28006
28037
28007
28038
28008
28039
28009
28040
28010
28041
28011
28042
28012
28043
28013
28044
28014
28045
28015
28046
28016
28047
28017
28048
28018
28049
28019
28050
28020
28051
28021
28052
28022
28053
28023
28054
28024
28055
28025
28056
28026
28057
28027
28058
28028
28059
28029
28060
28030
28061
28031
28062
28032
18483
28033
28064
28034
28065
28035
28066
28036
28067
28037
28068
28038
28069
28039
28070
28040
28071
28041
28072
28042
28073
28043
28074
28044
28075
28045
28076
28046
28077
28047
28078
28048
28079
28049
28080
28050
28081
28051
28082
28052
28083
28053
28084
28054
28085
28055
28086
28056
28087
28057
28088
28058
28089
28059
28090
28060
28091
28061
28092
28062
28093
28063
28094
28064
18551
28065
28096
28066
28097
28067
28098
28068
28099
28069
28100
28070
28101
28071
28102
28072
28103
28073
28104
28074
28105
28075
28106
28076
28107
28077
28108
28078
28109
28079
28110
28080
28111
28081
28112
28082
28113
28083
28114
28084
28115
28085
28116
28086
28117
28087
28118
28088
28119
28089
28120
28090
28121
28091
28122
28092
28123
28093
28124
28094
28125
28095
28126
28096
18619
28097
28128
28098
28129
28099
28130
28100
28131
28101
28132
28102
28133
28103
28134
28104
28135
28105
28136
28106
28137
28107
28138
28108
28139
28109
28140
28110
28141
28111
28142
28112
28143
28113
28144
28114
28145
28115
28146
28116
28147
28117
28148
28118
28149
28119
28150
28120
28151
28121
28152
28122
28153
28123
28154
28124
28155
28125
28156
28126
28157
28127
28158
28128
18687
28129
28160
28130
28161
28131
28162
28132
28163
28133
28164
28134
28165
28135
28166
28136
28167
28137
28168
28138
28169
28139
28170
28140
28171
28141
28172
28142
28173
28143
28174
28144
28175
28145
28176
28146
28177
28147
28178
28148
28179
28149
28180
28150
28181
28151
28182
28152
28183
28153
28184
28154
28185
28155
28186
28156
28187
28157
28188
28158
28189
28159
28190
28160
18755
28161
28192
28162
28193
28163
28194
28164
28195
28165
28196
28166
28197
28167
28198
28168
28199
28169
28200
28170
28201
28171
28202
28172
28203
28173
28204
28174
28205
28175
28206
28176
28207
28177
28208
28178
28209
28179
28210
28180
28211
28181
28212
28182
28213
28183
28214
28184
28215
28185
28216
28186
28217
28187
28218
28188
28219
28189
28220
28190
28221
28191
28222
28192
18823
28193
28224
28194
28225
28195
28226
28196
28227
28197
28228
28198
28229
28199
28230
28200
28231
28201
28232
28202
28233
28203
28234
28204
28235
28205
28236
28206
28237
28207
28238
28208
28239
28209
28240
28210
28241
28211
28242
28212
28243
28213
28244
28214
28245
28215
28246
28216
28247
28217
28248
28218
28249
28219
28250
28220
28251
28221
28252
28222
28253
28223
28254
28224
18891
28225
28256
28226
28257
28227
28258
28228
28259
28229
28260
28230
28261
28231
28262
28232
28263
28233
28264
28234
28265
28235
28266
28236
28267
28237
28268
28238
28269
28239
28270
28240
28271
28241
28272
28242
28273
28243
28274
28244
28275
28245
28276
28246
28277
28247
28278
28248
28279
28249
28280
28250
28281
28251
28282
28252
28283
28253
28284
28254
28285
28255
28286
28256
18959
28257
28288
28258
28289
28259
28290
28260
28291
28261
28292
28262
28293
28263
28294
28264
28295
28265
28296
28266
28297
28267
28298
28268
28299
28269
28300
28270
28301
28271
28302
28272
28303
28273
28304
28274
28305
28275
28306
28276
28307
28277
28308
28278
28309
28279
28310
28280
28311
28281
28312
28282
28313
28283
28314
28284
28315
28285
28316
28286
28317
28287
28318
28288
19027
28289
28320
28290
28321
28291
28322
28292
28323
28293
28324
28294
28325
28295
28326
28296
28327
28297
28328
28298
28329
28299
28330
28300
28331
28301
28332
28302
28333
28303
28334
28304
28335
28305
28336
28306
28337
28307
28338
28308
28339
28309
28340
28310
28341
28311
28342
28312
28343
28313
28344
28314
28345
28315
28346
28316
28347
28317
28348
28318
28349
28319
28350
28320
19095
28321
28352
28322
28353
28323
28354
28324
28355
28325
28356
28326
28357
28327
28358
28328
28359
28329
28360
28330
28361
28331
28362
28332
28363
28333
28364
28334
28365
28335
28366
28336
28367
28337
28368
28338
28369
28339
28370
28340
28371
28341
28372
28342
28373
28343
28374
28344
28375
28345
28376
28346
28377
28347
28378
28348
28379
28349
28380
28350
28381
28351
28382
28352
19163
28353
28384
28354
28385
28355
28386
28356
28387
28357
28388
28358
28389
28359
28390
28360
28391
28361
28392
28362
28393
28363
28394
28364
28395
28365
28396
28366
28397
28367
28398
28368
28399
28369
28400
28370
28401
28371
28402
28372
28403
28373
28404
28374
28405
28375
28406
28376
28407
28377
28408
28378
28409
28379
28410
28380
28411
28381
28412
28382
28413
28383
28414
28384
19231
28385
28416
28386
28417
28387
28418
28388
28419
28389
28420
28390
28421
28391
28422
28392
28423
28393
28424
28394
28425
28395
28426
28396
28427
28397
28428
28398
28429
28399
28430
28400
28431
28401
28432
28402
28433
28403
28434
28404
28435
28405
28436
28406
28437
28407
28438
28408
28439
28409
28440
28410
28441
28411
28442
28412
28443
28413
28444
28414
28445
28415
28446
28416
19299
28417
28448
28418
28449
28419
28450
28420
28451
28421
28452
28422
28453
28423
28454
28424
28455
28425
28456
28426
28457
28427
28458
28428
28459
28429
28460
28430
28461
28431
28462
28432
28463
28433
28464
28434
28465
28435
28466
28436
28467
28437
28468
28438
28469
28439
28470
28440
28471
28441
28472
28442
28473
28443
28474
28444
28475
28445
28476
28446
28477
28447
28478
28448
19367
28449
28480
28450
28481
28451
28482
28452
28483
28453
28484
28454
28485
28455
28486
28456
28487
28457
28488
28458
28489
28459
28490
28460
28491
28461
28492
28462
28493
28463
28494
28464
28495
28465
28496
28466
28497
28467
28498
28468
28499
28469
28500
28470
28501
28471
28502
28472
28503
28473
28504
28474
28505
28475
28506
28476
28507
28477
28508
28478
28509
28479
28510
28480
19435
28481
28512
28482
28513
28483
28514
28484
28515
28485
28516
28486
28517
28487
28518
28488
28519
28489
28520
28490
28521
28491
28522
28492
28523
28493
28524
28494
28525
28495
28526
28496
28527
28497
28528
28498
28529
28499
28530
28500
28531
28501
28532
28502
28533
28503
28534
28504
28535
28505
28536
28506
28537
28507
28538
28508
28539
28509
28540
28510
28541
28511
28542
28512
19503
28513
28544
28514
28545
28515
28546
28516
28547
28517
28548
28518
28549
28519
28550
28520
28551
28521
28552
28522
28553
28523
28554
28524
28555
28525
28556
28526
28557
28527
28558
28528
28559
28529
28560
28530
28561
28531
28562
28532
28563
28533
28564
28534
28565
28535
28566
28536
28567
28537
28568
28538
28569
28539
28570
28540
28571
28541
28572
28542
28573
28543
28574
28544
19571
28545
28576
28546
28577
28547
28578
28548
28579
28549
28580
28550
28581
28551
28582
28552
28583
28553
28584
28554
28585
28555
28586
28556
28587
28557
28588
28558
28589
28559
28590
28560
28591
28561
28592
28562
28593
28563
28594
28564
28595
28565
28596
28566
28597
28567
28598
28568
28599
28569
28600
28570
28601
28571
28602
28572
28603
28573
28604
28574
28605
28575
28606
28576
19639
28577
28608
28578
28609
28579
28610
28580
28611
28581
28612
28582
28613
28583
28614
28584
28615
28585
28616
28586
28617
28587
28618
28588
28619
28589
28620
28590
28621
28591
28622
28592
28623
28593
28624
28594
28625
28595
28626
28596
28627
28597
28628
28598
28629
28599
28630
28600
28631
28601
28632
28602
28633
28603
28634
28604
28635
28605
28636
28606
28637
28607
28638
28608
19707
28609
28640
28610
28641
28611
28642
28612
28643
28613
28644
28614
28645
28615
28646
28616
28647
28617
28648
28618
28649
28619
28650
28620
28651
28621
28652
28622
28653
28623
28654
28624
28655
28625
28656
28626
28657
28627
28658
28628
28659
28629
28660
28630
28661
28631
28662
28632
28663
28633
28664
28634
28665
28635
28666
28636
28667
28637
28668
28638
28669
28639
28670
28640
19775
28641
11233
28672
28642
11234
28673
28643
11235
28674
28644
11236
28675
28645
11237
28676
28646
11238
28677
28647
11239
28678
28648
11240
28679
28649
11241
28680
28650
11242
28681
28651
11243
28682
28652
11244
28683
28653
11245
28684
28654
11246
28685
28655
11247
28686
28656
11248
28687
28657
11249
28688
28658
11250
28689
28659
11251
28690
28660
11252
28691
28661
11253
28692
28662
11254
28693
28663
11255
28694
28664
11256
28695
28665
11257
28696
28666
11258
28697
28667
11259
28698
28668
11260
28699
28669
11261
28700
28670
11262
28701
28671
11263
28702
19843
11585
28704
11586
28705
11587
28706
11588
28707
11589
28708
11590
28709
11591
28710
11592
28711
11593
28712
11594
28713
11595
28714
11596
28715
11597
28716
11598
28717
11599
28718
11600
28719
11601
28720
11602
28721
11603
28722
11604
28723
11605
28724
11606
28725
11607
28726
11608
28727
11609
28728
11610
28729
11611
28730
11612
28731
11613
28732
11614
28733
11615
28734
28704
19911
28705
28736
28706
28737
28707
28738
28708
28739
28709
28740
28710
28741
28711
28742
28712
28743
28713
28744
28714
28745
28715
28746
28716
28747
28717
28748
28718
28749
28719
28750
28720
28751
28721
28752
28722
28753
28723
28754
28724
28755
28725
28756
28726
28757
28727
28758
28728
28759
28729
28760
28730
28761
28731
28762
28732
28763
28733
28764
28734
28765
28735
28766
28736
19979
28737
28768
28738
28769
28739
28770
28740
28771
28741
28772
28742
28773
28743
28774
28744
28775
28745
28776
28746
28777
28747
28778
28748
28779
28749
28780
28750
28781
28751
28782
28752
28783
28753
28784
28754
28785
28755
28786
28756
28787
28757
28788
28758
28789
28759
28790
28760
28791
28761
28792
28762
28793
28763
28794
28764
28795
28765
28796
28766
28797
28767
28798
28768
20047
28769
28800
28770
28801
28771
28802
28772
28803
28773
28804
28774
28805
28775
28806
28776
28807
28777
28808
28778
28809
28779
28810
28780
28811
28781
28812
28782
28813
28783
28814
28784
28815
28785
28816
28786
28817
28787
28818
28788
28819
28789
28820
28790
28821
28791
28822
28792
28823
28793
28824
28794
28825
28795
28826
28796
28827
28797
28828
28798
28829
28799
28830
28800
20115
28801
28832
28802
28833
28803
28834
28804
28835
28805
28836
28806
28837
28807
28838
28808
28839
28809
28840
28810
28841
28811
28842
28812
28843
28813
28844
28814
28845
28815
28846
28816
28847
28817
28848
28818
28849
28819
28850
28820
28851
28821
28852
28822
28853
28823
28854
28824
28855
28825
28856
28826
28857
28827
28858
28828
28859
28829
28860
28830
28861
28831
28862
28832
20183
28833
28864
28834
28865
28835
28866
28836
28867
28837
28868
28838
28869
28839
28870
28840
28871
28841
28872
28842
28873
28843
28874
28844
28875
28845
28876
28846
28877
28847
28878
28848
28879
28849
28880
28850
28881
28851
28882
28852
28883
28853
28884
28854
28885
28855
28886
28856
28887
28857
28888
28858
28889
28859
28890
28860
28891
28861
28892
28862
28893
28863
28894
28864
20251
28865
28896
28866
28897
28867
28898
28868
28899
28869
28900
28870
28901
28871
28902
28872
28903
28873
28904
28874
28905
28875
28906
28876
28907
28877
28908
28878
28909
28879
28910
28880
28911
28881
28912
28882
28913
28883
28914
28884
28915
28885
28916
28886
28917
28887
28918
28888
28919
28889
28920
28890
28921
28891
28922
28892
28923
28893
28924
28894
28925
28895
28926
28896
20319
28897
28928
28898
28929
28899
28930
28900
28931
28901
28932
28902
28933
28903
28934
28904
28935
28905
28936
28906
28937
28907
28938
28908
28939
28909
28940
28910
28941
28911
28942
28912
28943
28913
28944
28914
28945
28915
28946
28916
28947
28917
28948
28918
28949
28919
28950
28920
28951
28921
28952
28922
28953
28923
28954
28924
28955
28925
28956
28926
28957
28927
28958
28928
20387
28929
28960
28930
28961
28931
28962
28932
28963
28933
28964
28934
28965
28935
28966
28936
28967
28937
28968
28938
28969
28939
28970
28940
28971
28941
28972
28942
28973
28943
28974
28944
28975
28945
28976
28946
28977
28947
28978
28948
28979
28949
28980
28950
28981
28951
28982
28952
28983
28953
28984
28954
28985
28955
28986
28956
28987
28957
28988
28958
28989
28959
28990
28960
20455
28961
28992
28962
28993
28963
28994
28964
28995
28965
28996
28966
28997
28967
28998
28968
28999
28969
29000
28970
29001
28971
29002
28972
29003
28973
29004
28974
29005
28975
29006
28976
29007
28977
29008
28978
29009
28979
29010
28980
29011
28981
29012
28982
29013
28983
29014
28984
29015
28985
29016
28986
29017
28987
29018
28988
29019
28989
29020
28990
29021
28991
29022
28992
20523
28993
29024
28994
29025
28995
29026
28996
29027
28997
29028
28998
29029
28999
29030
29000
29031
29001
29032
29002
29033
29003
29034
29004
29035
29005
29036
29006
29037
29007
29038
29008
29039
29009
29040
29010
29041
29011
29042
29012
29043
29013
29044
29014
29045
29015
29046
29016
29047
29017
29048
29018
29049
29019
29050
29020
29051
29021
29052
29022
29053
29023
29054
29024
20591
29025
29056
29026
29057
29027
29058
29028
29059
29029
29060
29030
29061
29031
29062
29032
29063
29033
29064
29034
29065
29035
29066
29036
29067
29037
29068
29038
29069
29039
29070
29040
29071
29041
29072
29042
29073
29043
29074
29044
29075
29045
29076
29046
29077
29047
29078
29048
29079
29049
29080
29050
29081
29051
29082
29052
29083
29053
29084
29054
29085
29055
29086
29056
20659
29057
29088
29058
29089
29059
29090
29060
29091
29061
29092
29062
29093
29063
29094
29064
29095
29065
29096
29066
29097
29067
29098
29068
29099
29069
29100
29070
29101
29071
29102
29072
29103
29073
29104
29074
29105
29075
29106
29076
29107
29077
29108
29078
29109
29079
29110
29080
29111
29081
29112
29082
29113
29083
29114
29084
29115
29085
29116
29086
29117
29087
29118
29088
20727
29089
29120
29090
29121
29091
29122
29092
29123
29093
29124
29094
29125
29095
29126
29096
29127
29097
29128
29098
29129
29099
29130
29100
29131
29101
29132
29102
29133
29103
29134
29104
29135
29105
29136
29106
29137
29107
29138
29108
29139
29109
29140
29110
29141
29111
29142
29112
29143
29113
29144
29114
29145
29115
29146
29116
29147
29117
29148
29118
29149
29119
29150
29120
20795
29121
29152
29122
29153
29123
29154
29124
29155
29125
29156
29126
29157
29127
29158
29128
29159
29129
29160
29130
29161
29131
29162
29132
29163
29133
29164
29134
29165
29135
29166
29136
29167
29137
29168
29138
29169
29139
29170
29140
29171
29141
29172
29142
29173
29143
29174
29144
29175
29145
29176
29146
29177
29147
29178
29148
29179
29149
29180
29150
29181
29151
29182
29152
20863
29153
29184
29154
29185
29155
29186
29156
29187
29157
29188
29158
29189
29159
29190
29160
29191
29161
29192
29162
29193
29163
29194
29164
29195
29165
29196
29166
29197
29167
29198
29168
29199
29169
29200
29170
29201
29171
29202
29172
29203
29173
29204
29174
29205
29175
29206
29176
29207
29177
29208
29178
29209
29179
29210
29180
29211
29181
29212
29182
29213
29183
29214
29184
20931
29185
29216
29186
29217
29187
29218
29188
29219
29189
29220
29190
29221
29191
29222
29192
29223
29193
29224
29194
29225
29195
29226
29196
29227
29197
29228
29198
29229
29199
29230
29200
29231
29201
29232
29202
29233
29203
29234
29204
29235
29205
29236
29206
29237
29207
29238
29208
29239
29209
29240
29210
29241
29211
29242
29212
29243
29213
29244
29214
29245
29215
29246
29216
20999
29217
29248
29218
29249
29219
29250
29220
29251
29221
29252
29222
29253
29223
29254
29224
29255
29225
29256
29226
29257
29227
29258
29228
29259
29229
29260
29230
29261
29231
29262
29232
29263
29233
29264
29234
29265
29235
29266
29236
29267
29237
29268
29238
29269
29239
29270
29240
29271
29241
29272
29242
29273
29243
29274
29244
29275
29245
29276
29246
29277
29247
29278
29248
21067
29249
29280
29250
29281
29251
29282
29252
29283
29253
29284
29254
29285
29255
29286
29256
29287
29257
29288
29258
29289
29259
29290
29260
29291
29261
29292
29262
29293
29263
29294
29264
29295
29265
29296
29266
29297
29267
29298
29268
29299
29269
29300
29270
29301
29271
29302
29272
29303
29273
29304
29274
29305
29275
29306
29276
29307
29277
29308
29278
29309
29279
29310
29280
21135
29281
29312
29282
29313
29283
29314
29284
29315
29285
29316
29286
29317
29287
29318
29288
29319
29289
29320
29290
29321
29291
29322
29292
29323
29293
29324
29294
29325
29295
29326
29296
29327
29297
29328
29298
29329
29299
29330
29300
29331
29301
29332
29302
29333
29303
29334
29304
29335
29305
29336
29306
29337
29307
29338
29308
29339
29309
29340
29310
29341
29311
29342
29312
21203
29313
29344
29314
29345
29315
29346
29316
29347
29317
29348
29318
29349
29319
29350
29320
29351
29321
29352
29322
29353
29323
29354
29324
29355
29325
29356
29326
29357
29327
29358
29328
29359
29329
29360
29330
29361
29331
29362
29332
29363
29333
29364
29334
29365
29335
29366
29336
29367
29337
29368
29338
29369
29339
29370
29340
29371
29341
29372
29342
29373
29343
29374
29344
21271
29345
29376
29346
29377
29347
29378
29348
29379
29349
29380
29350
29381
29351
29382
29352
29383
29353
29384
29354
29385
29355
29386
29356
29387
29357
29388
29358
29389
29359
29390
29360
29391
29361
29392
29362
29393
29363
29394
29364
29395
29365
29396
29366
29397
29367
29398
29368
29399
29369
29400
29370
29401
29371
29402
29372
29403
29373
29404
29374
29405
29375
29406
29376
21339
29377
29408
29378
29409
29379
29410
29380
29411
29381
29412
29382
29413
29383
29414
29384
29415
29385
29416
29386
29417
29387
29418
29388
29419
29389
29420
29390
29421
29391
29422
29392
29423
29393
29424
29394
29425
29395
29426
29396
29427
29397
29428
29398
29429
29399
29430
29400
29431
29401
29432
29402
29433
29403
29434
29404
29435
29405
29436
29406
29437
29407
29438
29408
21407
29409
29440
29410
29441
29411
29442
29412
29443
29413
29444
29414
29445
29415
29446
29416
29447
29417
29448
29418
29449
29419
29450
29420
29451
29421
29452
29422
29453
29423
29454
29424
29455
29425
29456
29426
29457
29427
29458
29428
29459
29429
29460
29430
29461
29431
29462
29432
29463
29433
29464
29434
29465
29435
29466
29436
29467
29437
29468
29438
29469
29439
29470
9600
9624
9648
9672
9696
9720
9744
9768
9792
9816
9840
9864
10272
10296
10320
10344
10368
10392
10416
10440
10464
10488
10512
10536
10944
10968
10992
11016
11040
11064
11088
11112
11136
11160
11184
11208
21408
21432
21456
21480
21504
21528
21552
21576
21600
21624
21648
21672
21696
21720
21744
21768
21792
21816
21840
21864
21888
21912
21936
21960
21984
22008
22032
22056
22080
22104
22128
22152
22176
22200
22224
22248
22272
22296
22320
22344
22368
22392
22416
22440
22464
22488
22512
22536
22560
22584
22608
22632
22656
22680
22704
22728
22752
22776
22800
22824
22848
22872
22896
22920
22944
22968
22992
23016
23040
23064
23088
23112
23136
23160
23184
23208
23232
23256
23280
23304
23328
23352
23376
23400
23424
23448
23472
23496
23520
23544
23568
23592
23616
23640
23664
23688
23712
23736
23760
23784
23808
23832
23856
23880
23904
23928
23952
23976
24000
24024
24048
24072
24096
24120
24144
24168
24192
24216
24240
24264
24288
24312
24336
24360
24384
24408
24432
24456
24480
24504
24528
24552
24576
24600
24624
24648
24672
24696
24720
24744
24768
24792
24816
24840
9919
9951
9983
10015
10047
10079
10111
10143
10175
10207
10239
10271
10591
10623
10655
10687
10719
10751
10783
10815
10847
10879
10911
10943
11263
11295
11327
11359
11391
11423
11455
11487
11519
11551
11583
11615
24895
24927
24959
24991
25023
25055
25087
25119
25151
25183
25215
25247
25279
25311
25343
25375
25407
25439
25471
25503
25535
25567
25599
25631
25663
25695
25727
25759
25791
25823
25855
25887
25919
25951
25983
26015
26047
26079
26111
26143
26175
26207
26239
26271
26303
26335
26367
26399
26431
26463
26495
26527
26559
26591
26623
26655
26687
26719
26751
26783
26815
26847
26879
26911
26943
26975
27007
27039
27071
27103
27135
27167
27199
27231
27263
27295
27327
27359
27391
27423
27455
27487
27519
27551
27583
27615
27647
27679
27711
27743
27775
27807
27839
27871
27903
27935
27967
27999
28031
28063
28095
28127
28159
28191
28223
28255
28287
28319
28351
28383
28415
28447
28479
28511
28543
28575
28607
28639
28671
28703
28735
28767
28799
28831
28863
28895
28927
28959
28991
29023
29055
29087
29119
29151
29183
29215
29247
29279
29311
29343
29375
29407
29439
29471
11616
11617
11618
11619
11620
11621
11622
11623
11624
11625
11626
11627
11628
11629
11630
11631
11632
11633
11634
11635
11636
11637
11638
11639
11640
11641
11642
11643
11644
11645
11646
11647
11648
11649
11650
11651
11652
11653
11654
11655
11656
11657
11658
11659
11660
11661
11662
11663
11664
11665
11666
11667
11668
11669
11670
11671
11672
11673
11674
11675
11676
11677
11678
11679
11680
11681
11682
11683
21408
21409
21410
21411
21412
21413
21414
21415
21416
21417
21418
21419
21420
21421
21422
21423
21424
21425
21426
21427
21428
21429
21430
21431
24864
24865
24866
24867
24868
24869
24870
24871
24872
24873
24874
24875
24876
24877
24878
24879
24880
24881
24882
24883
24884
24885
24886
24887
24888
24889
24890
24891
24892
24893
24894
24895
21340
21341
21342
21343
21344
21345
21346
21347
21348
21349
21350
21351
21352
21353
21354
21355
21356
21357
21358
21359
21360
21361
21362
21363
21364
21365
21366
21367
21368
21369
21370
21371
21372
21373
21374
21375
21376
21377
21378
21379
21380
21381
21382
21383
21384
21385
21386
21387
21388
21389
21390
21391
21392
21393
21394
21395
21396
21397
21398
21399
21400
21401
21402
21403
21404
21405
21406
21407
24840
24841
24842
24843
24844
24845
24846
24847
24848
24849
24850
24851
24852
24853
24854
24855
24856
24857
24858
24859
24860
24861
24862
24863
29440
29441
29442
29443
29444
29445
29446
29447
29448
29449
29450
29451
29452
29453
29454
29455
29456
29457
29458
29459
29460
29461
29462
29463
29464
29465
29466
29467
29468
29469
29470
29471
0
1
2
3
4
5
6
7
8
9
10
11
12
13
14
15
16
17
18
19
20
21
22
23
24
25
26
27
28
29
30
31
32
33
34
35
36
37
38
39
40
41
42
43
44
45
46
47
48
49
50
51
52
53
54
55
56
57
58
59
60
61
62
63
64
65
66
67
68
69
70
71
72
73
74
75
76
77
78
79
80
81
82
83
84
85
86
87
88
89
90
91
92
93
94
95
96
97
98
99
100
101
102
103
104
105
106
107
108
109
110
111
112
113
114
115
116
117
118
119
120
121
122
123
124
125
126
127
128
129
130
131
132
133
134
135
136
137
138
139
140
141
142
143
144
145
146
147
148
149
150
151
152
153
154
155
156
157
158
159
3200
3201
3202
3203
3204
3205
3206
3207
3208
3209
3210
3211
3212
3213
3214
3215
3216
3217
3218
3219
3220
3221
3222
3223
3224
3225
3226
3227
3228
3229
3230
3231
3232
3233
3234
3235
3236
3237
3238
3239
3240
3241
3242
3243
3244
3245
3246
3247
3248
3249
3250
3251
3252
3253
3254
3255
3256
3257
3258
3259
3260
3261
3262
3263
3264
3265
3266
3267
3268
3269
3270
3271
3272
3273
3274
3275
3276
3277
3278
3279
3280
3281
3282
3283
3284
3285
3286
3287
3288
3289
3290
3291
3292
3293
3294
3295
3296
3297
3298
3299
3300
3301
3302
3303
3304
3305
3306
3307
3308
3309
3310
3311
3312
3313
3314
3315
3316
3317
3318
3319
3320
3321
3322
3323
3324
3325
3326
3327
3328
3329
3330
3331
3332
3333
3334
3335
3336
3337
3338
3339
3340
3341
3342
3343
3344
3345
3346
3347
3348
3349
3350
3351
3352
3353
3354
3355
3356
3357
3358
3359
6400
6401
6402
6403
6404
6405
6406
6407
6408
6409
6410
6411
6412
6413
6414
6415
6416
6417
6418
6419
6420
6421
6422
6423
6424
6425
6426
6427
6428
6429
6430
6431
6432
6433
6434
6435
6436
6437
6438
6439
6440
6441
6442
6443
6444
6445
6446
6447
6448
6449
6450
6451
6452
6453
6454
6455
6456
6457
6458
6459
6460
6461
6462
6463
6464
6465
6466
6467
6468
6469
6470
6471
6472
6473
6474
6475
6476
6477
6478
6479
6480
6481
6482
6483
6484
6485
6486
6487
6488
6489
6490
6491
6492
6493
6494
6495
6496
6497
6498
6499
6500
6501
6502
6503
6504
6505
6506
6507
6508
6509
6510
6511
6512
6513
6514
6515
6516
6517
6518
6519
6520
6521
6522
6523
6524
6525
6526
6527
6528
6529
6530
6531
6532
6533
6534
6535
6536
6537
6538
6539
6540
6541
6542
6543
6544
6545
6546
6547
6548
6549
6550
6551
6552
6553
6554
6555
6556
6557
6558
6559
9888
10240
10560
10912
11232
11584
25600
25632
27136
27168
28672
28704
0
0
1
1
2
2
3
3
4
4
5
5
6
6
7
7
8
8
9
9
10
10
11
11
12
12
13
13
14
14
15
15
16
16
17
17
18
18
19
19
20
20
21
21
22
22
23
23
24
24
25
25
26
26
27
27
28
28
29
29
30
30
31
31
32
32
33
33
34
34
35
35
36
36
37
37
38
38
39
39
40
40
41
41
42
42
43
43
44
44
45
45
46
46
47
47
48
48
49
49
50
50
51
51
52
52
53
53
54
54
55
55
56
56
57
57
58
58
59
59
60
60
61
61
62
62
63
63
64
64
65
65
66
66
67
67
68
68
69
69
70
70
71
71
72
72
73
73
74
74
75
75
76
76
77
77
78
78
79
79
80
80
81
81
82
82
83
83
84
84
85
85
86
86
87
87
88
88
89
89
90
90
91
91
92
92
93
93
94
94
95
95
96
96
97
97
98
98
99
99
100
100
101
101
102
102
103
103
104
104
105
105
106
106
107
107
108
108
109
109
110
110
111
111
112
112
113
113
114
114
115
115
116
116
117
117
118
118
119
119
120
120
121
121
122
122
123
123
124
124
125
125
126
126
127
127
128
128
129
129
130
130
131
131
132
132
133
133
134
134
135
135
136
136
137
137
138
138
139
139
140
140
141
141
142
142
143
143
144
144
145
145
146
146
147
147
148
148
149
149
150
150
151
151
152
152
153
153
154
154
155
155
156
156
157
157
158
158
159
159
160
160
161
161
162
162
163
163
164
164
165
165
166
166
167
167
168
168
169
169
170
170
171
171
172
172
173
173
174
174
175
175
176
176
177
177
178
178
179
179
180
180
181
181
182
182
183
183
184
184
185
185
186
186
187
187
188
188
189
189
190
190
191
191
192
192
193
193
194
194
195
195
196
196
197
197
198
198
199
199
200
200
201
201
202
202
203
203
204
204
205
205
206
206
207
207
208
208
209
209
210
210
211
211
212
212
213
213
214
214
215
215
216
216
217
217
218
218
219
219
220
220
221
221
222
222
223
223
224
224
225
225
226
226
227
227
228
228
229
229
230
230
231
231
232
232
233
233
234
234
235
235
236
236
237
237
238
238
239
239
240
240
241
241
242
242
243
243
244
244
245
245
246
246
247
247
248
248
249
249
250
250
251
251
252
252
253
253
254
254
255
255
256
256
257
257
258
258
259
259
260
260
261
261
262
262
263
263
264
264
265
265
266
266
267
267
268
268
269
269
270
270
271
271
272
272
273
273
274
274
275
275
276
276
277
277
278
278
279
279
280
280
281
281
282
282
283
283
284
284
285
285
286
286
287
287
288
288
289
289
290
290
291
291
292
292
293
293
294
294
295
295
296
296
297
297
298
298
299
299
300
300
301
301
302
302
303
303
304
304
305
305
306
306
307
307
308
308
309
309
310
310
311
311
312
312
313
313
314
314
315
315
316
316
317
317
318
318
319
319
320
320
321
321
322
322
323
323
324
324
325
325
326
326
327
327
328
328
329
329
330
330
331
331
332
332
333
333
334
334
335
335
336
336
337
337
338
338
339
339
340
340
341
341
342
342
343
343
344
344
345
345
346
346
347
347
348
348
349
349
350
350
351
351
352
352
353
353
354
354
355
355
356
356
357
357
358
358
359
359
360
360
361
361
362
362
363
363
364
364
365
365
366
366
367
367
368
368
369
369
370
370
371
371
372
372
373
373
374
374
375
375
376
376
377
377
378
378
379
379
380
380
381
381
382
382
383
383
384
384
385
385
386
386
387
387
388
388
389
389
390
390
391
391
392
392
393
393
394
394
395
395
396
396
397
397
398
398
399
399
400
400
401
401
402
402
403
403
404
404
405
405
406
406
407
407
408
408
409
409
410
410
411
411
412
412
413
413
414
414
415
415
416
416
417
417
418
418
419
419
420
420
421
421
422
422
423
423
424
424
425
425
426
426
427
427
428
428
429
429
430
430
431
431
432
432
433
433
434
434
435
435
436
436
437
437
438
438
439
439
440
440
441
441
442
442
443
443
444
444
445
445
446
446
447
447
448
448
449
449
450
450
451
451
452
452
453
453
454
454
455
455
456
456
457
457
458
458
459
459
460
460
461
461
462
462
463
463
464
464
465
465
466
466
467
467
468
468
469
469
470
470
471
471
472
472
473
473
474
474
475
475
476
476
477
477
478
478
479
479
480
480
481
481
482
482
483
483
484
484
485
485
486
486
487
487
488
488
489
489
490
490
491
491
492
492
493
493
494
494
495
495
496
496
497
497
498
498
499
499
500
500
501
501
502
502
503
503
504
504
505
505
506
506
507
507
508
508
509
509
510
510
511
511
512
512
513
513
514
514
515
515
516
516
517
517
518
518
519
519
520
520
521
521
522
522
523
523
524
524
525
525
526
526
527
527
528
528
529
529
530
530
531
531
532
532
533
533
534
534
535
535
536
536
537
537
538
538
539
539
540
540
541
541
542
542
543
543
544
544
545
545
546
546
547
547
548
548
549
549
550
550
551
551
552
552
553
553
554
554
555
555
556
556
557
557
558
558
559
559
560
560
561
561
562
562
563
563
564
564
565
565
566
566
567
567
568
568
569
569
570
570
571
571
572
572
573
573
574
574
575
575
576
576
577
577
578
578
579
579
580
580
581
581
582
582
583
583
584
584
585
585
586
586
587
587
588
588
589
589
590
590
591
591
592
592
593
593
594
594
595
595
596
596
597
597
598
598
599
599
600
600
601
601
602
602
603
603
604
604
605
605
606
606
607
607
608
608
609
609
610
610
611
611
612
612
613
613
614
614
615
615
616
616
617
617
618
618
619
619
620
620
621
621
622
622
623
623
624
624
625
625
626
626
627
627
628
628
629
629
630
630
631
631
632
632
633
633
634
634
635
635
636
636
637
637
638
638
639
639
640
640
641
641
642
642
643
643
644
644
645
645
646
646
647
647
648
648
649
649
650
650
651
651
652
652
653
653
654
654
655
655
656
656
657
657
658
658
659
659
660
660
661
661
662
662
663
663
664
664
665
665
666
666
667
667
668
668
669
669
670
670
671
671
672
672
673
673
674
674
675
675
676
676
677
677
678
678
679
679
680
680
681
681
682
682
683
683
684
684
685
685
686
686
687
687
688
688
689
689
690
690
691
691
692
692
693
693
694
694
695
695
696
696
697
697
698
698
699
699
700
700
701
701
702
702
703
703
704
704
705
705
706
706
707
707
708
708
709
709
710
710
711
711
712
712
713
713
714
714
715
715
716
716
717
717
718
718
719
719
720
720
721
721
722
722
723
723
724
724
725
725
726
726
727
727
728
728
729
729
730
730
731
731
732
732
733
733
734
734
735
735
736
736
737
737
738
738
739
739
740
740
741
741
742
742
743
743
744
744
745
745
746
746
747
747
748
748
749
749
750
750
751
751
752
752
753
753
754
754
755
755
756
756
757
757
758
758
759
759
760
760
761
761
762
762
763
763
764
764
765
765
766
766
767
767
768
768
769
769
770
770
771
771
772
772
773
773
774
774
775
775
776
776
777
777
778
778
779
779
780
780
781
781
782
782
783
783
784
784
785
785
786
786
787
787
788
788
789
789
790
790
791
791
792
792
793
793
794
794
795
795
796
796
797
797
798
798
799
799
800
800
801
801
802
802
803
803
804
804
805
805
806
806
807
807
808
808
809
809
810
810
811
811
812
812
813
813
814
814
815
815
816
816
817
817
818
818
819
819
820
820
821
821
822
822
823
823
824
824
825
825
826
826
827
827
828
828
829
829
830
830
831
831
832
832
833
833
834
834
835
835
836
836
837
837
838
838
839
839
840
840
841
841
842
842
843
843
844
844
845
845
846
846
847
847
848
848
849
849
850
850
851
851
852
852
853
853
854
854
855
855
856
856
857
857
858
858
859
859
860
860
861
861
862
862
863
863
864
864
865
865
866
866
867
867
868
868
869
869
870
870
871
871
872
872
873
873
874
874
875
875
876
876
877
877
878
878
879
879
880
880
881
881
882
882
883
883
884
884
885
885
886
886
887
887
888
888
889
889
890
890
891
891
892
892
893
893
894
894
895
895
896
896
897
897
898
898
899
899
900
900
901
901
902
902
903
903
904
904
905
905
906
906
907
907
908
908
909
909
910
910
911
911
912
912
913
913
914
914
915
915
916
916
917
917
918
918
919
919
920
920
921
921
922
922
923
923
924
924
925
925
926
926
927
927
928
928
929
929
930
930
931
931
932
932
933
933
934
934
935
935
936
936
937
937
938
938
939
939
940
940
941
941
942
942
943
943
944
944
945
945
946
946
947
947
948
948
949
949
950
950
951
951
952
952
953
953
954
954
955
955
956
956
957
957
958
958
959
959
960
960
961
961
962
962
963
963
964
964
965
965
966
966
967
967
968
968
969
969
970
970
971
971
972
972
973
973
974
974
975
975
976
976
977
977
978
978
979
979
980
980
981
981
982
982
983
983
984
984
985
985
986
986
987
987
988
988
989
989
990
990
991
991
992
992
993
993
994
994
995
995
996
996
997
997
998
998
999
999
1000
1000
1001
1001
1002
1002
1003
1003
1004
1004
1005
1005
1006
1006
1007
1007
1008
1008
1009
1009
1010
1010
1011
1011
1012
1012
1013
1013
1014
1014
1015
1015
1016
1016
1017
1017
1018
1018
1019
1019
1020
1020
1021
1021
1022
1022
1023
1023
1024
1024
1025
1025
1026
1026
1027
1027
1028
1028
1029
1029
1030
1030
1031
1031
1032
1032
1033
1033
1034
1034
1035
1035
1036
1036
1037
1037
1038
1038
1039
1039
1040
1040
1041
1041
1042
1042
1043
1043
1044
1044
1045
1045
1046
1046
1047
1047
1048
1048
1049
1049
1050
1050
1051
1051
1052
1052
1053
1053
1054
1054
1055
1055
1056
1056
1057
1057
1058
1058
1059
1059
1060
1060
1061
1061
1062
1062
1063
1063
1064
1064
1065
1065
1066
1066
1067
1067
1068
1068
1069
1069
1070
1070
1071
1071
1072
1072
1073
1073
1074
1074
1075
1075
1076
1076
1077
1077
1078
1078
1079
1079
1080
1080
1081
1081
1082
1082
1083
1083
1084
1084
1085
1085
1086
1086
1087
1087
1088
1088
1089
1089
1090
1090
1091
1091
1092
1092
1093
1093
1094
1094
1095
1095
1096
1096
1097
1097
1098
1098
1099
1099
1100
1100
1101
1101
1102
1102
1103
1103
1104
1104
1105
1105
1106
1106
1107
1107
1108
1108
1109
1109
1110
1110
1111
1111
1112
1112
1113
1113
1114
1114
1115
1115
1116
1116
1117
1117
1118
1118
1119
1119
1120
1120
1121
1121
1122
1122
1123
1123
1124
1124
1125
1125
1126
1126
1127
1127
1128
1128
1129
1129
1130
1130
1131
1131
1132
1132
1133
1133
1134
1134
1135
1135
1136
1136
1137
1137
1138
1138
1139
1139
1140
1140
1141
1141
1142
1142
1143
1143
1144
1144
1145
1145
1146
1146
1147
1147
1148
1148
1149
1149
1150
1150
1151
1151
1152
1152
1153
1153
1154
1154
1155
1155
1156
1156
1157
1157
1158
1158
1159
1159
1160
1160
1161
1161
1162
1162
1163
1163
1164
1164
1165
1165
1166
1166
1167
1167
1168
1168
1169
1169
1170
1170
1171
1171
1172
1172
1173
1173
1174
1174
1175
1175
1176
1176
1177
1177
1178
1178
1179
1179
1180
1180
1181
1181
1182
1182
1183
1183
1184
1184
1185
1185
1186
1186
1187
1187
1188
1188
1189
1189
1190
1190
1191
1191
1192
1192
1193
1193
1194
1194
1195
1195
1196
1196
1197
1197
1198
1198
1199
1199
1200
1200
1201
1201
1202
1202
1203
1203
1204
1204
1205
1205
1206
1206
1207
1207
1208
1208
1209
1209
1210
1210
1211
1211
1212
1212
1213
1213
1214
1214
1215
1215
1216
1216
1217
1217
1218
1218
1219
1219
1220
1220
1221
1221
1222
1222
1223
1223
1224
1224
1225
1225
1226
1226
1227
1227
1228
1228
1229
1229
1230
1230
1231
1231
1232
1232
1233
1233
1234
1234
1235
1235
1236
1236
1237
1237
1238
1238
1239
1239
1240
1240
1241
1241
1242
1242
1243
1243
1244
1244
1245
1245
1246
1246
1247
1247
1248
1248
1249
1249
1250
1250
1251
1251
1252
1252
1253
1253
1254
1254
1255
1255
1256
1256
1257
1257
1258
1258
1259
1259
1260
1260
1261
1261
1262
1262
1263
1263
1264
1264
1265
1265
1266
1266
1267
1267
1268
1268
1269
1269
1270
1270
1271
1271
1272
1272
1273
1273
1274
1274
1275
1275
1276
1276
1277
1277
1278
1278
1279
1279
1280
1280
1281
1281
1282
1282
1283
1283
1284
1284
1285
1285
1286
1286
1287
1287
1288
1288
1289
1289
1290
1290
1291
1291
1292
1292
1293
1293
1294
1294
1295
1295
1296
1296
1297
1297
1298
1298
1299
1299
1300
1300
1301
1301
1302
1302
1303
1303
1304
1304
1305
1305
1306
1306
1307
1307
1308
1308
1309
1309
1310
1310
1311
1311
1312
1312
1313
1313
1314
1314
1315
1315
1316
1316
1317
1317
1318
1318
1319
1319
1320
1320
1321
1321
1322
1322
1323
1323
1324
1324
1325
1325
1326
1326
1327
1327
1328
1328
1329
1329
1330
1330
1331
1331
1332
1332
1333
1333
1334
1334
1335
1335
1336
1336
1337
1337
1338
1338
1339
1339
1340
1340
1341
1341
1342
1342
1343
1343
1344
1344
1345
1345
1346
1346
1347
1347
1348
1348
1349
1349
1350
1350
1351
1351
1352
1352
1353
1353
1354
1354
1355
1355
1356
1356
1357
1357
1358
1358
1359
1359
1360
1360
1361
1361
1362
1362
1363
1363
1364
1364
1365
1365
1366
1366
1367
1367
1368
1368
1369
1369
1370
1370
1371
1371
1372
1372
1373
1373
1374
1374
1375
1375
1376
1376
1377
1377
1378
1378
1379
1379
1380
1380
1381
1381
1382
1382
1383
1383
1384
1384
1385
1385
1386
1386
1387
1387
1388
1388
1389
1389
1390
1390
1391
1391
1392
1392
1393
1393
1394
1394
1395
1395
1396
1396
1397
1397
1398
1398
1399
1399
1400
1400
1401
1401
1402
1402
1403
1403
1404
1404
1405
1405
1406
1406
1407
1407
1408
1408
1409
1409
1410
1410
1411
1411
1412
1412
1413
1413
1414
1414
1415
1415
1416
1416
1417
1417
1418
1418
1419
1419
1420
1420
1421
1421
1422
1422
1423
1423
1424
1424
1425
1425
1426
1426
1427
1427
1428
1428
1429
1429
1430
1430
1431
1431
1432
1432
1433
1433
1434
1434
1435
1435
1436
1436
1437
1437
1438
1438
1439
1439
1440
1440
1441
1441
1442
1442
1443
1443
1444
1444
1445
1445
1446
1446
1447
1447
1448
1448
1449
1449
1450
1450
1451
1451
1452
1452
1453
1453
1454
1454
1455
1455
1456
1456
1457
1457
1458
1458
1459
1459
1460
1460
1461
1461
1462
1462
1463
1463
1464
1464
1465
1465
1466
1466
1467
1467
1468
1468
1469
1469
1470
1470
1471
1471
1472
1472
1473
1473
1474
1474
1475
1475
1476
1476
1477
1477
1478
1478
1479
1479
1480
1480
1481
1481
1482
1482
1483
1483
1484
1484
1485
1485
1486
1486
1487
1487
1488
1488
1489
1489
1490
1490
1491
1491
1492
1492
1493
1493
1494
1494
1495
1495
1496
1496
1497
1497
1498
1498
1499
1499
1500
1500
1501
1501
1502
1502
1503
1503
1504
1504
1505
1505
1506
1506
1507
1507
1508
1508
1509
1509
1510
1510
1511
1511
1512
1512
1513
1513
1514
1514
1515
1515
1516
1516
1517
1517
1518
1518
1519
1519
1520
1520
1521
1521
1522
1522
1523
1523
1524
1524
1525
1525
1526
1526
1527
1527
1528
1528
1529
1529
1530
1530
1531
1531
1532
1532
1533
1533
1534
1534
1535
1535
1536
1536
1537
1537
1538
1538
1539
1539
1540
1540
1541
1541
1542
1542
1543
1543
1544
1544
1545
1545
1546
1546
1547
1547
1548
1548
1549
1549
1550
1550
1551
1551
1552
1552
1553
1553
1554
1554
1555
1555
1556
1556
1557
1557
1558
1558
1559
1559
1560
1560
1561
1561
1562
1562
1563
1563
1564
1564
1565
1565
1566
1566
1567
1567
1568
1568
1569
1569
1570
1570
1571
1571
1572
1572
1573
1573
1574
1574
1575
1575
1576
1576
1577
1577
1578
1578
1579
1579
1580
1580
1581
1581
1582
1582
1583
1583
1584
1584
1585
1585
1586
1586
1587
1587
1588
1588
1589
1589
1590
1590
1591
1591
1592
1592
1593
1593
1594
1594
1595
1595
1596
1596
1597
1597
1598
1598
1599
1599
1600
1600
1601
1601
1602
1602
1603
1603
1604
1604
1605
1605
1606
1606
1607
1607
1608
1608
1609
1609
1610
1610
1611
1611
1612
1612
1613
1613
1614
1614
1615
1615
1616
1616
1617
1617
1618
1618
1619
1619
1620
1620
1621
1621
1622
1622
1623
1623
1624
1624
1625
1625
1626
1626
1627
1627
1628
1628
1629
1629
1630
1630
1631
1631
1632
1632
1633
1633
1634
1634
1635
1635
1636
1636
1637
1637
1638
1638
1639
1639
1640
1640
1641
1641
1642
1642
1643
1643
1644
1644
1645
1645
1646
1646
1647
1647
1648
1648
1649
1649
1650
1650
1651
1651
1652
1652
1653
1653
1654
1654
1655
1655
1656
1656
1657
1657
1658
1658
1659
1659
1660
1660
1661
1661
1662
1662
1663
1663
1664
1664
1665
1665
1666
1666
1667
1667
1668
1668
1669
1669
1670
1670
1671
1671
1672
1672
1673
1673
1674
1674
1675
1675
1676
1676
1677
1677
1678
1678
1679
1679
1680
1680
1681
1681
1682
1682
1683
1683
1684
1684
1685
1685
1686
1686
1687
1687
1688
1688
1689
1689
1690
1690
1691
1691
1692
1692
1693
1693
1694
1694
1695
1695
1696
1696
1697
1697
1698
1698
1699
1699
1700
1700
1701
1701
1702
1702
1703
1703
1704
1704
1705
1705
1706
1706
1707
1707
1708
1708
1709
1709
1710
1710
1711
1711
1712
1712
1713
1713
1714
1714
1715
1715
1716
1716
1717
1717
1718
1718
1719
1719
1720
1720
1721
1721
1722
1722
1723
1723
1724
1724
1725
1725
1726
1726
1727
1727
1728
1728
1729
1729
1730
1730
1731
1731
1732
1732
1733
1733
1734
1734
1735
1735
1736
1736
1737
1737
1738
1738
1739
1739
1740
1740
1741
1741
1742
1742
1743
1743
1744
1744
1745
1745
1746
1746
1747
1747
1748
1748
1749
1749
1750
1750
1751
1751
1752
1752
1753
1753
1754
1754
1755
1755
1756
1756
1757
1757
1758
1758
1759
1759
1760
1760
1761
1761
1762
1762
1763
1763
1764
1764
1765
1765
1766
1766
1767
1767
1768
1768
1769
1769
1770
1770
1771
1771
1772
1772
1773
1773
1774
1774
1775
1775
1776
1776
1777
1777
1778
1778
1779
1779
1780
1780
1781
1781
1782
1782
1783
1783
1784
1784
1785
1785
1786
1786
1787
1787
1788
1788
1789
1789
1790
1790
1791
1791
1792
1792
1793
1793
1794
1794
1795
1795
1796
1796
1797
1797
1798
1798
1799
1799
1800
1800
1801
1801
1802
1802
1803
1803
1804
1804
1805
1805
1806
1806
1807
1807
1808
1808
1809
1809
1810
1810
1811
1811
1812
1812
1813
1813
1814
1814
1815
1815
1816
1816
1817
1817
1818
1818
1819
1819
1820
1820
1821
1821
1822
1822
1823
1823
1824
1824
1825
1825
1826
1826
1827
1827
1828
1828
1829
1829
1830
1830
1831
1831
1832
1832
1833
1833
1834
1834
1835
1835
1836
1836
1837
1837
1838
1838
1839
1839
1840
1840
1841
1841
1842
1842
1843
1843
1844
1844
1845
1845
1846
1846
1847
1847
1848
1848
1849
1849
1850
1850
1851
1851
1852
1852
1853
1853
1854
1854
1855
1855
1856
1856
1857
1857
1858
1858
1859
1859
1860
1860
1861
1861
1862
1862
1863
1863
1864
1864
1865
1865
1866
1866
1867
1867
1868
1868
1869
1869
1870
1870
1871
1871
1872
1872
1873
1873
1874
1874
1875
1875
1876
1876
1877
1877
1878
1878
1879
1879
1880
1880
1881
1881
1882
1882
1883
1883
1884
1884
1885
1885
1886
1886
1887
1887
1888
1888
1889
1889
1890
1890
1891
1891
1892
1892
1893
1893
1894
1894
1895
1895
1896
1896
1897
1897
1898
1898
1899
1899
1900
1900
1901
1901
1902
1902
1903
1903
1904
1904
1905
1905
1906
1906
1907
1907
1908
1908
1909
1909
1910
1910
1911
1911
1912
1912
1913
1913
1914
1914
1915
1915
1916
1916
1917
1917
1918
1918
1919
1919
1920
1920
1921
1921
1922
1922
1923
1923
1924
1924
1925
1925
1926
1926
1927
1927
1928
1928
1929
1929
1930
1930
1931
1931
1932
1932
1933
1933
1934
1934
1935
1935
1936
1936
1937
1937
1938
1938
1939
1939
1940
1940
1941
1941
1942
1942
1943
1943
1944
1944
1945
1945
1946
1946
1947
1947
1948
1948
1949
1949
1950
1950
1951
1951
1952
1952
1953
1953
1954
1954
1955
1955
1956
1956
1957
1957
1958
1958
1959
1959
1960
1960
1961
1961
1962
1962
1963
1963
1964
1964
1965
1965
1966
1966
1967
1967
1968
1968
1969
1969
1970
1970
1971
1971
1972
1972
1973
1973
1974
1974
1975
1975
1976
1976
1977
1977
1978
1978
1979
1979
1980
1980
1981
1981
1982
1982
1983
1983
1984
1984
1985
1985
1986
1986
1987
1987
1988
1988
1989
1989
1990
1990
1991
1991
1992
1992
1993
1993
1994
1994
1995
1995
1996
1996
1997
1997
1998
1998
1999
1999
2000
2000
2001
2001
2002
2002
2003
2003
2004
2004
2005
2005
2006
2006
2007
2007
2008
2008
2009
2009
2010
2010
2011
2011
2012
2012
2013
2013
2014
2014
2015
2015
2016
2016
2017
2017
2018
2018
2019
2019
2020
2020
2021
2021
2022
2022
2023
2023
2024
2024
2025
2025
2026
2026
2027
2027
2028
2028
2029
2029
2030
2030
2031
2031
2032
2032
2033
2033
2034
2034
2035
2035
2036
2036
2037
2037
2038
2038
2039
2039
2040
2040
2041
2041
2042
2042
2043
2043
2044
2044
2045
2045
2046
2046
2047
2047
2048
2048
2049
2049
2050
2050
2051
2051
2052
2052
2053
2053
2054
2054
2055
2055
2056
2056
2057
2057
2058
2058
2059
2059
2060
2060
2061
2061
2062
2062
2063
2063
2064
2064
2065
2065
2066
2066
2067
2067
2068
2068
2069
2069
2070
2070
2071
2071
2072
2072
2073
2073
2074
2074
2075
2075
2076
2076
2077
2077
2078
2078
2079
2079
2080
2080
2081
2081
2082
2082
2083
2083
2084
2084
2085
2085
2086
2086
2087
2087
2088
2088
2089
2089
2090
2090
2091
2091
2092
2092
2093
2093
2094
2094
2095
2095
2096
2096
2097
2097
2098
2098
2099
2099
2100
2100
2101
2101
2102
2102
2103
2103
2104
2104
2105
2105
2106
2106
2107
2107
2108
2108
2109
2109
2110
2110
2111
2111
2112
2112
2113
2113
2114
2114
2115
2115
2116
2116
2117
2117
2118
2118
2119
2119
2120
2120
2121
2121
2122
2122
2123
2123
2124
2124
2125
2125
2126
2126
2127
2127
2128
2128
2129
2129
2130
2130
2131
2131
2132
2132
2133
2133
2134
2134
2135
2135
2136
2136
2137
2137
2138
2138
2139
2139
2140
2140
2141
2141
2142
2142
2143
2143
2144
2144
2145
2145
2146
2146
2147
2147
2148
2148
2149
2149
2150
2150
2151
2151
2152
2152
2153
2153
2154
2154
2155
2155
2156
2156
2157
2157
2158
2158
2159
2159
2160
2160
2161
2161
2162
2162
2163
2163
2164
2164
2165
2165
2166
2166
2167
2167
2168
2168
2169
2169
2170
2170
2171
2171
2172
2172
2173
2173
2174
2174
2175
2175
2176
2176
2177
2177
2178
2178
2179
2179
2180
2180
2181
2181
2182
2182
2183
2183
2184
2184
2185
2185
2186
2186
2187
2187
2188
2188
2189
2189
2190
2190
2191
2191
2192
2192
2193
2193
2194
2194
2195
2195
2196
2196
2197
2197
2198
2198
2199
2199
2200
2200
2201
2201
2202
2202
2203
2203
2204
2204
2205
2205
2206
2206
2207
2207
2208
2208
2209
2209
2210
2210
2211
2211
2212
2212
2213
2213
2214
2214
2215
2215
2216
2216
2217
2217
2218
2218
2219
2219
2220
2220
2221
2221
2222
2222
2223
2223
2224
2224
2225
2225
2226
2226
2227
2227
2228
2228
2229
2229
2230
2230
2231
2231
2232
2232
2233
2233
2234
2234
2235
2235
2236
2236
2237
2237
2238
2238
2239
2239
2240
2240
2241
2241
2242
2242
2243
2243
2244
2244
2245
2245
2246
2246
2247
2247
2248
2248
2249
2249
2250
2250
2251
2251
2252
2252
2253
2253
2254
2254
2255
2255
2256
2256
2257
2257
2258
2258
2259
2259
2260
2260
2261
2261
2262
2262
2263
2263
2264
2264
2265
2265
2266
2266
2267
2267
2268
2268
2269
2269
2270
2270
2271
2271
2272
2272
2273
2273
2274
2274
2275
2275
2276
2276
2277
2277
2278
2278
2279
2279
2280
2280
2281
2281
2282
2282
2283
2283
2284
2284
2285
2285
2286
2286
2287
2287
2288
2288
2289
2289
2290
2290
2291
2291
2292
2292
2293
2293
2294
2294
2295
2295
2296
2296
2297
2297
2298
2298
2299
2299
2300
2300
2301
2301
2302
2302
2303
2303
2304
2304
2305
2305
2306
2306
2307
2307
2308
2308
2309
2309
2310
2310
2311
2311
2312
2312
2313
2313
2314
2314
2315
2315
2316
2316
2317
2317
2318
2318
2319
2319
2320
2320
2321
2321
2322
2322
2323
2323
2324
2324
2325
2325
2326
2326
2327
2327
2328
2328
2329
2329
2330
2330
2331
2331
2332
2332
2333
2333
2334
2334
2335
2335
2336
2336
2337
2337
2338
2338
2339
2339
2340
2340
2341
2341
2342
2342
2343
2343
2344
2344
2345
2345
2346
2346
2347
2347
2348
2348
2349
2349
2350
2350
2351
2351
2352
2352
2353
2353
2354
2354
2355
2355
2356
2356
2357
2357
2358
2358
2359
2359
2360
2360
2361
2361
2362
2362
2363
2363
2364
2364
2365
2365
2366
2366
2367
2367
2368
2368
2369
2369
2370
2370
2371
2371
2372
2372
2373
2373
2374
2374
2375
2375
2376
2376
2377
2377
2378
2378
2379
2379
2380
2380
2381
2381
2382
2382
2383
2383
2384
2384
2385
2385
2386
2386
2387
2387
2388
2388
2389
2389
2390
2390
2391
2391
2392
2392
2393
2393
2394
2394
2395
2395
2396
2396
2397
2397
2398
2398
2399
2399
2400
2400
2401
2401
2402
2402
2403
2403
2404
2404
2405
2405
2406
2406
2407
2407
2408
2408
2409
2409
2410
2410
2411
2411
2412
2412
2413
2413
2414
2414
2415
2415
2416
2416
2417
2417
2418
2418
2419
2419
2420
2420
2421
2421
2422
2422
2423
2423
2424
2424
2425
2425
2426
2426
2427
2427
2428
2428
2429
2429
2430
2430
2431
2431
2432
2432
2433
2433
2434
2434
2435
2435
2436
2436
2437
2437
2438
2438
2439
2439
2440
2440
2441
2441
2442
2442
2443
2443
2444
2444
2445
2445
2446
2446
2447
2447
2448
2448
2449
2449
2450
2450
2451
2451
2452
2452
2453
2453
2454
2454
2455
2455
2456
2456
2457
2457
2458
2458
2459
2459
2460
2460
2461
2461
2462
2462
2463
2463
2464
2464
2465
2465
2466
2466
2467
2467
2468
2468
2469
2469
2470
2470
2471
2471
2472
2472
2473
2473
2474
2474
2475
2475
2476
2476
2477
2477
2478
2478
2479
2479
2480
2480
2481
2481
2482
2482
2483
2483
2484
2484
2485
2485
2486
2486
2487
2487
2488
2488
2489
2489
2490
2490
2491
2491
2492
2492
2493
2493
2494
2494
2495
2495
2496
2496
2497
2497
2498
2498
2499
2499
2500
2500
2501
2501
2502
2502
2503
2503
2504
2504
2505
2505
2506
2506
2507
2507
2508
2508
2509
2509
2510
2510
2511
2511
2512
2512
2513
2513
2514
2514
2515
2515
2516
2516
2517
2517
2518
2518
2519
2519
2520
2520
2521
2521
2522
2522
2523
2523
2524
2524
2525
2525
2526
2526
2527
2527
2528
2528
2529
2529
2530
2530
2531
2531
2532
2532
2533
2533
2534
2534
2535
2535
2536
2536
2537
2537
2538
2538
2539
2539
2540
2540
2541
2541
2542
2542
2543
2543
2544
2544
2545
2545
2546
2546
2547
2547
2548
2548
2549
2549
2550
2550
2551
2551
2552
2552
2553
2553
2554
2554
2555
2555
2556
2556
2557
2557
2558
2558
2559
2559
2560
2560
2561
2561
2562
2562
2563
2563
2564
2564
2565
2565
2566
2566
2567
2567
2568
2568
2569
2569
2570
2570
2571
2571
2572
2572
2573
2573
2574
2574
2575
2575
2576
2576
2577
2577
2578
2578
2579
2579
2580
2580
2581
2581
2582
2582
2583
2583
2584
2584
2585
2585
2586
2586
2587
2587
2588
2588
2589
2589
2590
2590
2591
2591
2592
2592
2593
2593
2594
2594
2595
2595
2596
2596
2597
2597
2598
2598
2599
2599
2600
2600
2601
2601
2602
2602
2603
2603
2604
2604
2605
2605
2606
2606
2607
2607
2608
2608
2609
2609
2610
2610
2611
2611
2612
2612
2613
2613
2614
2614
2615
2615
2616
2616
2617
2617
2618
2618
2619
2619
2620
2620
2621
2621
2622
2622
2623
2623
2624
2624
2625
2625
2626
2626
2627
2627
2628
2628
2629
2629
2630
2630
2631
2631
2632
2632
2633
2633
2634
2634
2635
2635
2636
2636
2637
2637
2638
2638
2639
2639
2640
2640
2641
2641
2642
2642
2643
2643
2644
2644
2645
2645
2646
2646
2647
2647
2648
2648
2649
2649
2650
2650
2651
2651
2652
2652
2653
2653
2654
2654
2655
2655
2656
2656
2657
2657
2658
2658
2659
2659
2660
2660
2661
2661
2662
2662
2663
2663
2664
2664
2665
2665
2666
2666
2667
2667
2668
2668
2669
2669
2670
2670
2671
2671
2672
2672
2673
2673
2674
2674
2675
2675
2676
2676
2677
2677
2678
2678
2679
2679
2680
2680
2681
2681
2682
2682
2683
2683
2684
2684
2685
2685
2686
2686
2687
2687
2688
2688
2689
2689
2690
2690
2691
2691
2692
2692
2693
2693
2694
2694
2695
2695
2696
2696
2697
2697
2698
2698
2699
2699
2700
2700
2701
2701
2702
2702
2703
2703
2704
2704
2705
2705
2706
2706
2707
2707
2708
2708
2709
2709
2710
2710
2711
2711
2712
2712
2713
2713
2714
2714
2715
2715
2716
2716
2717
2717
2718
2718
2719
2719
2720
2720
2721
2721
2722
2722
2723
2723
2724
2724
2725
2725
2726
2726
2727
2727
2728
2728
2729
2729
2730
2730
2731
2731
2732
2732
2733
2733
2734
2734
2735
2735
2736
2736
2737
2737
2738
2738
2739
2739
2740
2740
2741
2741
2742
2742
2743
2743
2744
2744
2745
2745
2746
2746
2747
2747
2748
2748
2749
2749
2750
2750
2751
2751
2752
2752
2753
2753
2754
2754
2755
2755
2756
2756
2757
2757
2758
2758
2759
2759
2760
2760
2761
2761
2762
2762
2763
2763
2764
2764
2765
2765
2766
2766
2767
2767
2768
2768
2769
2769
2770
2770
2771
2771
2772
2772
2773
2773
2774
2774
2775
2775
2776
2776
2777
2777
2778
2778
2779
2779
2780
2780
2781
2781
2782
2782
2783
2783
2784
2784
2785
2785
2786
2786
2787
2787
2788
2788
2789
2789
2790
2790
2791
2791
2792
2792
2793
2793
2794
2794
2795
2795
2796
2796
2797
2797
2798
2798
2799
2799
2800
2800
2801
2801
2802
2802
2803
2803
2804
2804
2805
2805
2806
2806
2807
2807
2808
2808
2809
2809
2810
2810
2811
2811
2812
2812
2813
2813
2814
2814
2815
2815
2816
2816
2817
2817
2818
2818
2819
2819
2820
2820
2821
2821
2822
2822
2823
2823
2824
2824
2825
2825
2826
2826
2827
2827
2828
2828
2829
2829
2830
2830
2831
2831
2832
2832
2833
2833
2834
2834
2835
2835
2836
2836
2837
2837
2838
2838
2839
2839
2840
2840
2841
2841
2842
2842
2843
2843
2844
2844
2845
2845
2846
2846
2847
2847
2848
2848
2849
2849
2850
2850
2851
2851
2852
2852
2853
2853
2854
2854
2855
2855
2856
2856
2857
2857
2858
2858
2859
2859
2860
2860
2861
2861
2862
2862
2863
2863
2864
2864
2865
2865
2866
2866
2867
2867
2868
2868
2869
2869
2870
2870
2871
2871
2872
2872
2873
2873
2874
2874
2875
2875
2876
2876
2877
2877
2878
2878
2879
2879
2880
2880
2881
2881
2882
2882
2883
2883
2884
2884
2885
2885
2886
2886
2887
2887
2888
2888
2889
2889
2890
2890
2891
2891
2892
2892
2893
2893
2894
2894
2895
2895
2896
2896
2897
2897
2898
2898
2899
2899
2900
2900
2901
2901
2902
2902
2903
2903
2904
2904
2905
2905
2906
2906
2907
2907
2908
2908
2909
2909
2910
2910
2911
2911
2912
2912
2913
2913
2914
2914
2915
2915
2916
2916
2917
2917
2918
2918
2919
2919
2920
2920
2921
2921
2922
2922
2923
2923
2924
2924
2925
2925
2926
2926
2927
2927
2928
2928
2929
2929
2930
2930
2931
2931
2932
2932
2933
2933
2934
2934
2935
2935
2936
2936
2937
2937
2938
2938
2939
2939
2940
2940
2941
2941
2942
2942
2943
2943
2944
2944
2945
2945
2946
2946
2947
2947
2948
2948
2949
2949
2950
2950
2951
2951
2952
2952
2953
2953
2954
2954
2955
2955
2956
2956
2957
2957
2958
2958
2959
2959
2960
2960
2961
2961
2962
2962
2963
2963
2964
2964
2965
2965
2966
2966
2967
2967
2968
2968
2969
2969
2970
2970
2971
2971
2972
2972
2973
2973
2974
2974
2975
2975
2976
2976
2977
2977
2978
2978
2979
2979
2980
2980
2981
2981
2982
2982
2983
2983
2984
2984
2985
2985
2986
2986
2987
2987
2988
2988
2989
2989
2990
2990
2991
2991
2992
2992
2993
2993
2994
2994
2995
2995
2996
2996
2997
2997
2998
2998
2999
2999
3000
3000
3001
3001
3002
3002
3003
3003
3004
3004
3005
3005
3006
3006
3007
3007
3008
3008
3009
3009
3010
3010
3011
3011
3012
3012
3013
3013
3014
3014
3015
3015
3016
3016
3017
3017
3018
3018
3019
3019
3020
3020
3021
3021
3022
3022
3023
3023
3024
3024
3025
3025
3026
3026
3027
3027
3028
3028
3029
3029
3030
3030
3031
3031
3032
3032
3033
3033
3034
3034
3035
3035
3036
3036
3037
3037
3038
3038
3039
3039
3040
3040
3041
3041
3042
3042
3043
3043
3044
3044
3045
3045
3046
3046
3047
3047
3048
3048
3049
3049
3050
3050
3051
3051
3052
3052
3053
3053
3054
3054
3055
3055
3056
3056
3057
3057
3058
3058
3059
3059
3060
3060
3061
3061
3062
3062
3063
3063
3064
3064
3065
3065
3066
3066
3067
3067
3068
3068
3069
3069
3070
3070
3071
3071
3072
3072
3073
3073
3074
3074
3075
3075
3076
3076
3077
3077
3078
3078
3079
3079
3080
3080
3081
3081
3082
3082
3083
3083
3084
3084
3085
3085
3086
3086
3087
3087
3088
3088
3089
3089
3090
3090
3091
3091
3092
3092
3093
3093
3094
3094
3095
3095
3096
3096
3097
3097
3098
3098
3099
3099
3100
3100
3101
3101
3102
3102
3103
3103
3104
3104
3105
3105
3106
3106
3107
3107
3108
3108
3109
3109
3110
3110
3111
3111
3112
3112
3113
3113
3114
3114
3115
3115
3116
3116
3117
3117
3118
3118
3119
3119
3120
3120
3121
3121
3122
3122
3123
3123
3124
3124
3125
3125
3126
3126
3127
3127
3128
3128
3129
3129
3130
3130
3131
3131
3132
3132
3133
3133
3134
3134
3135
3135
3136
3136
3137
3137
3138
3138
3139
3139
3140
3140
3141
3141
3142
3142
3143
3143
3144
3144
3145
3145
3146
3146
3147
3147
3148
3148
3149
3149
3150
3150
3151
3151
3152
3152
3153
3153
3154
3154
3155
3155
3156
3156
3157
3157
3158
3158
3159
3159
3160
3160
3161
3161
3162
3162
3163
3163
3164
3164
3165
3165
3166
3166
3167
3167
3168
3168
3169
3169
3170
3170
3171
3171
3172
3172
3173
3173
3174
3174
3175
3175
3176
3176
3177
3177
3178
3178
3179
3179
3180
3180
3181
3181
3182
3182
3183
3183
3184
3184
3185
3185
3186
3186
3187
3187
3188
3188
3189
3189
3190
3190
3191
3191
3192
3192
3193
3193
3194
3194
3195
3195
3196
3196
3197
3197
3198
3198
3199
3199
3200
3200
3201
3201
3202
3202
3203
3203
3204
3204
3205
3205
3206
3206
3207
3207
3208
3208
3209
3209
3210
3210
3211
3211
3212
3212
3213
3213
3214
3214
3215
3215
3216
3216
3217
3217
3218
3218
3219
3219
3220
3220
3221
3221
3222
3222
3223
3223
3224
3224
3225
3225
3226
3226
3227
3227
3228
3228
3229
3229
3230
3230
3231
3231
3232
3232
3233
3233
3234
3234
3235
3235
3236
3236
3237
3237
3238
3238
3239
3239
3240
3240
3241
3241
3242
3242
3243
3243
3244
3244
3245
3245
3246
3246
3247
3247
3248
3248
3249
3249
3250
3250
3251
3251
3252
3252
3253
3253
3254
3254
3255
3255
3256
3256
3257
3257
3258
3258
3259
3259
3260
3260
3261
3261
3262
3262
3263
3263
3264
3264
3265
3265
3266
3266
3267
3267
3268
3268
3269
3269
3270
3270
3271
3271
3272
3272
3273
3273
3274
3274
3275
3275
3276
3276
3277
3277
3278
3278
3279
3279
3280
3280
3281
3281
3282
3282
3283
3283
3284
3284
3285
3285
3286
3286
3287
3287
3288
3288
3289
3289
3290
3290
3291
3291
3292
3292
3293
3293
3294
3294
3295
3295
3296
3296
3297
3297
3298
3298
3299
3299
3300
3300
3301
3301
3302
3302
3303
3303
3304
3304
3305
3305
3306
3306
3307
3307
3308
3308
3309
3309
3310
3310
3311
3311
3312
3312
3313
3313
3314
3314
3315
3315
3316
3316
3317
3317
3318
3318
3319
3319
3320
3320
3321
3321
3322
3322
3323
3323
3324
3324
3325
3325
3326
3326
3327
3327
3328
3328
3329
3329
3330
3330
3331
3331
3332
3332
3333
3333
3334
3334
3335
3335
3336
3336
3337
3337
3338
3338
3339
3339
3340
3340
3341
3341
3342
3342
3343
3343
3344
3344
3345
3345
3346
3346
3347
3347
3348
3348
3349
3349
3350
3350
3351
3351
3352
3352
3353
3353
3354
3354
3355
3355
3356
3356
3357
3357
3358
3358
3359
3359
3360
3360
3361
3361
3362
3362
3363
3363
3364
3364
3365
3365
3366
3366
3367
3367
3368
3368
3369
3369
3370
3370
3371
3371
3372
3372
3373
3373
3374
3374
3375
3375
3376
3376
3377
3377
3378
3378
3379
3379
3380
3380
3381
3381
3382
3382
3383
3383
3384
3384
3385
3385
3386
3386
3387
3387
3388
3388
3389
3389
3390
3390
3391
3391
3392
3392
3393
3393
3394
3394
3395
3395
3396
3396
3397
3397
3398
3398
3399
3399
3400
3400
3401
3401
3402
3402
3403
3403
3404
3404
3405
3405
3406
3406
3407
3407
3408
3408
3409
3409
3410
3410
3411
3411
3412
3412
3413
3413
3414
3414
3415
3415
3416
3416
3417
3417
3418
3418
3419
3419
3420
3420
3421
3421
3422
3422
3423
3423
3424
3424
3425
3425
3426
3426
3427
3427
3428
3428
3429
3429
3430
3430
3431
3431
3432
3432
3433
3433
3434
3434
3435
3435
3436
3436
3437
3437
3438
3438
3439
3439
3440
3440
3441
3441
3442
3442
3443
3443
3444
3444
3445
3445
3446
3446
3447
3447
3448
3448
3449
3449
3450
3450
3451
3451
3452
3452
3453
3453
3454
3454
3455
3455
3456
3456
3457
3457
3458
3458
3459
3459
3460
3460
3461
3461
3462
3462
3463
3463
3464
3464
3465
3465
3466
3466
3467
3467
3468
3468
3469
3469
3470
3470
3471
3471
3472
3472
3473
3473
3474
3474
3475
3475
3476
3476
3477
3477
3478
3478
3479
3479
3480
3480
3481
3481
3482
3482
3483
3483
3484
3484
3485
3485
3486
3486
3487
3487
3488
3488
3489
3489
3490
3490
3491
3491
3492
3492
3493
3493
3494
3494
3495
3495
3496
3496
3497
3497
3498
3498
3499
3499
3500
3500
3501
3501
3502
3502
3503
3503
3504
3504
3505
3505
3506
3506
3507
3507
3508
3508
3509
3509
3510
3510
3511
3511
3512
3512
3513
3513
3514
3514
3515
3515
3516
3516
3517
3517
3518
3518
3519
3519
3520
3520
3521
3521
3522
3522
3523
3523
3524
3524
3525
3525
3526
3526
3527
3527
3528
3528
3529
3529
3530
3530
3531
3531
3532
3532
3533
3533
3534
3534
3535
3535
3536
3536
3537
3537
3538
3538
3539
3539
3540
3540
3541
3541
3542
3542
3543
3543
3544
3544
3545
3545
3546
3546
3547
3547
3548
3548
3549
3549
3550
3550
3551
3551
3552
3552
3553
3553
3554
3554
3555
3555
3556
3556
3557
3557
3558
3558
3559
3559
3560
3560
3561
3561
3562
3562
3563
3563
3564
3564
3565
3565
3566
3566
3567
3567
3568
3568
3569
3569
3570
3570
3571
3571
3572
3572
3573
3573
3574
3574
3575
3575
3576
3576
3577
3577
3578
3578
3579
3579
3580
3580
3581
3581
3582
3582
3583
3583
3584
3584
3585
3585
3586
3586
3587
3587
3588
3588
3589
3589
3590
3590
3591
3591
3592
3592
3593
3593
3594
3594
3595
3595
3596
3596
3597
3597
3598
3598
3599
3599
3600
3600
3601
3601
3602
3602
3603
3603
3604
3604
3605
3605
3606
3606
3607
3607
3608
3608
3609
3609
3610
3610
3611
3611
3612
3612
3613
3613
3614
3614
3615
3615
3616
3616
3617
3617
3618
3618
3619
3619
3620
3620
3621
3621
3622
3622
3623
3623
3624
3624
3625
3625
3626
3626
3627
3627
3628
3628
3629
3629
3630
3630
3631
3631
3632
3632
3633
3633
3634
3634
3635
3635
3636
3636
3637
3637
3638
3638
3639
3639
3640
3640
3641
3641
3642
3642
3643
3643
3644
3644
3645
3645
3646
3646
3647
3647
3648
3648
3649
3649
3650
3650
3651
3651
3652
3652
3653
3653
3654
3654
3655
3655
3656
3656
3657
3657
3658
3658
3659
3659
3660
3660
3661
3661
3662
3662
3663
3663
3664
3664
3665
3665
3666
3666
3667
3667
3668
3668
3669
3669
3670
3670
3671
3671
3672
3672
3673
3673
3674
3674
3675
3675
3676
3676
3677
3677
3678
3678
3679
3679
3680
3680
3681
3681
3682
3682
3683
3683
3684
3684
3685
3685
3686
3686
3687
3687
3688
3688
3689
3689
3690
3690
3691
3691
3692
3692
3693
3693
3694
3694
3695
3695
3696
3696
3697
3697
3698
3698
3699
3699
3700
3700
3701
3701
3702
3702
3703
3703
3704
3704
3705
3705
3706
3706
3707
3707
3708
3708
3709
3709
3710
3710
3711
3711
3712
3712
3713
3713
3714
3714
3715
3715
3716
3716
3717
3717
3718
3718
3719
3719
3720
3720
3721
3721
3722
3722
3723
3723
3724
3724
3725
3725
3726
3726
3727
3727
3728
3728
3729
3729
3730
3730
3731
3731
3732
3732
3733
3733
3734
3734
3735
3735
3736
3736
3737
3737
3738
3738
3739
3739
3740
3740
3741
3741
3742
3742
3743
3743
3744
3744
3745
3745
3746
3746
3747
3747
3748
3748
3749
3749
3750
3750
3751
3751
3752
3752
3753
3753
3754
3754
3755
3755
3756
3756
3757
3757
3758
3758
3759
3759
3760
3760
3761
3761
3762
3762
3763
3763
3764
3764
3765
3765
3766
3766
3767
3767
3768
3768
3769
3769
3770
3770
3771
3771
3772
3772
3773
3773
3774
3774
3775
3775
3776
3776
3777
3777
3778
3778
3779
3779
3780
3780
3781
3781
3782
3782
3783
3783
3784
3784
3785
3785
3786
3786
3787
3787
3788
3788
3789
3789
3790
3790
3791
3791
3792
3792
3793
3793
3794
3794
3795
3795
3796
3796
3797
3797
3798
3798
3799
3799
3800
3800
3801
3801
3802
3802
3803
3803
3804
3804
3805
3805
3806
3806
3807
3807
3808
3808
3809
3809
3810
3810
3811
3811
3812
3812
3813
3813
3814
3814
3815
3815
3816
3816
3817
3817
3818
3818
3819
3819
3820
3820
3821
3821
3822
3822
3823
3823
3824
3824
3825
3825
3826
3826
3827
3827
3828
3828
3829
3829
3830
3830
3831
3831
3832
3832
3833
3833
3834
3834
3835
3835
3836
3836
3837
3837
3838
3838
3839
3839
3840
3840
3841
3841
3842
3842
3843
3843
3844
3844
3845
3845
3846
3846
3847
3847
3848
3848
3849
3849
3850
3850
3851
3851
3852
3852
3853
3853
3854
3854
3855
3855
3856
3856
3857
3857
3858
3858
3859
3859
3860
3860
3861
3861
3862
3862
3863
3863
3864
3864
3865
3865
3866
3866
3867
3867
3868
3868
3869
3869
3870
3870
3871
3871
3872
3872
3873
3873
3874
3874
3875
3875
3876
3876
3877
3877
3878
3878
3879
3879
3880
3880
3881
3881
3882
3882
3883
3883
3884
3884
3885
3885
3886
3886
3887
3887
3888
3888
3889
3889
3890
3890
3891
3891
3892
3892
3893
3893
3894
3894
3895
3895
3896
3896
3897
3897
3898
3898
3899
3899
3900
3900
3901
3901
3902
3902
3903
3903
3904
3904
3905
3905
3906
3906
3907
3907
3908
3908
3909
3909
3910
3910
3911
3911
3912
3912
3913
3913
3914
3914
3915
3915
3916
3916
3917
3917
3918
3918
3919
3919
3920
3920
3921
3921
3922
3922
3923
3923
3924
3924
3925
3925
3926
3926
3927
3927
3928
3928
3929
3929
3930
3930
3931
3931
3932
3932
3933
3933
3934
3934
3935
3935
3936
3936
3937
3937
3938
3938
3939
3939
3940
3940
3941
3941
3942
3942
3943
3943
3944
3944
3945
3945
3946
3946
3947
3947
3948
3948
3949
3949
3950
3950
3951
3951
3952
3952
3953
3953
3954
3954
3955
3955
3956
3956
3957
3957
3958
3958
3959
3959
3960
3960
3961
3961
3962
3962
3963
3963
3964
3964
3965
3965
3966
3966
3967
3967
3968
3968
3969
3969
3970
3970
3971
3971
3972
3972
3973
3973
3974
3974
3975
3975
3976
3976
3977
3977
3978
3978
3979
3979
3980
3980
3981
3981
3982
3982
3983
3983
3984
3984
3985
3985
3986
3986
3987
3987
3988
3988
3989
3989
3990
3990
3991
3991
3992
3992
3993
3993
3994
3994
3995
3995
3996
3996
3997
3997
3998
3998
3999
3999
4000
4000
4001
4001
4002
4002
4003
4003
4004
4004
4005
4005
4006
4006
4007
4007
4008
4008
4009
4009
4010
4010
4011
4011
4012
4012
4013
4013
4014
4014
4015
4015
4016
4016
4017
4017
4018
4018
4019
4019
4020
4020
4021
4021
4022
4022
4023
4023
4024
4024
4025
4025
4026
4026
4027
4027
4028
4028
4029
4029
4030
4030
4031
4031
4032
4032
4033
4033
4034
4034
4035
4035
4036
4036
4037
4037
4038
4038
4039
4039
4040
4040
4041
4041
4042
4042
4043
4043
4044
4044
4045
4045
4046
4046
4047
4047
4048
4048
4049
4049
4050
4050
4051
4051
4052
4052
4053
4053
4054
4054
4055
4055
4056
4056
4057
4057
4058
4058
4059
4059
4060
4060
4061
4061
4062
4062
4063
4063
4064
4064
4065
4065
4066
4066
4067
4067
4068
4068
4069
4069
4070
4070
4071
4071
4072
4072
4073
4073
4074
4074
4075
4075
4076
4076
4077
4077
4078
4078
4079
4079
4080
4080
4081
4081
4082
4082
4083
4083
4084
4084
4085
4085
4086
4086
4087
4087
4088
4088
4089
4089
4090
4090
4091
4091
4092
4092
4093
4093
4094
4094
4095
4095
4096
4096
4097
4097
4098
4098
4099
4099
4100
4100
4101
4101
4102
4102
4103
4103
4104
4104
4105
4105
4106
4106
4107
4107
4108
4108
4109
4109
4110
4110
4111
4111
4112
4112
4113
4113
4114
4114
4115
4115
4116
4116
4117
4117
4118
4118
4119
4119
4120
4120
4121
4121
4122
4122
4123
4123
4124
4124
4125
4125
4126
4126
4127
4127
4128
4128
4129
4129
4130
4130
4131
4131
4132
4132
4133
4133
4134
4134
4135
4135
4136
4136
4137
4137
4138
4138
4139
4139
4140
4140
4141
4141
4142
4142
4143
4143
4144
4144
4145
4145
4146
4146
4147
4147
4148
4148
4149
4149
4150
4150
4151
4151
4152
4152
4153
4153
4154
4154
4155
4155
4156
4156
4157
4157
4158
4158
4159
4159
4160
4160
4161
4161
4162
4162
4163
4163
4164
4164
4165
4165
4166
4166
4167
4167
4168
4168
4169
4169
4170
4170
4171
4171
4172
4172
4173
4173
4174
4174
4175
4175
4176
4176
4177
4177
4178
4178
4179
4179
4180
4180
4181
4181
4182
4182
4183
4183
4184
4184
4185
4185
4186
4186
4187
4187
4188
4188
4189
4189
4190
4190
4191
4191
4192
4192
4193
4193
4194
4194
4195
4195
4196
4196
4197
4197
4198
4198
4199
4199
4200
4200
4201
4201
4202
4202
4203
4203
4204
4204
4205
4205
4206
4206
4207
4207
4208
4208
4209
4209
4210
4210
4211
4211
4212
4212
4213
4213
4214
4214
4215
4215
4216
4216
4217
4217
4218
4218
4219
4219
4220
4220
4221
4221
4222
4222
4223
4223
4224
4224
4225
4225
4226
4226
4227
4227
4228
4228
4229
4229
4230
4230
4231
4231
4232
4232
4233
4233
4234
4234
4235
4235
4236
4236
4237
4237
4238
4238
4239
4239
4240
4240
4241
4241
4242
4242
4243
4243
4244
4244
4245
4245
4246
4246
4247
4247
4248
4248
4249
4249
4250
4250
4251
4251
4252
4252
4253
4253
4254
4254
4255
4255
4256
4256
4257
4257
4258
4258
4259
4259
4260
4260
4261
4261
4262
4262
4263
4263
4264
4264
4265
4265
4266
4266
4267
4267
4268
4268
4269
4269
4270
4270
4271
4271
4272
4272
4273
4273
4274
4274
4275
4275
4276
4276
4277
4277
4278
4278
4279
4279
4280
4280
4281
4281
4282
4282
4283
4283
4284
4284
4285
4285
4286
4286
4287
4287
4288
4288
4289
4289
4290
4290
4291
4291
4292
4292
4293
4293
4294
4294
4295
4295
4296
4296
4297
4297
4298
4298
4299
4299
4300
4300
4301
4301
4302
4302
4303
4303
4304
4304
4305
4305
4306
4306
4307
4307
4308
4308
4309
4309
4310
4310
4311
4311
4312
4312
4313
4313
4314
4314
4315
4315
4316
4316
4317
4317
4318
4318
4319
4319
4320
4320
4321
4321
4322
4322
4323
4323
4324
4324
4325
4325
4326
4326
4327
4327
4328
4328
4329
4329
4330
4330
4331
4331
4332
4332
4333
4333
4334
4334
4335
4335
4336
4336
4337
4337
4338
4338
4339
4339
4340
4340
4341
4341
4342
4342
4343
4343
4344
4344
4345
4345
4346
4346
4347
4347
4348
4348
4349
4349
4350
4350
4351
4351
4352
4352
4353
4353
4354
4354
4355
4355
4356
4356
4357
4357
4358
4358
4359
4359
4360
4360
4361
4361
4362
4362
4363
4363
4364
4364
4365
4365
4366
4366
4367
4367
4368
4368
4369
4369
4370
4370
4371
4371
4372
4372
4373
4373
4374
4374
4375
4375
4376
4376
4377
4377
4378
4378
4379
4379
4380
4380
4381
4381
4382
4382
4383
4383
4384
4384
4385
4385
4386
4386
4387
4387
4388
4388
4389
4389
4390
4390
4391
4391
4392
4392
4393
4393
4394
4394
4395
4395
4396
4396
4397
4397
4398
4398
4399
4399
4400
4400
4401
4401
4402
4402
4403
4403
4404
4404
4405
4405
4406
4406
4407
4407
4408
4408
4409
4409
4410
4410
4411
4411
4412
4412
4413
4413
4414
4414
4415
4415
4416
4416
4417
4417
4418
4418
4419
4419
4420
4420
4421
4421
4422
4422
4423
4423
4424
4424
4425
4425
4426
4426
4427
4427
4428
4428
4429
4429
4430
4430
4431
4431
4432
4432
4433
4433
4434
4434
4435
4435
4436
4436
4437
4437
4438
4438
4439
4439
4440
4440
4441
4441
4442
4442
4443
4443
4444
4444
4445
4445
4446
4446
4447
4447
4448
4448
4449
4449
4450
4450
4451
4451
4452
4452
4453
4453
4454
4454
4455
4455
4456
4456
4457
4457
4458
4458
4459
4459
4460
4460
4461
4461
4462
4462
4463
4463
4464
4464
4465
4465
4466
4466
4467
4467
4468
4468
4469
4469
4470
4470
4471
4471
4472
4472
4473
4473
4474
4474
4475
4475
4476
4476
4477
4477
4478
4478
4479
4479
4480
4480
4481
4481
4482
4482
4483
4483
4484
4484
4485
4485
4486
4486
4487
4487
4488
4488
4489
4489
4490
4490
4491
4491
4492
4492
4493
4493
4494
4494
4495
4495
4496
4496
4497
4497
4498
4498
4499
4499
4500
4500
4501
4501
4502
4502
4503
4503
4504
4504
4505
4505
4506
4506
4507
4507
4508
4508
4509
4509
4510
4510
4511
4511
4512
4512
4513
4513
4514
4514
4515
4515
4516
4516
4517
4517
4518
4518
4519
4519
4520
4520
4521
4521
4522
4522
4523
4523
4524
4524
4525
4525
4526
4526
4527
4527
4528
4528
4529
4529
4530
4530
4531
4531
4532
4532
4533
4533
4534
4534
4535
4535
4536
4536
4537
4537
4538
4538
4539
4539
4540
4540
4541
4541
4542
4542
4543
4543
4544
4544
4545
4545
4546
4546
4547
4547
4548
4548
4549
4549
4550
4550
4551
4551
4552
4552
4553
4553
4554
4554
4555
4555
4556
4556
4557
4557
4558
4558
4559
4559
4560
4560
4561
4561
4562
4562
4563
4563
4564
4564
4565
4565
4566
4566
4567
4567
4568
4568
4569
4569
4570
4570
4571
4571
4572
4572
4573
4573
4574
4574
4575
4575
4576
4576
4577
4577
4578
4578
4579
4579
4580
4580
4581
4581
4582
4582
4583
4583
4584
4584
4585
4585
4586
4586
4587
4587
4588
4588
4589
4589
4590
4590
4591
4591
4592
4592
4593
4593
4594
4594
4595
4595
4596
4596
4597
4597
4598
4598
4599
4599
4600
4600
4601
4601
4602
4602
4603
4603
4604
4604
4605
4605
4606
4606
4607
4607
4608
4608
4609
4609
4610
4610
4611
4611
4612
4612
4613
4613
4614
4614
4615
4615
4616
4616
4617
4617
4618
4618
4619
4619
4620
4620
4621
4621
4622
4622
4623
4623
4624
4624
4625
4625
4626
4626
4627
4627
4628
4628
4629
4629
4630
4630
4631
4631
4632
4632
4633
4633
4634
4634
4635
4635
4636
4636
4637
4637
4638
4638
4639
4639
4640
4640
4641
4641
4642
4642
4643
4643
4644
4644
4645
4645
4646
4646
4647
4647
4648
4648
4649
4649
4650
4650
4651
4651
4652
4652
4653
4653
4654
4654
4655
4655
4656
4656
4657
4657
4658
4658
4659
4659
4660
4660
4661
4661
4662
4662
4663
4663
4664
4664
4665
4665
4666
4666
4667
4667
4668
4668
4669
4669
4670
4670
4671
4671
4672
4672
4673
4673
4674
4674
4675
4675
4676
4676
4677
4677
4678
4678
4679
4679
4680
4680
4681
4681
4682
4682
4683
4683
4684
4684
4685
4685
4686
4686
4687
4687
4688
4688
4689
4689
4690
4690
4691
4691
4692
4692
4693
4693
4694
4694
4695
4695
4696
4696
4697
4697
4698
4698
4699
4699
4700
4700
4701
4701
4702
4702
4703
4703
4704
4704
4705
4705
4706
4706
4707
4707
4708
4708
4709
4709
4710
4710
4711
4711
4712
4712
4713
4713
4714
4714
4715
4715
4716
4716
4717
4717
4718
4718
4719
4719
4720
4720
4721
4721
4722
4722
4723
4723
4724
4724
4725
4725
4726
4726
4727
4727
4728
4728
4729
4729
4730
4730
4731
4731
4732
4732
4733
4733
4734
4734
4735
4735
4736
4736
4737
4737
4738
4738
4739
4739
4740
4740
4741
4741
4742
4742
4743
4743
4744
4744
4745
4745
4746
4746
4747
4747
4748
4748
4749
4749
4750
4750
4751
4751
4752
4752
4753
4753
4754
4754
4755
4755
4756
4756
4757
4757
4758
4758
4759
4759
4760
4760
4761
4761
4762
4762
4763
4763
4764
4764
4765
4765
4766
4766
4767
4767
4768
4768
4769
4769
4770
4770
4771
4771
4772
4772
4773
4773
4774
4774
4775
4775
4776
4776
4777
4777
4778
4778
4779
4779
4780
4780
4781
4781
4782
4782
4783
4783
4784
4784
4785
4785
4786
4786
4787
4787
4788
4788
4789
4789
4790
4790
4791
4791
4792
4792
4793
4793
4794
4794
4795
4795
4796
4796
4797
4797
4798
4798
4799
4799
4800
4800
4801
4801
4802
4802
4803
4803
4804
4804
4805
4805
4806
4806
4807
4807
4808
4808
4809
4809
4810
4810
4811
4811
4812
4812
4813
4813
4814
4814
4815
4815
4816
4816
4817
4817
4818
4818
4819
4819
4820
4820
4821
4821
4822
4822
4823
4823
4824
4824
4825
4825
4826
4826
4827
4827
4828
4828
4829
4829
4830
4830
4831
4831
4832
4832
4833
4833
4834
4834
4835
4835
4836
4836
4837
4837
4838
4838
4839
4839
4840
4840
4841
4841
4842
4842
4843
4843
4844
4844
4845
4845
4846
4846
4847
4847
4848
4848
4849
4849
4850
4850
4851
4851
4852
4852
4853
4853
4854
4854
4855
4855
4856
4856
4857
4857
4858
4858
4859
4859
4860
4860
4861
4861
4862
4862
4863
4863
4864
4864
4865
4865
4866
4866
4867
4867
4868
4868
4869
4869
4870
4870
4871
4871
4872
4872
4873
4873
4874
4874
4875
4875
4876
4876
4877
4877
4878
4878
4879
4879
4880
4880
4881
4881
4882
4882
4883
4883
4884
4884
4885
4885
4886
4886
4887
4887
4888
4888
4889
4889
4890
4890
4891
4891
4892
4892
4893
4893
4894
4894
4895
4895
4896
4896
4897
4897
4898
4898
4899
4899
4900
4900
4901
4901
4902
4902
4903
4903
4904
4904
4905
4905
4906
4906
4907
4907
4908
4908
4909
4909
4910
4910
4911
4911
4912
4912
4913
4913
4914
4914
4915
4915
4916
4916
4917
4917
4918
4918
4919
4919
4920
4920
4921
4921
4922
4922
4923
4923
4924
4924
4925
4925
4926
4926
4927
4927
4928
4928
4929
4929
4930
4930
4931
4931
4932
4932
4933
4933
4934
4934
4935
4935
4936
4936
4937
4937
4938
4938
4939
4939
4940
4940
4941
4941
4942
4942
4943
4943
4944
4944
4945
4945
4946
4946
4947
4947
4948
4948
4949
4949
4950
4950
4951
4951
4952
4952
4953
4953
4954
4954
4955
4955
4956
4956
4957
4957
4958
4958
4959
4959
4960
4960
4961
4961
4962
4962
4963
4963
4964
4964
4965
4965
4966
4966
4967
4967
4968
4968
4969
4969
4970
4970
4971
4971
4972
4972
4973
4973
4974
4974
4975
4975
4976
4976
4977
4977
4978
4978
4979
4979
4980
4980
4981
4981
4982
4982
4983
4983
4984
4984
4985
4985
4986
4986
4987
4987
4988
4988
4989
4989
4990
4990
4991
4991
4992
4992
4993
4993
4994
4994
4995
4995
4996
4996
4997
4997
4998
4998
4999
4999
5000
5000
5001
5001
5002
5002
5003
5003
5004
5004
5005
5005
5006
5006
5007
5007
5008
5008
5009
5009
5010
5010
5011
5011
5012
5012
5013
5013
5014
5014
5015
5015
5016
5016
5017
5017
5018
5018
5019
5019
5020
5020
5021
5021
5022
5022
5023
5023
5024
5024
5025
5025
5026
5026
5027
5027
5028
5028
5029
5029
5030
5030
5031
5031
5032
5032
5033
5033
5034
5034
5035
5035
5036
5036
5037
5037
5038
5038
5039
5039
5040
5040
5041
5041
5042
5042
5043
5043
5044
5044
5045
5045
5046
5046
5047
5047
5048
5048
5049
5049
5050
5050
5051
5051
5052
5052
5053
5053
5054
5054
5055
5055
5056
5056
5057
5057
5058
5058
5059
5059
5060
5060
5061
5061
5062
5062
5063
5063
5064
5064
5065
5065
5066
5066
5067
5067
5068
5068
5069
5069
5070
5070
5071
5071
5072
5072
5073
5073
5074
5074
5075
5075
5076
5076
5077
5077
5078
5078
5079
5079
5080
5080
5081
5081
5082
5082
5083
5083
5084
5084
5085
5085
5086
5086
5087
5087
5088
5088
5089
5089
5090
5090
5091
5091
5092
5092
5093
5093
5094
5094
5095
5095
5096
5096
5097
5097
5098
5098
5099
5099
5100
5100
5101
5101
5102
5102
5103
5103
5104
5104
5105
5105
5106
5106
5107
5107
5108
5108
5109
5109
5110
5110
5111
5111
5112
5112
5113
5113
5114
5114
5115
5115
5116
5116
5117
5117
5118
5118
5119
5119
5120
5120
5121
5121
5122
5122
5123
5123
5124
5124
5125
5125
5126
5126
5127
5127
5128
5128
5129
5129
5130
5130
5131
5131
5132
5132
5133
5133
5134
5134
5135
5135
5136
5136
5137
5137
5138
5138
5139
5139
5140
5140
5141
5141
5142
5142
5143
5143
5144
5144
5145
5145
5146
5146
5147
5147
5148
5148
5149
5149
5150
5150
5151
5151
5152
5152
5153
5153
5154
5154
5155
5155
5156
5156
5157
5157
5158
5158
5159
5159
5160
5160
5161
5161
5162
5162
5163
5163
5164
5164
5165
5165
5166
5166
5167
5167
5168
5168
5169
5169
5170
5170
5171
5171
5172
5172
5173
5173
5174
5174
5175
5175
5176
5176
5177
5177
5178
5178
5179
5179
5180
5180
5181
5181
5182
5182
5183
5183
5184
5184
5185
5185
5186
5186
5187
5187
5188
5188
5189
5189
5190
5190
5191
5191
5192
5192
5193
5193
5194
5194
5195
5195
5196
5196
5197
5197
5198
5198
5199
5199
5200
5200
5201
5201
5202
5202
5203
5203
5204
5204
5205
5205
5206
5206
5207
5207
5208
5208
5209
5209
5210
5210
5211
5211
5212
5212
5213
5213
5214
5214
5215
5215
5216
5216
5217
5217
5218
5218
5219
5219
5220
5220
5221
5221
5222
5222
5223
5223
5224
5224
5225
5225
5226
5226
5227
5227
5228
5228
5229
5229
5230
5230
5231
5231
5232
5232
5233
5233
5234
5234
5235
5235
5236
5236
5237
5237
5238
5238
5239
5239
5240
5240
5241
5241
5242
5242
5243
5243
5244
5244
5245
5245
5246
5246
5247
5247
5248
5248
5249
5249
5250
5250
5251
5251
5252
5252
5253
5253
5254
5254
5255
5255
5256
5256
5257
5257
5258
5258
5259
5259
5260
5260
5261
5261
5262
5262
5263
5263
5264
5264
5265
5265
5266
5266
5267
5267
5268
5268
5269
5269
5270
5270
5271
5271
5272
5272
5273
5273
5274
5274
5275
5275
5276
5276
5277
5277
5278
5278
5279
5279
5280
5280
5281
5281
5282
5282
5283
5283
5284
5284
5285
5285
5286
5286
5287
5287
5288
5288
5289
5289
5290
5290
5291
5291
5292
5292
5293
5293
5294
5294
5295
5295
5296
5296
5297
5297
5298
5298
5299
5299
5300
5300
5301
5301
5302
5302
5303
5303
5304
5304
5305
5305
5306
5306
5307
5307
5308
5308
5309
5309
5310
5310
5311
5311
5312
5312
5313
5313
5314
5314
5315
5315
5316
5316
5317
5317
5318
5318
5319
5319
5320
5320
5321
5321
5322
5322
5323
5323
5324
5324
5325
5325
5326
5326
5327
5327
5328
5328
5329
5329
5330
5330
5331
5331
5332
5332
5333
5333
5334
5334
5335
5335
5336
5336
5337
5337
5338
5338
5339
5339
5340
5340
5341
5341
5342
5342
5343
5343
5344
5344
5345
5345
5346
5346
5347
5347
5348
5348
5349
5349
5350
5350
5351
5351
5352
5352
5353
5353
5354
5354
5355
5355
5356
5356
5357
5357
5358
5358
5359
5359
5360
5360
5361
5361
5362
5362
5363
5363
5364
5364
5365
5365
5366
5366
5367
5367
5368
5368
5369
5369
5370
5370
5371
5371
5372
5372
5373
5373
5374
5374
5375
5375
5376
5376
5377
5377
5378
5378
5379
5379
5380
5380
5381
5381
5382
5382
5383
5383
5384
5384
5385
5385
5386
5386
5387
5387
5388
5388
5389
5389
5390
5390
5391
5391
5392
5392
5393
5393
5394
5394
5395
5395
5396
5396
5397
5397
5398
5398
5399
5399
5400
5400
5401
5401
5402
5402
5403
5403
5404
5404
5405
5405
5406
5406
5407
5407
5408
5408
5409
5409
5410
5410
5411
5411
5412
5412
5413
5413
5414
5414
5415
5415
5416
5416
5417
5417
5418
5418
5419
5419
5420
5420
5421
5421
5422
5422
5423
5423
5424
5424
5425
5425
5426
5426
5427
5427
5428
5428
5429
5429
5430
5430
5431
5431
5432
5432
5433
5433
5434
5434
5435
5435
5436
5436
5437
5437
5438
5438
5439
5439
5440
5440
5441
5441
5442
5442
5443
5443
5444
5444
5445
5445
5446
5446
5447
5447
5448
5448
5449
5449
5450
5450
5451
5451
5452
5452
5453
5453
5454
5454
5455
5455
5456
5456
5457
5457
5458
5458
5459
5459
5460
5460
5461
5461
5462
5462
5463
5463
5464
5464
5465
5465
5466
5466
5467
5467
5468
5468
5469
5469
5470
5470
5471
5471
5472
5472
5473
5473
5474
5474
5475
5475
5476
5476
5477
5477
5478
5478
5479
5479
5480
5480
5481
5481
5482
5482
5483
5483
5484
5484
5485
5485
5486
5486
5487
5487
5488
5488
5489
5489
5490
5490
5491
5491
5492
5492
5493
5493
5494
5494
5495
5495
5496
5496
5497
5497
5498
5498
5499
5499
5500
5500
5501
5501
5502
5502
5503
5503
5504
5504
5505
5505
5506
5506
5507
5507
5508
5508
5509
5509
5510
5510
5511
5511
5512
5512
5513
5513
5514
5514
5515
5515
5516
5516
5517
5517
5518
5518
5519
5519
5520
5520
5521
5521
5522
5522
5523
5523
5524
5524
5525
5525
5526
5526
5527
5527
5528
5528
5529
5529
5530
5530
5531
5531
5532
5532
5533
5533
5534
5534
5535
5535
5536
5536
5537
5537
5538
5538
5539
5539
5540
5540
5541
5541
5542
5542
5543
5543
5544
5544
5545
5545
5546
5546
5547
5547
5548
5548
5549
5549
5550
5550
5551
5551
5552
5552
5553
5553
5554
5554
5555
5555
5556
5556
5557
5557
5558
5558
5559
5559
5560
5560
5561
5561
5562
5562
5563
5563
5564
5564
5565
5565
5566
5566
5567
5567
5568
5568
5569
5569
5570
5570
5571
5571
5572
5572
5573
5573
5574
5574
5575
5575
5576
5576
5577
5577
5578
5578
5579
5579
5580
5580
5581
5581
5582
5582
5583
5583
5584
5584
5585
5585
5586
5586
5587
5587
5588
5588
5589
5589
5590
5590
5591
5591
5592
5592
5593
5593
5594
5594
5595
5595
5596
5596
5597
5597
5598
5598
5599
5599
5600
5600
5601
5601
5602
5602
5603
5603
5604
5604
5605
5605
5606
5606
5607
5607
5608
5608
5609
5609
5610
5610
5611
5611
5612
5612
5613
5613
5614
5614
5615
5615
5616
5616
5617
5617
5618
5618
5619
5619
5620
5620
5621
5621
5622
5622
5623
5623
5624
5624
5625
5625
5626
5626
5627
5627
5628
5628
5629
5629
5630
5630
5631
5631
5632
5632
5633
5633
5634
5634
5635
5635
5636
5636
5637
5637
5638
5638
5639
5639
5640
5640
5641
5641
5642
5642
5643
5643
5644
5644
5645
5645
5646
5646
5647
5647
5648
5648
5649
5649
5650
5650
5651
5651
5652
5652
5653
5653
5654
5654
5655
5655
5656
5656
5657
5657
5658
5658
5659
5659
5660
5660
5661
5661
5662
5662
5663
5663
5664
5664
5665
5665
5666
5666
5667
5667
5668
5668
5669
5669
5670
5670
5671
5671
5672
5672
5673
5673
5674
5674
5675
5675
5676
5676
5677
5677
5678
5678
5679
5679
5680
5680
5681
5681
5682
5682
5683
5683
5684
5684
5685
5685
5686
5686
5687
5687
5688
5688
5689
5689
5690
5690
5691
5691
5692
5692
5693
5693
5694
5694
5695
5695
5696
5696
5697
5697
5698
5698
5699
5699
5700
5700
5701
5701
5702
5702
5703
5703
5704
5704
5705
5705
5706
5706
5707
5707
5708
5708
5709
5709
5710
5710
5711
5711
5712
5712
5713
5713
5714
5714
5715
5715
5716
5716
5717
5717
5718
5718
5719
5719
5720
5720
5721
5721
5722
5722
5723
5723
5724
5724
5725
5725
5726
5726
5727
5727
5728
5728
5729
5729
5730
5730
5731
5731
5732
5732
5733
5733
5734
5734
5735
5735
5736
5736
5737
5737
5738
5738
5739
5739
5740
5740
5741
5741
5742
5742
5743
5743
5744
5744
5745
5745
5746
5746
5747
5747
5748
5748
5749
5749
5750
5750
5751
5751
5752
5752
5753
5753
5754
5754
5755
5755
5756
5756
5757
5757
5758
5758
5759
5759
5760
5760
5761
5761
5762
5762
5763
5763
5764
5764
5765
5765
5766
5766
5767
5767
5768
5768
5769
5769
5770
5770
5771
5771
5772
5772
5773
5773
5774
5774
5775
5775
5776
5776
5777
5777
5778
5778
5779
5779
5780
5780
5781
5781
5782
5782
5783
5783
5784
5784
5785
5785
5786
5786
5787
5787
5788
5788
5789
5789
5790
5790
5791
5791
5792
5792
5793
5793
5794
5794
5795
5795
5796
5796
5797
5797
5798
5798
5799
5799
5800
5800
5801
5801
5802
5802
5803
5803
5804
5804
5805
5805
5806
5806
5807
5807
5808
5808
5809
5809
5810
5810
5811
5811
5812
5812
5813
5813
5814
5814
5815
5815
5816
5816
5817
5817
5818
5818
5819
5819
5820
5820
5821
5821
5822
5822
5823
5823
5824
5824
5825
5825
5826
5826
5827
5827
5828
5828
5829
5829
5830
5830
5831
5831
5832
5832
5833
5833
5834
5834
5835
5835
5836
5836
5837
5837
5838
5838
5839
5839
5840
5840
5841
5841
5842
5842
5843
5843
5844
5844
5845
5845
5846
5846
5847
5847
5848
5848
5849
5849
5850
5850
5851
5851
5852
5852
5853
5853
5854
5854
5855
5855
5856
5856
5857
5857
5858
5858
5859
5859
5860
5860
5861
5861
5862
5862
5863
5863
5864
5864
5865
5865
5866
5866
5867
5867
5868
5868
5869
5869
5870
5870
5871
5871
5872
5872
5873
5873
5874
5874
5875
5875
5876
5876
5877
5877
5878
5878
5879
5879
5880
5880
5881
5881
5882
5882
5883
5883
5884
5884
5885
5885
5886
5886
5887
5887
5888
5888
5889
5889
5890
5890
5891
5891
5892
5892
5893
5893
5894
5894
5895
5895
5896
5896
5897
5897
5898
5898
5899
5899
5900
5900
5901
5901
5902
5902
5903
5903
5904
5904
5905
5905
5906
5906
5907
5907
5908
5908
5909
5909
5910
5910
5911
5911
5912
5912
5913
5913
5914
5914
5915
5915
5916
5916
5917
5917
5918
5918
5919
5919
5920
5920
5921
5921
5922
5922
5923
5923
5924
5924
5925
5925
5926
5926
5927
5927
5928
5928
5929
5929
5930
5930
5931
5931
5932
5932
5933
5933
5934
5934
5935
5935
5936
5936
5937
5937
5938
5938
5939
5939
5940
5940
5941
5941
5942
5942
5943
5943
5944
5944
5945
5945
5946
5946
5947
5947
5948
5948
5949
5949
5950
5950
5951
5951
5952
5952
5953
5953
5954
5954
5955
5955
5956
5956
5957
5957
5958
5958
5959
5959
5960
5960
5961
5961
5962
5962
5963
5963
5964
5964
5965
5965
5966
5966
5967
5967
5968
5968
5969
5969
5970
5970
5971
5971
5972
5972
5973
5973
5974
5974
5975
5975
5976
5976
5977
5977
5978
5978
5979
5979
5980
5980
5981
5981
5982
5982
5983
5983
5984
5984
5985
5985
5986
5986
5987
5987
5988
5988
5989
5989
5990
5990
5991
5991
5992
5992
5993
5993
5994
5994
5995
5995
5996
5996
5997
5997
5998
5998
5999
5999
6000
6000
6001
6001
6002
6002
6003
6003
6004
6004
6005
6005
6006
6006
6007
6007
6008
6008
6009
6009
6010
6010
6011
6011
6012
6012
6013
6013
6014
6014
6015
6015
6016
6016
6017
6017
6018
6018
6019
6019
6020
6020
6021
6021
6022
6022
6023
6023
6024
6024
6025
6025
6026
6026
6027
6027
6028
6028
6029
6029
6030
6030
6031
6031
6032
6032
6033
6033
6034
6034
6035
6035
6036
6036
6037
6037
6038
6038
6039
6039
6040
6040
6041
6041
6042
6042
6043
6043
6044
6044
6045
6045
6046
6046
6047
6047
6048
6048
6049
6049
6050
6050
6051
6051
6052
6052
6053
6053
6054
6054
6055
6055
6056
6056
6057
6057
6058
6058
6059
6059
6060
6060
6061
6061
6062
6062
6063
6063
6064
6064
6065
6065
6066
6066
6067
6067
6068
6068
6069
6069
6070
6070
6071
6071
6072
6072
6073
6073
6074
6074
6075
6075
6076
6076
6077
6077
6078
6078
6079
6079
6080
6080
6081
6081
6082
6082
6083
6083
6084
6084
6085
6085
6086
6086
6087
6087
6088
6088
6089
6089
6090
6090
6091
6091
6092
6092
6093
6093
6094
6094
6095
6095
6096
6096
6097
6097
6098
6098
6099
6099
6100
6100
6101
6101
6102
6102
6103
6103
6104
6104
6105
6105
6106
6106
6107
6107
6108
6108
6109
6109
6110
6110
6111
6111
6112
6112
6113
6113
6114
6114
6115
6115
6116
6116
6117
6117
6118
6118
6119
6119
6120
6120
6121
6121
6122
6122
6123
6123
6124
6124
6125
6125
6126
6126
6127
6127
6128
6128
6129
6129
6130
6130
6131
6131
6132
6132
6133
6133
6134
6134
6135
6135
6136
6136
6137
6137
6138
6138
6139
6139
6140
6140
6141
6141
6142
6142
6143
6143
6144
6144
6145
6145
6146
6146
6147
6147
6148
6148
6149
6149
6150
6150
6151
6151
6152
6152
6153
6153
6154
6154
6155
6155
6156
6156
6157
6157
6158
6158
6159
6159
6160
6160
6161
6161
6162
6162
6163
6163
6164
6164
6165
6165
6166
6166
6167
6167
6168
6168
6169
6169
6170
6170
6171
6171
6172
6172
6173
6173
6174
6174
6175
6175
6176
6176
6177
6177
6178
6178
6179
6179
6180
6180
6181
6181
6182
6182
6183
6183
6184
6184
6185
6185
6186
6186
6187
6187
6188
6188
6189
6189
6190
6190
6191
6191
6192
6192
6193
6193
6194
6194
6195
6195
6196
6196
6197
6197
6198
6198
6199
6199
6200
6200
6201
6201
6202
6202
6203
6203
6204
6204
6205
6205
6206
6206
6207
6207
6208
6208
6209
6209
6210
6210
6211
6211
6212
6212
6213
6213
6214
6214
6215
6215
6216
6216
6217
6217
6218
6218
6219
6219
6220
6220
6221
6221
6222
6222
6223
6223
6224
6224
6225
6225
6226
6226
6227
6227
6228
6228
6229
6229
6230
6230
6231
6231
6232
6232
6233
6233
6234
6234
6235
6235
6236
6236
6237
6237
6238
6238
6239
6239
6240
6240
6241
6241
6242
6242
6243
6243
6244
6244
6245
6245
6246
6246
6247
6247
6248
6248
6249
6249
6250
6250
6251
6251
6252
6252
6253
6253
6254
6254
6255
6255
6256
6256
6257
6257
6258
6258
6259
6259
6260
6260
6261
6261
6262
6262
6263
6263
6264
6264
6265
6265
6266
6266
6267
6267
6268
6268
6269
6269
6270
6270
6271
6271
6272
6272
6273
6273
6274
6274
6275
6275
6276
6276
6277
6277
6278
6278
6279
6279
6280
6280
6281
6281
6282
6282
6283
6283
6284
6284
6285
6285
6286
6286
6287
6287
6288
6288
6289
6289
6290
6290
6291
6291
6292
6292
6293
6293
6294
6294
6295
6295
6296
6296
6297
6297
6298
6298
6299
6299
6300
6300
6301
6301
6302
6302
6303
6303
6304
6304
6305
6305
6306
6306
6307
6307
6308
6308
6309
6309
6310
6310
6311
6311
6312
6312
6313
6313
6314
6314
6315
6315
6316
6316
6317
6317
6318
6318
6319
6319
6320
6320
6321
6321
6322
6322
6323
6323
6324
6324
6325
6325
6326
6326
6327
6327
6328
6328
6329
6329
6330
6330
6331
6331
6332
6332
6333
6333
6334
6334
6335
6335
6336
6336
6337
6337
6338
6338
6339
6339
6340
6340
6341
6341
6342
6342
6343
6343
6344
6344
6345
6345
6346
6346
6347
6347
6348
6348
6349
6349
6350
6350
6351
6351
6352
6352
6353
6353
6354
6354
6355
6355
6356
6356
6357
6357
6358
6358
6359
6359
6360
6360
6361
6361
6362
6362
6363
6363
6364
6364
6365
6365
6366
6366
6367
6367
6368
6368
6369
6369
6370
6370
6371
6371
6372
6372
6373
6373
6374
6374
6375
6375
6376
6376
6377
6377
6378
6378
6379
6379
6380
6380
6381
6381
6382
6382
6383
6383
6384
6384
6385
6385
6386
6386
6387
6387
6388
6388
6389
6389
6390
6390
6391
6391
6392
6392
6393
6393
6394
6394
6395
6395
6396
6396
6397
6397
6398
6398
6399
6399
6400
6400
6401
6401
6402
6402
6403
6403
6404
6404
6405
6405
6406
6406
6407
6407
6408
6408
6409
6409
6410
6410
6411
6411
6412
6412
6413
6413
6414
6414
6415
6415
6416
6416
6417
6417
6418
6418
6419
6419
6420
6420
6421
6421
6422
6422
6423
6423
6424
6424
6425
6425
6426
6426
6427
6427
6428
6428
6429
6429
6430
6430
6431
6431
6432
6432
6433
6433
6434
6434
6435
6435
6436
6436
6437
6437
6438
6438
6439
6439
6440
6440
6441
6441
6442
6442
6443
6443
6444
6444
6445
6445
6446
6446
6447
6447
6448
6448
6449
6449
6450
6450
6451
6451
6452
6452
6453
6453
6454
6454
6455
6455
6456
6456
6457
6457
6458
6458
6459
6459
6460
6460
6461
6461
6462
6462
6463
6463
6464
6464
6465
6465
6466
6466
6467
6467
6468
6468
6469
6469
6470
6470
6471
6471
6472
6472
6473
6473
6474
6474
6475
6475
6476
6476
6477
6477
6478
6478
6479
6479
6480
6480
6481
6481
6482
6482
6483
6483
6484
6484
6485
6485
6486
6486
6487
6487
6488
6488
6489
6489
6490
6490
6491
6491
6492
6492
6493
6493
6494
6494
6495
6495
6496
6496
6497
6497
6498
6498
6499
6499
6500
6500
6501
6501
6502
6502
6503
6503
6504
6504
6505
6505
6506
6506
6507
6507
6508
6508
6509
6509
6510
6510
6511
6511
6512
6512
6513
6513
6514
6514
6515
6515
6516
6516
6517
6517
6518
6518
6519
6519
6520
6520
6521
6521
6522
6522
6523
6523
6524
6524
6525
6525
6526
6526
6527
6527
6528
6528
6529
6529
6530
6530
6531
6531
6532
6532
6533
6533
6534
6534
6535
6535
6536
6536
6537
6537
6538
6538
6539
6539
6540
6540
6541
6541
6542
6542
6543
6543
6544
6544
6545
6545
6546
6546
6547
6547
6548
6548
6549
6549
6550
6550
6551
6551
6552
6552
6553
6553
6554
6554
6555
6555
6556
6556
6557
6557
6558
6558
6559
6559
6560
6560
6561
6561
6562
6562
6563
6563
6564
6564
6565
6565
6566
6566
6567
6567
6568
6568
6569
6569
6570
6570
6571
6571
6572
6572
6573
6573
6574
6574
6575
6575
6576
6576
6577
6577
6578
6578
6579
6579
6580
6580
6581
6581
6582
6582
6583
6583
6584
6584
6585
6585
6586
6586
6587
6587
6588
6588
6589
6589
6590
6590
6591
6591
6592
6592
6593
6593
6594
6594
6595
6595
6596
6596
6597
6597
6598
6598
6599
6599
6600
6600
6601
6601
6602
6602
6603
6603
6604
6604
6605
6605
6606
6606
6607
6607
6608
6608
6609
6609
6610
6610
6611
6611
6612
6612
6613
6613
6614
6614
6615
6615
6616
6616
6617
6617
6618
6618
6619
6619
6620
6620
6621
6621
6622
6622
6623
6623
6624
6624
6625
6625
6626
6626
6627
6627
6628
6628
6629
6629
6630
6630
6631
6631
6632
6632
6633
6633
6634
6634
6635
6635
6636
6636
6637
6637
6638
6638
6639
6639
6640
6640
6641
6641
6642
6642
6643
6643
6644
6644
6645
6645
6646
6646
6647
6647
6648
6648
6649
6649
6650
6650
6651
6651
6652
6652
6653
6653
6654
6654
6655
6655
6656
6656
6657
6657
6658
6658
6659
6659
6660
6660
6661
6661
6662
6662
6663
6663
6664
6664
6665
6665
6666
6666
6667
6667
6668
6668
6669
6669
6670
6670
6671
6671
6672
6672
6673
6673
6674
6674
6675
6675
6676
6676
6677
6677
6678
6678
6679
6679
6680
6680
6681
6681
6682
6682
6683
6683
6684
6684
6685
6685
6686
6686
6687
6687
6688
6688
6689
6689
6690
6690
6691
6691
6692
6692
6693
6693
6694
6694
6695
6695
6696
6696
6697
6697
6698
6698
6699
6699
6700
6700
6701
6701
6702
6702
6703
6703
6704
6704
6705
6705
6706
6706
6707
6707
6708
6708
6709
6709
6710
6710
6711
6711
6712
6712
6713
6713
6714
6714
6715
6715
6716
6716
6717
6717
6718
6718
6719
6719
6720
6720
6721
6721
6722
6722
6723
6723
6724
6724
6725
6725
6726
6726
6727
6727
6728
6728
6729
6729
6730
6730
6731
6731
6732
6732
6733
6733
6734
6734
6735
6735
6736
6736
6737
6737
6738
6738
6739
6739
6740
6740
6741
6741
6742
6742
6743
6743
6744
6744
6745
6745
6746
6746
6747
6747
6748
6748
6749
6749
6750
6750
6751
6751
6752
6752
6753
6753
6754
6754
6755
6755
6756
6756
6757
6757
6758
6758
6759
6759
6760
6760
6761
6761
6762
6762
6763
6763
6764
6764
6765
6765
6766
6766
6767
6767
6768
6768
6769
6769
6770
6770
6771
6771
6772
6772
6773
6773
6774
6774
6775
6775
6776
6776
6777
6777
6778
6778
6779
6779
6780
6780
6781
6781
6782
6782
6783
6783
6784
6784
6785
6785
6786
6786
6787
6787
6788
6788
6789
6789
6790
6790
6791
6791
6792
6792
6793
6793
6794
6794
6795
6795
6796
6796
6797
6797
6798
6798
6799
6799
6800
6800
6801
6801
6802
6802
6803
6803
6804
6804
6805
6805
6806
6806
6807
6807
6808
6808
6809
6809
6810
6810
6811
6811
6812
6812
6813
6813
6814
6814
6815
6815
6816
6816
6817
6817
6818
6818
6819
6819
6820
6820
6821
6821
6822
6822
6823
6823
6824
6824
6825
6825
6826
6826
6827
6827
6828
6828
6829
6829
6830
6830
6831
6831
6832
6832
6833
6833
6834
6834
6835
6835
6836
6836
6837
6837
6838
6838
6839
6839
6840
6840
6841
6841
6842
6842
6843
6843
6844
6844
6845
6845
6846
6846
6847
6847
6848
6848
6849
6849
6850
6850
6851
6851
6852
6852
6853
6853
6854
6854
6855
6855
6856
6856
6857
6857
6858
6858
6859
6859
6860
6860
6861
6861
6862
6862
6863
6863
6864
6864
6865
6865
6866
6866
6867
6867
6868
6868
6869
6869
6870
6870
6871
6871
6872
6872
6873
6873
6874
6874
6875
6875
6876
6876
6877
6877
6878
6878
6879
6879
6880
6880
6881
6881
6882
6882
6883
6883
6884
6884
6885
6885
6886
6886
6887
6887
6888
6888
6889
6889
6890
6890
6891
6891
6892
6892
6893
6893
6894
6894
6895
6895
6896
6896
6897
6897
6898
6898
6899
6899
6900
6900
6901
6901
6902
6902
6903
6903
6904
6904
6905
6905
6906
6906
6907
6907
6908
6908
6909
6909
6910
6910
6911
6911
6912
6912
6913
6913
6914
6914
6915
6915
6916
6916
6917
6917
6918
6918
6919
6919
6920
6920
6921
6921
6922
6922
6923
6923
6924
6924
6925
6925
6926
6926
6927
6927
6928
6928
6929
6929
6930
6930
6931
6931
6932
6932
6933
6933
6934
6934
6935
6935
6936
6936
6937
6937
6938
6938
6939
6939
6940
6940
6941
6941
6942
6942
6943
6943
6944
6944
6945
6945
6946
6946
6947
6947
6948
6948
6949
6949
6950
6950
6951
6951
6952
6952
6953
6953
6954
6954
6955
6955
6956
6956
6957
6957
6958
6958
6959
6959
6960
6960
6961
6961
6962
6962
6963
6963
6964
6964
6965
6965
6966
6966
6967
6967
6968
6968
6969
6969
6970
6970
6971
6971
6972
6972
6973
6973
6974
6974
6975
6975
6976
6976
6977
6977
6978
6978
6979
6979
6980
6980
6981
6981
6982
6982
6983
6983
6984
6984
6985
6985
6986
6986
6987
6987
6988
6988
6989
6989
6990
6990
6991
6991
6992
6992
6993
6993
6994
6994
6995
6995
6996
6996
6997
6997
6998
6998
6999
6999
7000
7000
7001
7001
7002
7002
7003
7003
7004
7004
7005
7005
7006
7006
7007
7007
7008
7008
7009
7009
7010
7010
7011
7011
7012
7012
7013
7013
7014
7014
7015
7015
7016
7016
7017
7017
7018
7018
7019
7019
7020
7020
7021
7021
7022
7022
7023
7023
7024
7024
7025
7025
7026
7026
7027
7027
7028
7028
7029
7029
7030
7030
7031
7031
7032
7032
7033
7033
7034
7034
7035
7035
7036
7036
7037
7037
7038
7038
7039
7039
7040
7040
7041
7041
7042
7042
7043
7043
7044
7044
7045
7045
7046
7046
7047
7047
7048
7048
7049
7049
7050
7050
7051
7051
7052
7052
7053
7053
7054
7054
7055
7055
7056
7056
7057
7057
7058
7058
7059
7059
7060
7060
7061
7061
7062
7062
7063
7063
7064
7064
7065
7065
7066
7066
7067
7067
7068
7068
7069
7069
7070
7070
7071
7071
7072
7072
7073
7073
7074
7074
7075
7075
7076
7076
7077
7077
7078
7078
7079
7079
7080
7080
7081
7081
7082
7082
7083
7083
7084
7084
7085
7085
7086
7086
7087
7087
7088
7088
7089
7089
7090
7090
7091
7091
7092
7092
7093
7093
7094
7094
7095
7095
7096
7096
7097
7097
7098
7098
7099
7099
7100
7100
7101
7101
7102
7102
7103
7103
7104
7104
7105
7105
7106
7106
7107
7107
7108
7108
7109
7109
7110
7110
7111
7111
7112
7112
7113
7113
7114
7114
7115
7115
7116
7116
7117
7117
7118
7118
7119
7119
7120
7120
7121
7121
7122
7122
7123
7123
7124
7124
7125
7125
7126
7126
7127
7127
7128
7128
7129
7129
7130
7130
7131
7131
7132
7132
7133
7133
7134
7134
7135
7135
7136
7136
7137
7137
7138
7138
7139
7139
7140
7140
7141
7141
7142
7142
7143
7143
7144
7144
7145
7145
7146
7146
7147
7147
7148
7148
7149
7149
7150
7150
7151
7151
7152
7152
7153
7153
7154
7154
7155
7155
7156
7156
7157
7157
7158
7158
7159
7159
7160
7160
7161
7161
7162
7162
7163
7163
7164
7164
7165
7165
7166
7166
7167
7167
7168
7168
7169
7169
7170
7170
7171
7171
7172
7172
7173
7173
7174
7174
7175
7175
7176
7176
7177
7177
7178
7178
7179
7179
7180
7180
7181
7181
7182
7182
7183
7183
7184
7184
7185
7185
7186
7186
7187
7187
7188
7188
7189
7189
7190
7190
7191
7191
7192
7192
7193
7193
7194
7194
7195
7195
7196
7196
7197
7197
7198
7198
7199
7199
7200
7200
7201
7201
7202
7202
7203
7203
7204
7204
7205
7205
7206
7206
7207
7207
7208
7208
7209
7209
7210
7210
7211
7211
7212
7212
7213
7213
7214
7214
7215
7215
7216
7216
7217
7217
7218
7218
7219
7219
7220
7220
7221
7221
7222
7222
7223
7223
7224
7224
7225
7225
7226
7226
7227
7227
7228
7228
7229
7229
7230
7230
7231
7231
7232
7232
7233
7233
7234
7234
7235
7235
7236
7236
7237
7237
7238
7238
7239
7239
7240
7240
7241
7241
7242
7242
7243
7243
7244
7244
7245
7245
7246
7246
7247
7247
7248
7248
7249
7249
7250
7250
7251
7251
7252
7252
7253
7253
7254
7254
7255
7255
7256
7256
7257
7257
7258
7258
7259
7259
7260
7260
7261
7261
7262
7262
7263
7263
7264
7264
7265
7265
7266
7266
7267
7267
7268
7268
7269
7269
7270
7270
7271
7271
7272
7272
7273
7273
7274
7274
7275
7275
7276
7276
7277
7277
7278
7278
7279
7279
7280
7280
7281
7281
7282
7282
7283
7283
7284
7284
7285
7285
7286
7286
7287
7287
7288
7288
7289
7289
7290
7290
7291
7291
7292
7292
7293
7293
7294
7294
7295
7295
7296
7296
7297
7297
7298
7298
7299
7299
7300
7300
7301
7301
7302
7302
7303
7303
7304
7304
7305
7305
7306
7306
7307
7307
7308
7308
7309
7309
7310
7310
7311
7311
7312
7312
7313
7313
7314
7314
7315
7315
7316
7316
7317
7317
7318
7318
7319
7319
7320
7320
7321
7321
7322
7322
7323
7323
7324
7324
7325
7325
7326
7326
7327
7327
7328
7328
7329
7329
7330
7330
7331
7331
7332
7332
7333
7333
7334
7334
7335
7335
7336
7336
7337
7337
7338
7338
7339
7339
7340
7340
7341
7341
7342
7342
7343
7343
7344
7344
7345
7345
7346
7346
7347
7347
7348
7348
7349
7349
7350
7350
7351
7351
7352
7352
7353
7353
7354
7354
7355
7355
7356
7356
7357
7357
7358
7358
7359
7359
7360
7360
7361
7361
7362
7362
7363
7363
7364
7364
7365
7365
7366
7366
7367
7367
7368
7368
7369
7369
7370
7370
7371
7371
7372
7372
7373
7373
7374
7374
7375
7375
7376
7376
7377
7377
7378
7378
7379
7379
7380
7380
7381
7381
7382
7382
7383
7383
7384
7384
7385
7385
7386
7386
7387
7387
7388
7388
7389
7389
7390
7390
7391
7391
7392
7392
7393
7393
7394
7394
7395
7395
7396
7396
7397
7397
7398
7398
7399
7399
7400
7400
7401
7401
7402
7402
7403
7403
7404
7404
7405
7405
7406
7406
7407
7407
7408
7408
7409
7409
7410
7410
7411
7411
7412
7412
7413
7413
7414
7414
7415
7415
7416
7416
7417
7417
7418
7418
7419
7419
7420
7420
7421
7421
7422
7422
7423
7423
7424
7424
7425
7425
7426
7426
7427
7427
7428
7428
7429
7429
7430
7430
7431
7431
7432
7432
7433
7433
7434
7434
7435
7435
7436
7436
7437
7437
7438
7438
7439
7439
7440
7440
7441
7441
7442
7442
7443
7443
7444
7444
7445
7445
7446
7446
7447
7447
7448
7448
7449
7449
7450
7450
7451
7451
7452
7452
7453
7453
7454
7454
7455
7455
7456
7456
7457
7457
7458
7458
7459
7459
7460
7460
7461
7461
7462
7462
7463
7463
7464
7464
7465
7465
7466
7466
7467
7467
7468
7468
7469
7469
7470
7470
7471
7471
7472
7472
7473
7473
7474
7474
7475
7475
7476
7476
7477
7477
7478
7478
7479
7479
7480
7480
7481
7481
7482
7482
7483
7483
7484
7484
7485
7485
7486
7486
7487
7487
7488
7488
7489
7489
7490
7490
7491
7491
7492
7492
7493
7493
7494
7494
7495
7495
7496
7496
7497
7497
7498
7498
7499
7499
7500
7500
7501
7501
7502
7502
7503
7503
7504
7504
7505
7505
7506
7506
7507
7507
7508
7508
7509
7509
7510
7510
7511
7511
7512
7512
7513
7513
7514
7514
7515
7515
7516
7516
7517
7517
7518
7518
7519
7519
7520
7520
7521
7521
7522
7522
7523
7523
7524
7524
7525
7525
7526
7526
7527
7527
7528
7528
7529
7529
7530
7530
7531
7531
7532
7532
7533
7533
7534
7534
7535
7535
7536
7536
7537
7537
7538
7538
7539
7539
7540
7540
7541
7541
7542
7542
7543
7543
7544
7544
7545
7545
7546
7546
7547
7547
7548
7548
7549
7549
7550
7550
7551
7551
7552
7552
7553
7553
7554
7554
7555
7555
7556
7556
7557
7557
7558
7558
7559
7559
7560
7560
7561
7561
7562
7562
7563
7563
7564
7564
7565
7565
7566
7566
7567
7567
7568
7568
7569
7569
7570
7570
7571
7571
7572
7572
7573
7573
7574
7574
7575
7575
7576
7576
7577
7577
7578
7578
7579
7579
7580
7580
7581
7581
7582
7582
7583
7583
7584
7584
7585
7585
7586
7586
7587
7587
7588
7588
7589
7589
7590
7590
7591
7591
7592
7592
7593
7593
7594
7594
7595
7595
7596
7596
7597
7597
7598
7598
7599
7599
7600
7600
7601
7601
7602
7602
7603
7603
7604
7604
7605
7605
7606
7606
7607
7607
7608
7608
7609
7609
7610
7610
7611
7611
7612
7612
7613
7613
7614
7614
7615
7615
7616
7616
7617
7617
7618
7618
7619
7619
7620
7620
7621
7621
7622
7622
7623
7623
7624
7624
7625
7625
7626
7626
7627
7627
7628
7628
7629
7629
7630
7630
7631
7631
7632
7632
7633
7633
7634
7634
7635
7635
7636
7636
7637
7637
7638
7638
7639
7639
7640
7640
7641
7641
7642
7642
7643
7643
7644
7644
7645
7645
7646
7646
7647
7647
7648
7648
7649
7649
7650
7650
7651
7651
7652
7652
7653
7653
7654
7654
7655
7655
7656
7656
7657
7657
7658
7658
7659
7659
7660
7660
7661
7661
7662
7662
7663
7663
7664
7664
7665
7665
7666
7666
7667
7667
7668
7668
7669
7669
7670
7670
7671
7671
7672
7672
7673
7673
7674
7674
7675
7675
7676
7676
7677
7677
7678
7678
7679
7679
7680
7680
7681
7681
7682
7682
7683
7683
7684
7684
7685
7685
7686
7686
7687
7687
7688
7688
7689
7689
7690
7690
7691
7691
7692
7692
7693
7693
7694
7694
7695
7695
7696
7696
7697
7697
7698
7698
7699
7699
7700
7700
7701
7701
7702
7702
7703
7703
7704
7704
7705
7705
7706
7706
7707
7707
7708
7708
7709
7709
7710
7710
7711
7711
7712
7712
7713
7713
7714
7714
7715
7715
7716
7716
7717
7717
7718
7718
7719
7719
7720
7720
7721
7721
7722
7722
7723
7723
7724
7724
7725
7725
7726
7726
7727
7727
7728
7728
7729
7729
7730
7730
7731
7731
7732
7732
7733
7733
7734
7734
7735
7735
7736
7736
7737
7737
7738
7738
7739
7739
7740
7740
7741
7741
7742
7742
7743
7743
7744
7744
7745
7745
7746
7746
7747
7747
7748
7748
7749
7749
7750
7750
7751
7751
7752
7752
7753
7753
7754
7754
7755
7755
7756
7756
7757
7757
7758
7758
7759
7759
7760
7760
7761
7761
7762
7762
7763
7763
7764
7764
7765
7765
7766
7766
7767
7767
7768
7768
7769
7769
7770
7770
7771
7771
7772
7772
7773
7773
7774
7774
7775
7775
7776
7776
7777
7777
7778
7778
7779
7779
7780
7780
7781
7781
7782
7782
7783
7783
7784
7784
7785
7785
7786
7786
7787
7787
7788
7788
7789
7789
7790
7790
7791
7791
7792
7792
7793
7793
7794
7794
7795
7795
7796
7796
7797
7797
7798
7798
7799
7799
7800
7800
7801
7801
7802
7802
7803
7803
7804
7804
7805
7805
7806
7806
7807
7807
7808
7808
7809
7809
7810
7810
7811
7811
7812
7812
7813
7813
7814
7814
7815
7815
7816
7816
7817
7817
7818
7818
7819
7819
7820
7820
7821
7821
7822
7822
7823
7823
7824
7824
7825
7825
7826
7826
7827
7827
7828
7828
7829
7829
7830
7830
7831
7831
7832
7832
7833
7833
7834
7834
7835
7835
7836
7836
7837
7837
7838
7838
7839
7839
7840
7840
7841
7841
7842
7842
7843
7843
7844
7844
7845
7845
7846
7846
7847
7847
7848
7848
7849
7849
7850
7850
7851
7851
7852
7852
7853
7853
7854
7854
7855
7855
7856
7856
7857
7857
7858
7858
7859
7859
7860
7860
7861
7861
7862
7862
7863
7863
7864
7864
7865
7865
7866
7866
7867
7867
7868
7868
7869
7869
7870
7870
7871
7871
7872
7872
7873
7873
7874
7874
7875
7875
7876
7876
7877
7877
7878
7878
7879
7879
7880
7880
7881
7881
7882
7882
7883
7883
7884
7884
7885
7885
7886
7886
7887
7887
7888
7888
7889
7889
7890
7890
7891
7891
7892
7892
7893
7893
7894
7894
7895
7895
7896
7896
7897
7897
7898
7898
7899
7899
7900
7900
7901
7901
7902
7902
7903
7903
7904
7904
7905
7905
7906
7906
7907
7907
7908
7908
7909
7909
7910
7910
7911
7911
7912
7912
7913
7913
7914
7914
7915
7915
7916
7916
7917
7917
7918
7918
7919
7919
7920
7920
7921
7921
7922
7922
7923
7923
7924
7924
7925
7925
7926
7926
7927
7927
7928
7928
7929
7929
7930
7930
7931
7931
7932
7932
7933
7933
7934
7934
7935
7935
7936
7936
7937
7937
7938
7938
7939
7939
7940
7940
7941
7941
7942
7942
7943
7943
7944
7944
7945
7945
7946
7946
7947
7947
7948
7948
7949
7949
7950
7950
7951
7951
7952
7952
7953
7953
7954
7954
7955
7955
7956
7956
7957
7957
7958
7958
7959
7959
7960
7960
7961
7961
7962
7962
7963
7963
7964
7964
7965
7965
7966
7966
7967
7967
7968
7968
7969
7969
7970
7970
7971
7971
7972
7972
7973
7973
7974
7974
7975
7975
7976
7976
7977
7977
7978
7978
7979
7979
7980
7980
7981
7981
7982
7982
7983
7983
7984
7984
7985
7985
7986
7986
7987
7987
7988
7988
7989
7989
7990
7990
7991
7991
7992
7992
7993
7993
7994
7994
7995
7995
7996
7996
7997
7997
7998
7998
7999
7999
8000
8000
8001
8001
8002
8002
8003
8003
8004
8004
8005
8005
8006
8006
8007
8007
8008
8008
8009
8009
8010
8010
8011
8011
8012
8012
8013
8013
8014
8014
8015
8015
8016
8016
8017
8017
8018
8018
8019
8019
8020
8020
8021
8021
8022
8022
8023
8023
8024
8024
8025
8025
8026
8026
8027
8027
8028
8028
8029
8029
8030
8030
8031
8031
8032
8032
8033
8033
8034
8034
8035
8035
8036
8036
8037
8037
8038
8038
8039
8039
8040
8040
8041
8041
8042
8042
8043
8043
8044
8044
8045
8045
8046
8046
8047
8047
8048
8048
8049
8049
8050
8050
8051
8051
8052
8052
8053
8053
8054
8054
8055
8055
8056
8056
8057
8057
8058
8058
8059
8059
8060
8060
8061
8061
8062
8062
8063
8063
8064
8064
8065
8065
8066
8066
8067
8067
8068
8068
8069
8069
8070
8070
8071
8071
8072
8072
8073
8073
8074
8074
8075
8075
8076
8076
8077
8077
8078
8078
8079
8079
8080
8080
8081
8081
8082
8082
8083
8083
8084
8084
8085
8085
8086
8086
8087
8087
8088
8088
8089
8089
8090
8090
8091
8091
8092
8092
8093
8093
8094
8094
8095
8095
8096
8096
8097
8097
8098
8098
8099
8099
8100
8100
8101
8101
8102
8102
8103
8103
8104
8104
8105
8105
8106
8106
8107
8107
8108
8108
8109
8109
8110
8110
8111
8111
8112
8112
8113
8113
8114
8114
8115
8115
8116
8116
8117
8117
8118
8118
8119
8119
8120
8120
8121
8121
8122
8122
8123
8123
8124
8124
8125
8125
8126
8126
8127
8127
8128
8128
8129
8129
8130
8130
8131
8131
8132
8132
8133
8133
8134
8134
8135
8135
8136
8136
8137
8137
8138
8138
8139
8139
8140
8140
8141
8141
8142
8142
8143
8143
8144
8144
8145
8145
8146
8146
8147
8147
8148
8148
8149
8149
8150
8150
8151
8151
8152
8152
8153
8153
8154
8154
8155
8155
8156
8156
8157
8157
8158
8158
8159
8159
8160
8160
8161
8161
8162
8162
8163
8163
8164
8164
8165
8165
8166
8166
8167
8167
8168
8168
8169
8169
8170
8170
8171
8171
8172
8172
8173
8173
8174
8174
8175
8175
8176
8176
8177
8177
8178
8178
8179
8179
8180
8180
8181
8181
8182
8182
8183
8183
8184
8184
8185
8185
8186
8186
8187
8187
8188
8188
8189
8189
8190
8190
8191
8191
8192
8192
8193
8193
8194
8194
8195
8195
8196
8196
8197
8197
8198
8198
8199
8199
8200
8200
8201
8201
8202
8202
8203
8203
8204
8204
8205
8205
8206
8206
8207
8207
8208
8208
8209
8209
8210
8210
8211
8211
8212
8212
8213
8213
8214
8214
8215
8215
8216
8216
8217
8217
8218
8218
8219
8219
8220
8220
8221
8221
8222
8222
8223
8223
8224
8224
8225
8225
8226
8226
8227
8227
8228
8228
8229
8229
8230
8230
8231
8231
8232
8232
8233
8233
8234
8234
8235
8235
8236
8236
8237
8237
8238
8238
8239
8239
8240
8240
8241
8241
8242
8242
8243
8243
8244
8244
8245
8245
8246
8246
8247
8247
8248
8248
8249
8249
8250
8250
8251
8251
8252
8252
8253
8253
8254
8254
8255
8255
8256
8256
8257
8257
8258
8258
8259
8259
8260
8260
8261
8261
8262
8262
8263
8263
8264
8264
8265
8265
8266
8266
8267
8267
8268
8268
8269
8269
8270
8270
8271
8271
8272
8272
8273
8273
8274
8274
8275
8275
8276
8276
8277
8277
8278
8278
8279
8279
8280
8280
8281
8281
8282
8282
8283
8283
8284
8284
8285
8285
8286
8286
8287
8287
8288
8288
8289
8289
8290
8290
8291
8291
8292
8292
8293
8293
8294
8294
8295
8295
8296
8296
8297
8297
8298
8298
8299
8299
8300
8300
8301
8301
8302
8302
8303
8303
8304
8304
8305
8305
8306
8306
8307
8307
8308
8308
8309
8309
8310
8310
8311
8311
8312
8312
8313
8313
8314
8314
8315
8315
8316
8316
8317
8317
8318
8318
8319
8319
8320
8320
8321
8321
8322
8322
8323
8323
8324
8324
8325
8325
8326
8326
8327
8327
8328
8328
8329
8329
8330
8330
8331
8331
8332
8332
8333
8333
8334
8334
8335
8335
8336
8336
8337
8337
8338
8338
8339
8339
8340
8340
8341
8341
8342
8342
8343
8343
8344
8344
8345
8345
8346
8346
8347
8347
8348
8348
8349
8349
8350
8350
8351
8351
8352
8352
8353
8353
8354
8354
8355
8355
8356
8356
8357
8357
8358
8358
8359
8359
8360
8360
8361
8361
8362
8362
8363
8363
8364
8364
8365
8365
8366
8366
8367
8367
8368
8368
8369
8369
8370
8370
8371
8371
8372
8372
8373
8373
8374
8374
8375
8375
8376
8376
8377
8377
8378
8378
8379
8379
8380
8380
8381
8381
8382
8382
8383
8383
8384
8384
8385
8385
8386
8386
8387
8387
8388
8388
8389
8389
8390
8390
8391
8391
8392
8392
8393
8393
8394
8394
8395
8395
8396
8396
8397
8397
8398
8398
8399
8399
8400
8400
8401
8401
8402
8402
8403
8403
8404
8404
8405
8405
8406
8406
8407
8407
8408
8408
8409
8409
8410
8410
8411
8411
8412
8412
8413
8413
8414
8414
8415
8415
8416
8416
8417
8417
8418
8418
8419
8419
8420
8420
8421
8421
8422
8422
8423
8423
8424
8424
8425
8425
8426
8426
8427
8427
8428
8428
8429
8429
8430
8430
8431
8431
8432
8432
8433
8433
8434
8434
8435
8435
8436
8436
8437
8437
8438
8438
8439
8439
8440
8440
8441
8441
8442
8442
8443
8443
8444
8444
8445
8445
8446
8446
8447
8447
8448
8448
8449
8449
8450
8450
8451
8451
8452
8452
8453
8453
8454
8454
8455
8455
8456
8456
8457
8457
8458
8458
8459
8459
8460
8460
8461
8461
8462
8462
8463
8463
8464
8464
8465
8465
8466
8466
8467
8467
8468
8468
8469
8469
8470
8470
8471
8471
8472
8472
8473
8473
8474
8474
8475
8475
8476
8476
8477
8477
8478
8478
8479
8479
8480
8480
8481
8481
8482
8482
8483
8483
8484
8484
8485
8485
8486
8486
8487
8487
8488
8488
8489
8489
8490
8490
8491
8491
8492
8492
8493
8493
8494
8494
8495
8495
8496
8496
8497
8497
8498
8498
8499
8499
8500
8500
8501
8501
8502
8502
8503
8503
8504
8504
8505
8505
8506
8506
8507
8507
8508
8508
8509
8509
8510
8510
8511
8511
8512
8512
8513
8513
8514
8514
8515
8515
8516
8516
8517
8517
8518
8518
8519
8519
8520
8520
8521
8521
8522
8522
8523
8523
8524
8524
8525
8525
8526
8526
8527
8527
8528
8528
8529
8529
8530
8530
8531
8531
8532
8532
8533
8533
8534
8534
8535
8535
8536
8536
8537
8537
8538
8538
8539
8539
8540
8540
8541
8541
8542
8542
8543
8543
8544
8544
8545
8545
8546
8546
8547
8547
8548
8548
8549
8549
8550
8550
8551
8551
8552
8552
8553
8553
8554
8554
8555
8555
8556
8556
8557
8557
8558
8558
8559
8559
8560
8560
8561
8561
8562
8562
8563
8563
8564
8564
8565
8565
8566
8566
8567
8567
8568
8568
8569
8569
8570
8570
8571
8571
8572
8572
8573
8573
8574
8574
8575
8575
8576
8576
8577
8577
8578
8578
8579
8579
8580
8580
8581
8581
8582
8582
8583
8583
8584
8584
8585
8585
8586
8586
8587
8587
8588
8588
8589
8589
8590
8590
8591
8591
8592
8592
8593
8593
8594
8594
8595
8595
8596
8596
8597
8597
8598
8598
8599
8599
8600
8600
8601
8601
8602
8602
8603
8603
8604
8604
8605
8605
8606
8606
8607
8607
8608
8608
8609
8609
8610
8610
8611
8611
8612
8612
8613
8613
8614
8614
8615
8615
8616
8616
8617
8617
8618
8618
8619
8619
8620
8620
8621
8621
8622
8622
8623
8623
8624
8624
8625
8625
8626
8626
8627
8627
8628
8628
8629
8629
8630
8630
8631
8631
8632
8632
8633
8633
8634
8634
8635
8635
8636
8636
8637
8637
8638
8638
8639
8639
8640
8640
8641
8641
8642
8642
8643
8643
8644
8644
8645
8645
8646
8646
8647
8647
8648
8648
8649
8649
8650
8650
8651
8651
8652
8652
8653
8653
8654
8654
8655
8655
8656
8656
8657
8657
8658
8658
8659
8659
8660
8660
8661
8661
8662
8662
8663
8663
8664
8664
8665
8665
8666
8666
8667
8667
8668
8668
8669
8669
8670
8670
8671
8671
8672
8672
8673
8673
8674
8674
8675
8675
8676
8676
8677
8677
8678
8678
8679
8679
8680
8680
8681
8681
8682
8682
8683
8683
8684
8684
8685
8685
8686
8686
8687
8687
8688
8688
8689
8689
8690
8690
8691
8691
8692
8692
8693
8693
8694
8694
8695
8695
8696
8696
8697
8697
8698
8698
8699
8699
8700
8700
8701
8701
8702
8702
8703
8703
8704
8704
8705
8705
8706
8706
8707
8707
8708
8708
8709
8709
8710
8710
8711
8711
8712
8712
8713
8713
8714
8714
8715
8715
8716
8716
8717
8717
8718
8718
8719
8719
8720
8720
8721
8721
8722
8722
8723
8723
8724
8724
8725
8725
8726
8726
8727
8727
8728
8728
8729
8729
8730
8730
8731
8731
8732
8732
8733
8733
8734
8734
8735
8735
8736
8736
8737
8737
8738
8738
8739
8739
8740
8740
8741
8741
8742
8742
8743
8743
8744
8744
8745
8745
8746
8746
8747
8747
8748
8748
8749
8749
8750
8750
8751
8751
8752
8752
8753
8753
8754
8754
8755
8755
8756
8756
8757
8757
8758
8758
8759
8759
8760
8760
8761
8761
8762
8762
8763
8763
8764
8764
8765
8765
8766
8766
8767
8767
8768
8768
8769
8769
8770
8770
8771
8771
8772
8772
8773
8773
8774
8774
8775
8775
8776
8776
8777
8777
8778
8778
8779
8779
8780
8780
8781
8781
8782
8782
8783
8783
8784
8784
8785
8785
8786
8786
8787
8787
8788
8788
8789
8789
8790
8790
8791
8791
8792
8792
8793
8793
8794
8794
8795
8795
8796
8796
8797
8797
8798
8798
8799
8799
8800
8800
8801
8801
8802
8802
8803
8803
8804
8804
8805
8805
8806
8806
8807
8807
8808
8808
8809
8809
8810
8810
8811
8811
8812
8812
8813
8813
8814
8814
8815
8815
8816
8816
8817
8817
8818
8818
8819
8819
8820
8820
8821
8821
8822
8822
8823
8823
8824
8824
8825
8825
8826
8826
8827
8827
8828
8828
8829
8829
8830
8830
8831
8831
8832
8832
8833
8833
8834
8834
8835
8835
8836
8836
8837
8837
8838
8838
8839
8839
8840
8840
8841
8841
8842
8842
8843
8843
8844
8844
8845
8845
8846
8846
8847
8847
8848
8848
8849
8849
8850
8850
8851
8851
8852
8852
8853
8853
8854
8854
8855
8855
8856
8856
8857
8857
8858
8858
8859
8859
8860
8860
8861
8861
8862
8862
8863
8863
8864
8864
8865
8865
8866
8866
8867
8867
8868
8868
8869
8869
8870
8870
8871
8871
8872
8872
8873
8873
8874
8874
8875
8875
8876
8876
8877
8877
8878
8878
8879
8879
8880
8880
8881
8881
8882
8882
8883
8883
8884
8884
8885
8885
8886
8886
8887
8887
8888
8888
8889
8889
8890
8890
8891
8891
8892
8892
8893
8893
8894
8894
8895
8895
8896
8896
8897
8897
8898
8898
8899
8899
8900
8900
8901
8901
8902
8902
8903
8903
8904
8904
8905
8905
8906
8906
8907
8907
8908
8908
8909
8909
8910
8910
8911
8911
8912
8912
8913
8913
8914
8914
8915
8915
8916
8916
8917
8917
8918
8918
8919
8919
8920
8920
8921
8921
8922
8922
8923
8923
8924
8924
8925
8925
8926
8926
8927
8927
8928
8928
8929
8929
8930
8930
8931
8931
8932
8932
8933
8933
8934
8934
8935
8935
8936
8936
8937
8937
8938
8938
8939
8939
8940
8940
8941
8941
8942
8942
8943
8943
8944
8944
8945
8945
8946
8946
8947
8947
8948
8948
8949
8949
8950
8950
8951
8951
8952
8952
8953
8953
8954
8954
8955
8955
8956
8956
8957
8957
8958
8958
8959
8959
8960
8960
8961
8961
8962
8962
8963
8963
8964
8964
8965
8965
8966
8966
8967
8967
8968
8968
8969
8969
8970
8970
8971
8971
8972
8972
8973
8973
8974
8974
8975
8975
8976
8976
8977
8977
8978
8978
8979
8979
8980
8980
8981
8981
8982
8982
8983
8983
8984
8984
8985
8985
8986
8986
8987
8987
8988
8988
8989
8989
8990
8990
8991
8991
8992
8992
8993
8993
8994
8994
8995
8995
8996
8996
8997
8997
8998
8998
8999
8999
9000
9000
9001
9001
9002
9002
9003
9003
9004
9004
9005
9005
9006
9006
9007
9007
9008
9008
9009
9009
9010
9010
9011
9011
9012
9012
9013
9013
9014
9014
9015
9015
9016
9016
9017
9017
9018
9018
9019
9019
9020
9020
9021
9021
9022
9022
9023
9023
9024
9024
9025
9025
9026
9026
9027
9027
9028
9028
9029
9029
9030
9030
9031
9031
9032
9032
9033
9033
9034
9034
9035
9035
9036
9036
9037
9037
9038
9038
9039
9039
9040
9040
9041
9041
9042
9042
9043
9043
9044
9044
9045
9045
9046
9046
9047
9047
9048
9048
9049
9049
9050
9050
9051
9051
9052
9052
9053
9053
9054
9054
9055
9055
9056
9056
9057
9057
9058
9058
9059
9059
9060
9060
9061
9061
9062
9062
9063
9063
9064
9064
9065
9065
9066
9066
9067
9067
9068
9068
9069
9069
9070
9070
9071
9071
9072
9072
9073
9073
9074
9074
9075
9075
9076
9076
9077
9077
9078
9078
9079
9079
9080
9080
9081
9081
9082
9082
9083
9083
9084
9084
9085
9085
9086
9086
9087
9087
9088
9088
9089
9089
9090
9090
9091
9091
9092
9092
9093
9093
9094
9094
9095
9095
9096
9096
9097
9097
9098
9098
9099
9099
9100
9100
9101
9101
9102
9102
9103
9103
9104
9104
9105
9105
9106
9106
9107
9107
9108
9108
9109
9109
9110
9110
9111
9111
9112
9112
9113
9113
9114
9114
9115
9115
9116
9116
9117
9117
9118
9118
9119
9119
9120
9120
9121
9121
9122
9122
9123
9123
9124
9124
9125
9125
9126
9126
9127
9127
9128
9128
9129
9129
9130
9130
9131
9131
9132
9132
9133
9133
9134
9134
9135
9135
9136
9136
9137
9137
9138
9138
9139
9139
9140
9140
9141
9141
9142
9142
9143
9143
9144
9144
9145
9145
9146
9146
9147
9147
9148
9148
9149
9149
9150
9150
9151
9151
9152
9152
9153
9153
9154
9154
9155
9155
9156
9156
9157
9157
9158
9158
9159
9159
9160
9160
9161
9161
9162
9162
9163
9163
9164
9164
9165
9165
9166
9166
9167
9167
9168
9168
9169
9169
9170
9170
9171
9171
9172
9172
9173
9173
9174
9174
9175
9175
9176
9176
9177
9177
9178
9178
9179
9179
9180
9180
9181
9181
9182
9182
9183
9183
9184
9184
9185
9185
9186
9186
9187
9187
9188
9188
9189
9189
9190
9190
9191
9191
9192
9192
9193
9193
9194
9194
9195
9195
9196
9196
9197
9197
9198
9198
9199
9199
9200
9200
9201
9201
9202
9202
9203
9203
9204
9204
9205
9205
9206
9206
9207
9207
9208
9208
9209
9209
9210
9210
9211
9211
9212
9212
9213
9213
9214
9214
9215
9215
9216
9216
9217
9217
9218
9218
9219
9219
9220
9220
9221
9221
9222
9222
9223
9223
9224
9224
9225
9225
9226
9226
9227
9227
9228
9228
9229
9229
9230
9230
9231
9231
9232
9232
9233
9233
9234
9234
9235
9235
9236
9236
9237
9237
9238
9238
9239
9239
9240
9240
9241
9241
9242
9242
9243
9243
9244
9244
9245
9245
9246
9246
9247
9247
9248
9248
9249
9249
9250
9250
9251
9251
9252
9252
9253
9253
9254
9254
9255
9255
9256
9256
9257
9257
9258
9258
9259
9259
9260
9260
9261
9261
9262
9262
9263
9263
9264
9264
9265
9265
9266
9266
9267
9267
9268
9268
9269
9269
9270
9270
9271
9271
9272
9272
9273
9273
9274
9274
9275
9275
9276
9276
9277
9277
9278
9278
9279
9279
9280
9280
9281
9281
9282
9282
9283
9283
9284
9284
9285
9285
9286
9286
9287
9287
9288
9288
9289
9289
9290
9290
9291
9291
9292
9292
9293
9293
9294
9294
9295
9295
9296
9296
9297
9297
9298
9298
9299
9299
9300
9300
9301
9301
9302
9302
9303
9303
9304
9304
9305
9305
9306
9306
9307
9307
9308
9308
9309
9309
9310
9310
9311
9311
9312
9312
9313
9313
9314
9314
9315
9315
9316
9316
9317
9317
9318
9318
9319
9319
9320
9320
9321
9321
9322
9322
9323
9323
9324
9324
9325
9325
9326
9326
9327
9327
9328
9328
9329
9329
9330
9330
9331
9331
9332
9332
9333
9333
9334
9334
9335
9335
9336
9336
9337
9337
9338
9338
9339
9339
9340
9340
9341
9341
9342
9342
9343
9343
9344
9344
9345
9345
9346
9346
9347
9347
9348
9348
9349
9349
9350
9350
9351
9351
9352
9352
9353
9353
9354
9354
9355
9355
9356
9356
9357
9357
9358
9358
9359
9359
9360
9360
9361
9361
9362
9362
9363
9363
9364
9364
9365
9365
9366
9366
9367
9367
9368
9368
9369
9369
9370
9370
9371
9371
9372
9372
9373
9373
9374
9374
9375
9375
9376
9376
9377
9377
9378
9378
9379
9379
9380
9380
9381
9381
9382
9382
9383
9383
9384
9384
9385
9385
9386
9386
9387
9387
9388
9388
9389
9389
9390
9390
9391
9391
9392
9392
9393
9393
9394
9394
9395
9395
9396
9396
9397
9397
9398
9398
9399
9399
9400
9400
9401
9401
9402
9402
9403
9403
9404
9404
9405
9405
9406
9406
9407
9407
9408
9408
9409
9409
9410
9410
9411
9411
9412
9412
9413
9413
9414
9414
9415
9415
9416
9416
9417
9417
9418
9418
9419
9419
9420
9420
9421
9421
9422
9422
9423
9423
9424
9424
9425
9425
9426
9426
9427
9427
9428
9428
9429
9429
9430
9430
9431
9431
9432
9432
9433
9433
9434
9434
9435
9435
9436
9436
9437
9437
9438
9438
9439
9439
9440
9440
9441
9441
9442
9442
9443
9443
9444
9444
9445
9445
9446
9446
9447
9447
9448
9448
9449
9449
9450
9450
9451
9451
9452
9452
9453
9453
9454
9454
9455
9455
9456
9456
9457
9457
9458
9458
9459
9459
9460
9460
9461
9461
9462
9462
9463
9463
9464
9464
9465
9465
9466
9466
9467
9467
9468
9468
9469
9469
9470
9470
9471
9471
9472
9472
9473
9473
9474
9474
9475
9475
9476
9476
9477
9477
9478
9478
9479
9479
9480
9480
9481
9481
9482
9482
9483
9483
9484
9484
9485
9485
9486
9486
9487
9487
9488
9488
9489
9489
9490
9490
9491
9491
9492
9492
9493
9493
9494
9494
9495
9495
9496
9496
9497
9497
9498
9498
9499
9499
9500
9500
9501
9501
9502
9502
9503
9503
9504
9504
9505
9505
9506
9506
9507
9507
9508
9508
9509
9509
9510
9510
9511
9511
9512
9512
9513
9513
9514
9514
9515
9515
9516
9516
9517
9517
9518
9518
9519
9519
9520
9520
9521
9521
9522
9522
9523
9523
9524
9524
9525
9525
9526
9526
9527
9527
9528
9528
9529
9529
9530
9530
9531
9531
9532
9532
9533
9533
9534
9534
9535
9535
9536
9536
9537
9537
9538
9538
9539
9539
9540
9540
9541
9541
9542
9542
9543
9543
9544
9544
9545
9545
9546
9546
9547
9547
9548
9548
9549
9549
9550
9550
9551
9551
9552
9552
9553
9553
9554
9554
9555
9555
9556
9556
9557
9557
9558
9558
9559
9559
9560
9560
9561
9561
9562
9562
9563
9563
9564
9564
9565
9565
9566
9566
9567
9567
9568
9568
9569
9569
9570
9570
9571
9571
9572
9572
9573
9573
9574
9574
9575
9575
9576
9576
9577
9577
9578
9578
9579
9579
9580
9580
9581
9581
9582
9582
9583
9583
9584
9584
9585
9585
9586
9586
9587
9587
9588
9588
9589
9589
9590
9590
9591
9591
9592
9592
9593
9593
9594
9594
9595
9595
9596
9596
9597
9597
9598
9598
9599
9599
9600
9600
9601
9601
9602
9602
9603
9603
9604
9604
9605
9605
9606
9606
9607
9607
9608
9608
9609
9609
9610
9610
9611
9611
9612
9612
9613
9613
9614
9614
9615
9615
9616
9616
9617
9617
9618
9618
9619
9619
9620
9620
9621
9621
9622
9622
9623
9623
9624
9624
9625
9625
9626
9626
9627
9627
9628
9628
9629
9629
9630
9630
9631
9631
9632
9632
9633
9633
9634
9634
9635
9635
9636
9636
9637
9637
9638
9638
9639
9639
9640
9640
9641
9641
9642
9642
9643
9643
9644
9644
9645
9645
9646
9646
9647
9647
9648
9648
9649
9649
9650
9650
9651
9651
9652
9652
9653
9653
9654
9654
9655
9655
9656
9656
9657
9657
9658
9658
9659
9659
9660
9660
9661
9661
9662
9662
9663
9663
9664
9664
9665
9665
9666
9666
9667
9667
9668
9668
9669
9669
9670
9670
9671
9671
9672
9672
9673
9673
9674
9674
9675
9675
9676
9676
9677
9677
9678
9678
9679
9679
9680
9680
9681
9681
9682
9682
9683
9683
9684
9684
9685
9685
9686
9686
9687
9687
9688
9688
9689
9689
9690
9690
9691
9691
9692
9692
9693
9693
9694
9694
9695
9695
9696
9696
9697
9697
9698
9698
9699
9699
9700
9700
9701
9701
9702
9702
9703
9703
9704
9704
9705
9705
9706
9706
9707
9707
9708
9708
9709
9709
9710
9710
9711
9711
9712
9712
9713
9713
9714
9714
9715
9715
9716
9716
9717
9717
9718
9718
9719
9719
9720
9720
9721
9721
9722
9722
9723
9723
9724
9724
9725
9725
9726
9726
9727
9727
9728
9728
9729
9729
9730
9730
9731
9731
9732
9732
9733
9733
9734
9734
9735
9735
9736
9736
9737
9737
9738
9738
9739
9739
9740
9740
9741
9741
9742
9742
9743
9743
9744
9744
9745
9745
9746
9746
9747
9747
9748
9748
9749
9749
9750
9750
9751
9751
9752
9752
9753
9753
9754
9754
9755
9755
9756
9756
9757
9757
9758
9758
9759
9759
9760
9760
9761
9761
9762
9762
9763
9763
9764
9764
9765
9765
9766
9766
9767
9767
9768
9768
9769
9769
9770
9770
9771
9771
9772
9772
9773
9773
9774
9774
9775
9775
9776
9776
9777
9777
9778
9778
9779
9779
9780
9780
9781
9781
9782
9782
9783
9783
9784
9784
9785
9785
9786
9786
9787
9787
9788
9788
9789
9789
9790
9790
9791
9791
9792
9792
9793
9793
9794
9794
9795
9795
9796
9796
9797
9797
9798
9798
9799
9799
9800
9800
9801
9801
9802
9802
9803
9803
9804
9804
9805
9805
9806
9806
9807
9807
9808
9808
9809
9809
9810
9810
9811
9811
9812
9812
9813
9813
9814
9814
9815
9815
9816
9816
9817
9817
9818
9818
9819
9819
9820
9820
9821
9821
9822
9822
9823
9823
9824
9824
9825
9825
9826
9826
9827
9827
9828
9828
9829
9829
9830
9830
9831
9831
9832
9832
9833
9833
9834
9834
9835
9835
9836
9836
9837
9837
9838
9838
9839
9839
9840
9840
9841
9841
9842
9842
9843
9843
9844
9844
9845
9845
9846
9846
9847
9847
9848
9848
9849
9849
9850
9850
9851
9851
9852
9852
9853
9853
9854
9854
9855
9855
9856
9856
9857
9857
9858
9858
9859
9859
9860
9860
9861
9861
9862
9862
9863
9863
9864
9864
9865
9865
9866
9866
9867
9867
9868
9868
9869
9869
9870
9870
9871
9871
9872
9872
9873
9873
9874
9874
9875
9875
9876
9876
9877
9877
9878
9878
9879
9879
9880
9880
9881
9881
9882
9882
9883
9883
9884
9884
9885
9885
9886
9886
9887
9887
9888
9888
9889
9889
9890
9890
9891
9891
9892
9892
9893
9893
9894
9894
9895
9895
9896
9896
9897
9897
9898
9898
9899
9899
9900
9900
9901
9901
9902
9902
9903
9903
9904
9904
9905
9905
9906
9906
9907
9907
9908
9908
9909
9909
9910
9910
9911
9911
9912
9912
9913
9913
9914
9914
9915
9915
9916
9916
9917
9917
9918
9918
9919
9919
9920
9920
9921
9921
9922
9922
9923
9923
9924
9924
9925
9925
9926
9926
9927
9927
9928
9928
9929
9929
9930
9930
9931
9931
9932
9932
9933
9933
9934
9934
9935
9935
9936
9936
9937
9937
9938
9938
9939
9939
9940
9940
9941
9941
9942
9942
9943
9943
9944
9944
9945
9945
9946
9946
9947
9947
9948
9948
9949
9949
9950
9950
9951
9951
9952
9952
9953
9953
9954
9954
9955
9955
9956
9956
9957
9957
9958
9958
9959
9959
9960
9960
9961
9961
9962
9962
9963
9963
9964
9964
9965
9965
9966
9966
9967
9967
9968
9968
9969
9969
9970
9970
9971
9971
9972
9972
9973
9973
9974
9974
9975
9975
9976
9976
9977
9977
9978
9978
9979
9979
9980
9980
9981
9981
9982
9982
9983
9983
9984
9984
9985
9985
9986
9986
9987
9987
9988
9988
9989
9989
9990
9990
9991
9991
9992
9992
9993
9993
9994
9994
9995
9995
9996
9996
9997
9997
9998
9998
9999
9999
10000
10000
10001
10001
10002
10002
10003
10003
10004
10004
10005
10005
10006
10006
10007
10007
10008
10008
10009
10009
10010
10010
10011
10011
10012
10012
10013
10013
10014
10014
10015
10015
10016
10016
10017
10017
10018
10018
10019
10019
10020
10020
10021
10021
10022
10022
10023
10023
10024
10024
10025
10025
10026
10026
10027
10027
10028
10028
10029
10029
10030
10030
10031
10031
10032
10032
10033
10033
10034
10034
10035
10035
10036
10036
10037
10037
10038
10038
10039
10039
10040
10040
10041
10041
10042
10042
10043
10043
10044
10044
10045
10045
10046
10046
10047
10047
10048
10048
10049
10049
10050
10050
10051
10051
10052
10052
10053
10053
10054
10054
10055
10055
10056
10056
10057
10057
10058
10058
10059
10059
10060
10060
10061
10061
10062
10062
10063
10063
10064
10064
10065
10065
10066
10066
10067
10067
10068
10068
10069
10069
10070
10070
10071
10071
10072
10072
10073
10073
10074
10074
10075
10075
10076
10076
10077
10077
10078
10078
10079
10079
10080
10080
10081
10081
10082
10082
10083
10083
10084
10084
10085
10085
10086
10086
10087
10087
10088
10088
10089
10089
10090
10090
10091
10091
10092
10092
10093
10093
10094
10094
10095
10095
10096
10096
10097
10097
10098
10098
10099
10099
10100
10100
10101
10101
10102
10102
10103
10103
10104
10104
10105
10105
10106
10106
10107
10107
10108
10108
10109
10109
10110
10110
10111
10111
10112
10112
10113
10113
10114
10114
10115
10115
10116
10116
10117
10117
10118
10118
10119
10119
10120
10120
10121
10121
10122
10122
10123
10123
10124
10124
10125
10125
10126
10126
10127
10127
10128
10128
10129
10129
10130
10130
10131
10131
10132
10132
10133
10133
10134
10134
10135
10135
10136
10136
10137
10137
10138
10138
10139
10139
10140
10140
10141
10141
10142
10142
10143
10143
10144
10144
10145
10145
10146
10146
10147
10147
10148
10148
10149
10149
10150
10150
10151
10151
10152
10152
10153
10153
10154
10154
10155
10155
10156
10156
10157
10157
10158
10158
10159
10159
10160
10160
10161
10161
10162
10162
10163
10163
10164
10164
10165
10165
10166
10166
10167
10167
10168
10168
10169
10169
10170
10170
10171
10171
10172
10172
10173
10173
10174
10174
10175
10175
10176
10176
10177
10177
10178
10178
10179
10179
10180
10180
10181
10181
10182
10182
10183
10183
10184
10184
10185
10185
10186
10186
10187
10187
10188
10188
10189
10189
10190
10190
10191
10191
10192
10192
10193
10193
10194
10194
10195
10195
10196
10196
10197
10197
10198
10198
10199
10199
10200
10200
10201
10201
10202
10202
10203
10203
10204
10204
10205
10205
10206
10206
10207
10207
10208
10208
10209
10209
10210
10210
10211
10211
10212
10212
10213
10213
10214
10214
10215
10215
10216
10216
10217
10217
10218
10218
10219
10219
10220
10220
10221
10221
10222
10222
10223
10223
10224
10224
10225
10225
10226
10226
10227
10227
10228
10228
10229
10229
10230
10230
10231
10231
10232
10232
10233
10233
10234
10234
10235
10235
10236
10236
10237
10237
10238
10238
10239
10239
10240
10240
10241
10241
10242
10242
10243
10243
10244
10244
10245
10245
10246
10246
10247
10247
10248
10248
10249
10249
10250
10250
10251
10251
10252
10252
10253
10253
10254
10254
10255
10255
10256
10256
10257
10257
10258
10258
10259
10259
10260
10260
10261
10261
10262
10262
10263
10263
10264
10264
10265
10265
10266
10266
10267
10267
10268
10268
10269
10269
10270
10270
10271
10271
10272
10272
10273
10273
10274
10274
10275
10275
10276
10276
10277
10277
10278
10278
10279
10279
10280
10280
10281
10281
10282
10282
10283
10283
10284
10284
10285
10285
10286
10286
10287
10287
10288
10288
10289
10289
10290
10290
10291
10291
10292
10292
10293
10293
10294
10294
10295
10295
10296
10296
10297
10297
10298
10298
10299
10299
10300
10300
10301
10301
10302
10302
10303
10303
10304
10304
10305
10305
10306
10306
10307
10307
10308
10308
10309
10309
10310
10310
10311
10311
10312
10312
10313
10313
10314
10314
10315
10315
10316
10316
10317
10317
10318
10318
10319
10319
10320
10320
10321
10321
10322
10322
10323
10323
10324
10324
10325
10325
10326
10326
10327
10327
10328
10328
10329
10329
10330
10330
10331
10331
10332
10332
10333
10333
10334
10334
10335
10335
10336
10336
10337
10337
10338
10338
10339
10339
10340
10340
10341
10341
10342
10342
10343
10343
10344
10344
10345
10345
10346
10346
10347
10347
10348
10348
10349
10349
10350
10350
10351
10351
10352
10352
10353
10353
10354
10354
10355
10355
10356
10356
10357
10357
10358
10358
10359
10359
10360
10360
10361
10361
10362
10362
10363
10363
10364
10364
10365
10365
10366
10366
10367
10367
10368
10368
10369
10369
10370
10370
10371
10371
10372
10372
10373
10373
10374
10374
10375
10375
10376
10376
10377
10377
10378
10378
10379
10379
10380
10380
10381
10381
10382
10382
10383
10383
10384
10384
10385
10385
10386
10386
10387
10387
10388
10388
10389
10389
10390
10390
10391
10391
10392
10392
10393
10393
10394
10394
10395
10395
10396
10396
10397
10397
10398
10398
10399
10399
10400
10400
10401
10401
10402
10402
10403
10403
10404
10404
10405
10405
10406
10406
10407
10407
10408
10408
10409
10409
10410
10410
10411
10411
10412
10412
10413
10413
10414
10414
10415
10415
10416
10416
10417
10417
10418
10418
10419
10419
10420
10420
10421
10421
10422
10422
10423
10423
10424
10424
10425
10425
10426
10426
10427
10427
10428
10428
10429
10429
10430
10430
10431
10431
10432
10432
10433
10433
10434
10434
10435
10435
10436
10436
10437
10437
10438
10438
10439
10439
10440
10440
10441
10441
10442
10442
10443
10443
10444
10444
10445
10445
10446
10446
10447
10447
10448
10448
10449
10449
10450
10450
10451
10451
10452
10452
10453
10453
10454
10454
10455
10455
10456
10456
10457
10457
10458
10458
10459
10459
10460
10460
10461
10461
10462
10462
10463
10463
10464
10464
10465
10465
10466
10466
10467
10467
10468
10468
10469
10469
10470
10470
10471
10471
10472
10472
10473
10473
10474
10474
10475
10475
10476
10476
10477
10477
10478
10478
10479
10479
10480
10480
10481
10481
10482
10482
10483
10483
10484
10484
10485
10485
10486
10486
10487
10487
10488
10488
10489
10489
10490
10490
10491
10491
10492
10492
10493
10493
10494
10494
10495
10495
10496
10496
10497
10497
10498
10498
10499
10499
10500
10500
10501
10501
10502
10502
10503
10503
10504
10504
10505
10505
10506
10506
10507
10507
10508
10508
10509
10509
10510
10510
10511
10511
10512
10512
10513
10513
10514
10514
10515
10515
10516
10516
10517
10517
10518
10518
10519
10519
10520
10520
10521
10521
10522
10522
10523
10523
10524
10524
10525
10525
10526
10526
10527
10527
10528
10528
10529
10529
10530
10530
10531
10531
10532
10532
10533
10533
10534
10534
10535
10535
10536
10536
10537
10537
10538
10538
10539
10539
10540
10540
10541
10541
10542
10542
10543
10543
10544
10544
10545
10545
10546
10546
10547
10547
10548
10548
10549
10549
10550
10550
10551
10551
10552
10552
10553
10553
10554
10554
10555
10555
10556
10556
10557
10557
10558
10558
10559
10559
10560
10560
10561
10561
10562
10562
10563
10563
10564
10564
10565
10565
10566
10566
10567
10567
10568
10568
10569
10569
10570
10570
10571
10571
10572
10572
10573
10573
10574
10574
10575
10575
10576
10576
10577
10577
10578
10578
10579
10579
10580
10580
10581
10581
10582
10582
10583
10583
10584
10584
10585
10585
10586
10586
10587
10587
10588
10588
10589
10589
10590
10590
10591
10591
10592
10592
10593
10593
10594
10594
10595
10595
10596
10596
10597
10597
10598
10598
10599
10599
10600
10600
10601
10601
10602
10602
10603
10603
10604
10604
10605
10605
10606
10606
10607
10607
10608
10608
10609
10609
10610
10610
10611
10611
10612
10612
10613
10613
10614
10614
10615
10615
10616
10616
10617
10617
10618
10618
10619
10619
10620
10620
10621
10621
10622
10622
10623
10623
10624
10624
10625
10625
10626
10626
10627
10627
10628
10628
10629
10629
10630
10630
10631
10631
10632
10632
10633
10633
10634
10634
10635
10635
10636
10636
10637
10637
10638
10638
10639
10639
10640
10640
10641
10641
10642
10642
10643
10643
10644
10644
10645
10645
10646
10646
10647
10647
10648
10648
10649
10649
10650
10650
10651
10651
10652
10652
10653
10653
10654
10654
10655
10655
10656
10656
10657
10657
10658
10658
10659
10659
10660
10660
10661
10661
10662
10662
10663
10663
10664
10664
10665
10665
10666
10666
10667
10667
10668
10668
10669
10669
10670
10670
10671
10671
10672
10672
10673
10673
10674
10674
10675
10675
10676
10676
10677
10677
10678
10678
10679
10679
10680
10680
10681
10681
10682
10682
10683
10683
10684
10684
10685
10685
10686
10686
10687
10687
10688
10688
10689
10689
10690
10690
10691
10691
10692
10692
10693
10693
10694
10694
10695
10695
10696
10696
10697
10697
10698
10698
10699
10699
10700
10700
10701
10701
10702
10702
10703
10703
10704
10704
10705
10705
10706
10706
10707
10707
10708
10708
10709
10709
10710
10710
10711
10711
10712
10712
10713
10713
10714
10714
10715
10715
10716
10716
10717
10717
10718
10718
10719
10719
10720
10720
10721
10721
10722
10722
10723
10723
10724
10724
10725
10725
10726
10726
10727
10727
10728
10728
10729
10729
10730
10730
10731
10731
10732
10732
10733
10733
10734
10734
10735
10735
10736
10736
10737
10737
10738
10738
10739
10739
10740
10740
10741
10741
10742
10742
10743
10743
10744
10744
10745
10745
10746
10746
10747
10747
10748
10748
10749
10749
10750
10750
10751
10751
10752
10752
10753
10753
10754
10754
10755
10755
10756
10756
10757
10757
10758
10758
10759
10759
10760
10760
10761
10761
10762
10762
10763
10763
10764
10764
10765
10765
10766
10766
10767
10767
10768
10768
10769
10769
10770
10770
10771
10771
10772
10772
10773
10773
10774
10774
10775
10775
10776
10776
10777
10777
10778
10778
10779
10779
10780
10780
10781
10781
10782
10782
10783
10783
10784
10784
10785
10785
10786
10786
10787
10787
10788
10788
10789
10789
10790
10790
10791
10791
10792
10792
10793
10793
10794
10794
10795
10795
10796
10796
10797
10797
10798
10798
10799
10799
10800
10800
10801
10801
10802
10802
10803
10803
10804
10804
10805
10805
10806
10806
10807
10807
10808
10808
10809
10809
10810
10810
10811
10811
10812
10812
10813
10813
10814
10814
10815
10815
10816
10816
10817
10817
10818
10818
10819
10819
10820
10820
10821
10821
10822
10822
10823
10823
10824
10824
10825
10825
10826
10826
10827
10827
10828
10828
10829
10829
10830
10830
10831
10831
10832
10832
10833
10833
10834
10834
10835
10835
10836
10836
10837
10837
10838
10838
10839
10839
10840
10840
10841
10841
10842
10842
10843
10843
10844
10844
10845
10845
10846
10846
10847
10847
10848
10848
10849
10849
10850
10850
10851
10851
10852
10852
10853
10853
10854
10854
10855
10855
10856
10856
10857
10857
10858
10858
10859
10859
10860
10860
10861
10861
10862
10862
10863
10863
10864
10864
10865
10865
10866
10866
10867
10867
10868
10868
10869
10869
10870
10870
10871
10871
10872
10872
10873
10873
10874
10874
10875
10875
10876
10876
10877
10877
10878
10878
10879
10879
10880
10880
10881
10881
10882
10882
10883
10883
10884
10884
10885
10885
10886
10886
10887
10887
10888
10888
10889
10889
10890
10890
10891
10891
10892
10892
10893
10893
10894
10894
10895
10895
10896
10896
10897
10897
10898
10898
10899
10899
10900
10900
10901
10901
10902
10902
10903
10903
10904
10904
10905
10905
10906
10906
10907
10907
10908
10908
10909
10909
10910
10910
10911
10911
10912
10912
10913
10913
10914
10914
10915
10915
10916
10916
10917
10917
10918
10918
10919
10919
10920
10920
10921
10921
10922
10922
10923
10923
10924
10924
10925
10925
10926
10926
10927
10927
10928
10928
10929
10929
10930
10930
10931
10931
10932
10932
10933
10933
10934
10934
10935
10935
10936
10936
10937
10937
10938
10938
10939
10939
10940
10940
10941
10941
10942
10942
10943
10943
10944
10944
10945
10945
10946
10946
10947
10947
10948
10948
10949
10949
10950
10950
10951
10951
10952
10952
10953
10953
10954
10954
10955
10955
10956
10956
10957
10957
10958
10958
10959
10959
10960
10960
10961
10961
10962
10962
10963
10963
10964
10964
10965
10965
10966
10966
10967
10967
10968
10968
10969
10969
10970
10970
10971
10971
10972
10972
10973
10973
10974
10974
10975
10975
10976
10976
10977
10977
10978
10978
10979
10979
10980
10980
10981
10981
10982
10982
10983
10983
10984
10984
10985
10985
10986
10986
10987
10987
10988
10988
10989
10989
10990
10990
10991
10991
10992
10992
10993
10993
10994
10994
10995
10995
10996
10996
10997
10997
10998
10998
10999
10999
11000
11000
11001
11001
11002
11002
11003
11003
11004
11004
11005
11005
11006
11006
11007
11007
11008
11008
11009
11009
11010
11010
11011
11011
11012
11012
11013
11013
11014
11014
11015
11015
11016
11016
11017
11017
11018
11018
11019
11019
11020
11020
11021
11021
11022
11022
11023
11023
11024
11024
11025
11025
11026
11026
11027
11027
11028
11028
11029
11029
11030
11030
11031
11031
11032
11032
11033
11033
11034
11034
11035
11035
11036
11036
11037
11037
11038
11038
11039
11039
11040
11040
11041
11041
11042
11042
11043
11043
11044
11044
11045
11045
11046
11046
11047
11047
11048
11048
11049
11049
11050
11050
11051
11051
11052
11052
11053
11053
11054
11054
11055
11055
11056
11056
11057
11057
11058
11058
11059
11059
11060
11060
11061
11061
11062
11062
11063
11063
11064
11064
11065
11065
11066
11066
11067
11067
11068
11068
11069
11069
11070
11070
11071
11071
11072
11072
11073
11073
11074
11074
11075
11075
11076
11076
11077
11077
11078
11078
11079
11079
11080
11080
11081
11081
11082
11082
11083
11083
11084
11084
11085
11085
11086
11086
11087
11087
11088
11088
11089
11089
11090
11090
11091
11091
11092
11092
11093
11093
11094
11094
11095
11095
11096
11096
11097
11097
11098
11098
11099
11099
11100
11100
11101
11101
11102
11102
11103
11103
11104
11104
11105
11105
11106
11106
11107
11107
11108
11108
11109
11109
11110
11110
11111
11111
11112
11112
11113
11113
11114
11114
11115
11115
11116
11116
11117
11117
11118
11118
11119
11119
11120
11120
11121
11121
11122
11122
11123
11123
11124
11124
11125
11125
11126
11126
11127
11127
11128
11128
11129
11129
11130
11130
11131
11131
11132
11132
11133
11133
11134
11134
11135
11135
11136
11136
11137
11137
11138
11138
11139
11139
11140
11140
11141
11141
11142
11142
11143
11143
11144
11144
11145
11145
11146
11146
11147
11147
11148
11148
11149
11149
11150
11150
11151
11151
11152
11152
11153
11153
11154
11154
11155
11155
11156
11156
11157
11157
11158
11158
11159
11159
11160
11160
11161
11161
11162
11162
11163
11163
11164
11164
11165
11165
11166
11166
11167
11167
11168
11168
11169
11169
11170
11170
11171
11171
11172
11172
11173
11173
11174
11174
11175
11175
11176
11176
11177
11177
11178
11178
11179
11179
11180
11180
11181
11181
11182
11182
11183
11183
11184
11184
11185
11185
11186
11186
11187
11187
11188
11188
11189
11189
11190
11190
11191
11191
11192
11192
11193
11193
11194
11194
11195
11195
11196
11196
11197
11197
11198
11198
11199
11199
11200
11200
11201
11201
11202
11202
11203
11203
11204
11204
11205
11205
11206
11206
11207
11207
11208
11208
11209
11209
11210
11210
11211
11211
11212
11212
11213
11213
11214
11214
11215
11215
11216
11216
11217
11217
11218
11218
11219
11219
11220
11220
11221
11221
11222
11222
11223
11223
11224
11224
11225
11225
11226
11226
11227
11227
11228
11228
11229
11229
11230
11230
11231
11231
11232
11232
11233
11233
11234
11234
11235
11235
11236
11236
11237
11237
11238
11238
11239
11239
11240
11240
11241
11241
11242
11242
11243
11243
11244
11244
11245
11245
11246
11246
11247
11247
11248
11248
11249
11249
11250
11250
11251
11251
11252
11252
11253
11253
11254
11254
11255
11255
11256
11256
11257
11257
11258
11258
11259
11259
11260
11260
11261
11261
11262
11262
11263
11263
11264
11264
11265
11265
11266
11266
11267
11267
11268
11268
11269
11269
11270
11270
11271
11271
11272
11272
11273
11273
11274
11274
11275
11275
11276
11276
11277
11277
11278
11278
11279
11279
11280
11280
11281
11281
11282
11282
11283
11283
11284
11284
11285
11285
11286
11286
11287
11287
11288
11288
11289
11289
11290
11290
11291
11291
11292
11292
11293
11293
11294
11294
11295
11295
11296
11296
11297
11297
11298
11298
11299
11299
11300
11300
11301
11301
11302
11302
11303
11303
11304
11304
11305
11305
11306
11306
11307
11307
11308
11308
11309
11309
11310
11310
11311
11311
11312
11312
11313
11313
11314
11314
11315
11315
11316
11316
11317
11317
11318
11318
11319
11319
11320
11320
11321
11321
11322
11322
11323
11323
11324
11324
11325
11325
11326
11326
11327
11327
11328
11328
11329
11329
11330
11330
11331
11331
11332
11332
11333
11333
11334
11334
11335
11335
11336
11336
11337
11337
11338
11338
11339
11339
11340
11340
11341
11341
11342
11342
11343
11343
11344
11344
11345
11345
11346
11346
11347
11347
11348
11348
11349
11349
11350
11350
11351
11351
11352
11352
11353
11353
11354
11354
11355
11355
11356
11356
11357
11357
11358
11358
11359
11359
11360
11360
11361
11361
11362
11362
11363
11363
11364
11364
11365
11365
11366
11366
11367
11367
11368
11368
11369
11369
11370
11370
11371
11371
11372
11372
11373
11373
11374
11374
11375
11375
11376
11376
11377
11377
11378
11378
11379
11379
11380
11380
11381
11381
11382
11382
11383
11383
11384
11384
11385
11385
11386
11386
11387
11387
11388
11388
11389
11389
11390
11390
11391
11391
11392
11392
11393
11393
11394
11394
11395
11395
11396
11396
11397
11397
11398
11398
11399
11399
11400
11400
11401
11401
11402
11402
11403
11403
11404
11404
11405
11405
11406
11406
11407
11407
11408
11408
11409
11409
11410
11410
11411
11411
11412
11412
11413
11413
11414
11414
11415
11415
11416
11416
11417
11417
11418
11418
11419
11419
11420
11420
11421
11421
11422
11422
11423
11423
11424
11424
11425
11425
11426
11426
11427
11427
11428
11428
11429
11429
11430
11430
11431
11431
11432
11432
11433
11433
11434
11434
11435
11435
11436
11436
11437
11437
11438
11438
11439
11439
11440
11440
11441
11441
11442
11442
11443
11443
11444
11444
11445
11445
11446
11446
11447
11447
11448
11448
11449
11449
11450
11450
11451
11451
11452
11452
11453
11453
11454
11454
11455
11455
11456
11456
11457
11457
11458
11458
11459
11459
11460
11460
11461
11461
11462
11462
11463
11463
11464
11464
11465
11465
11466
11466
11467
11467
11468
11468
11469
11469
11470
11470
11471
11471
11472
11472
11473
11473
11474
11474
11475
11475
11476
11476
11477
11477
11478
11478
11479
11479
11480
11480
11481
11481
11482
11482
11483
11483
11484
11484
11485
11485
11486
11486
11487
11487
11488
11488
11489
11489
11490
11490
11491
11491
11492
11492
11493
11493
11494
11494
11495
11495
11496
11496
11497
11497
11498
11498
11499
11499
11500
11500
11501
11501
11502
11502
11503
11503
11504
11504
11505
11505
11506
11506
11507
11507
11508
11508
11509
11509
11510
11510
11511
11511
11512
11512
11513
11513
11514
11514
11515
11515
11516
11516
11517
11517
11518
11518
11519
11519
11520
11520
11521
11521
11522
11522
11523
11523
11524
11524
11525
11525
11526
11526
11527
11527
11528
11528
11529
11529
11530
11530
11531
11531
11532
11532
11533
11533
11534
11534
11535
11535
11536
11536
11537
11537
11538
11538
11539
11539
11540
11540
11541
11541
11542
11542
11543
11543
11544
11544
11545
11545
11546
11546
11547
11547
11548
11548
11549
11549
11550
11550
11551
11551
11552
11552
11553
11553
11554
11554
11555
11555
11556
11556
11557
11557
11558
11558
11559
11559
11560
11560
11561
11561
11562
11562
11563
11563
11564
11564
11565
11565
11566
11566
11567
11567
11568
11568
11569
11569
11570
11570
11571
11571
11572
11572
11573
11573
11574
11574
11575
11575
11576
11576
11577
11577
11578
11578
11579
11579
11580
11580
11581
11581
11582
11582
11583
11583
11584
11584
11585
11585
11586
11586
11587
11587
11588
11588
11589
11589
11590
11590
11591
11591
11592
11592
11593
11593
11594
11594
11595
11595
11596
11596
11597
11597
11598
11598
11599
11599
11600
11600
11601
11601
11602
11602
11603
11603
11604
11604
11605
11605
11606
11606
11607
11607
11608
11608
11609
11609
11610
11610
11611
11611
11612
11612
11613
11613
11614
11614
11615
11615
11616
11616
11617
11617
11618
11618
11619
11619
11620
11620
11621
11621
11622
11622
11623
11623
11624
11624
11625
11625
11626
11626
11627
11627
11628
11628
11629
11629
11630
11630
11631
11631
11632
11632
11633
11633
11634
11634
11635
11635
11636
11636
11637
11637
11638
11638
11639
11639
11640
11640
11641
11641
11642
11642
11643
11643
11644
11644
11645
11645
11646
11646
11647
11647
11648
11648
11649
11649
11650
11650
11651
11651
11652
11652
11653
11653
11654
11654
11655
11655
11656
11656
11657
11657
11658
11658
11659
11659
11660
11660
11661
11661
11662
11662
11663
11663
11664
11664
11665
11665
11666
11666
11667
11667
11668
11668
11669
11669
11670
11670
11671
11671
11672
11672
11673
11673
11674
11674
11675
11675
11676
11676
11677
11677
11678
11678
11679
11679
11680
11680
11681
11681
11682
11682
11683
11683
11684
11684
11685
11685
11686
11686
11687
11687
11688
11688
11689
11689
11690
11690
11691
11691
11692
11692
11693
11693
11694
11694
11695
11695
11696
11696
11697
11697
11698
11698
11699
11699
11700
11700
11701
11701
11702
11702
11703
11703
11704
11704
11705
11705
11706
11706
11707
11707
11708
11708
11709
11709
11710
11710
11711
11711
11712
11712
11713
11713
11714
11714
11715
11715
11716
11716
11717
11717
11718
11718
11719
11719
11720
11720
11721
11721
11722
11722
11723
11723
11724
11724
11725
11725
11726
11726
11727
11727
11728
11728
11729
11729
11730
11730
11731
11731
11732
11732
11733
11733
11734
11734
11735
11735
11736
11736
11737
11737
11738
11738
11739
11739
11740
11740
11741
11741
11742
11742
11743
11743
11744
11744
11745
11745
11746
11746
11747
11747
11748
11748
11749
11749
11750
11750
11751
11751
11752
11752
11753
11753
11754
11754
11755
11755
11756
11756
11757
11757
11758
11758
11759
11759
11760
11760
11761
11761
11762
11762
11763
11763
11764
11764
11765
11765
11766
11766
11767
11767
11768
11768
11769
11769
11770
11770
11771
11771
11772
11772
11773
11773
11774
11774
11775
11775
11776
11776
11777
11777
11778
11778
11779
11779
11780
11780
11781
11781
11782
11782
11783
11783
11784
11784
11785
11785
11786
11786
11787
11787
11788
11788
11789
11789
11790
11790
11791
11791
11792
11792
11793
11793
11794
11794
11795
11795
11796
11796
11797
11797
11798
11798
11799
11799
11800
11800
11801
11801
11802
11802
11803
11803
11804
11804
11805
11805
11806
11806
11807
11807
11808
11808
11809
11809
11810
11810
11811
11811
11812
11812
11813
11813
11814
11814
11815
11815
11816
11816
11817
11817
11818
11818
11819
11819
11820
11820
11821
11821
11822
11822
11823
11823
11824
11824
11825
11825
11826
11826
11827
11827
11828
11828
11829
11829
11830
11830
11831
11831
11832
11832
11833
11833
11834
11834
11835
11835
11836
11836
11837
11837
11838
11838
11839
11839
11840
11840
11841
11841
11842
11842
11843
11843
11844
11844
11845
11845
11846
11846
11847
11847
11848
11848
11849
11849
11850
11850
11851
11851
11852
11852
11853
11853
11854
11854
11855
11855
11856
11856
11857
11857
11858
11858
11859
11859
11860
11860
11861
11861
11862
11862
11863
11863
11864
11864
11865
11865
11866
11866
11867
11867
11868
11868
11869
11869
11870
11870
11871
11871
11872
11872
11873
11873
11874
11874
11875
11875
11876
11876
11877
11877
11878
11878
11879
11879
11880
11880
11881
11881
11882
11882
11883
11883
11884
11884
11885
11885
11886
11886
11887
11887
11888
11888
11889
11889
11890
11890
11891
11891
11892
11892
11893
11893
11894
11894
11895
11895
11896
11896
11897
11897
11898
11898
11899
11899
11900
11900
11901
11901
11902
11902
11903
11903
11904
11904
11905
11905
11906
11906
11907
11907
11908
11908
11909
11909
11910
11910
11911
11911
11912
11912
11913
11913
11914
11914
11915
11915
11916
11916
11917
11917
11918
11918
11919
11919
11920
11920
11921
11921
11922
11922
11923
11923
11924
11924
11925
11925
11926
11926
11927
11927
11928
11928
11929
11929
11930
11930
11931
11931
11932
11932
11933
11933
11934
11934
11935
11935
11936
11936
11937
11937
11938
11938
11939
11939
11940
11940
11941
11941
11942
11942
11943
11943
11944
11944
11945
11945
11946
11946
11947
11947
11948
11948
11949
11949
11950
11950
11951
11951
11952
11952
11953
11953
11954
11954
11955
11955
11956
11956
11957
11957
11958
11958
11959
11959
11960
11960
11961
11961
11962
11962
11963
11963
11964
11964
11965
11965
11966
11966
11967
11967
11968
11968
11969
11969
11970
11970
11971
11971
11972
11972
11973
11973
11974
11974
11975
11975
11976
11976
11977
11977
11978
11978
11979
11979
11980
11980
11981
11981
11982
11982
11983
11983
11984
11984
11985
11985
11986
11986
11987
11987
11988
11988
11989
11989
11990
11990
11991
11991
11992
11992
11993
11993
11994
11994
11995
11995
11996
11996
11997
11997
11998
11998
11999
11999
12000
12000
12001
12001
12002
12002
12003
12003
12004
12004
12005
12005
12006
12006
12007
12007
12008
12008
12009
12009
12010
12010
12011
12011
12012
12012
12013
12013
12014
12014
12015
12015
12016
12016
12017
12017
12018
12018
12019
12019
12020
12020
12021
12021
12022
12022
12023
12023
12024
12024
12025
12025
12026
12026
12027
12027
12028
12028
12029
12029
12030
12030
12031
12031
12032
12032
12033
12033
12034
12034
12035
12035
12036
12036
12037
12037
12038
12038
12039
12039
12040
12040
12041
12041
12042
12042
12043
12043
12044
12044
12045
12045
12046
12046
12047
12047
12048
12048
12049
12049
12050
12050
12051
12051
12052
12052
12053
12053
12054
12054
12055
12055
12056
12056
12057
12057
12058
12058
12059
12059
12060
12060
12061
12061
12062
12062
12063
12063
12064
12064
12065
12065
12066
12066
12067
12067
12068
12068
12069
12069
12070
12070
12071
12071
12072
12072
12073
12073
12074
12074
12075
12075
12076
12076
12077
12077
12078
12078
12079
12079
12080
12080
12081
12081
12082
12082
12083
12083
12084
12084
12085
12085
12086
12086
12087
12087
12088
12088
12089
12089
12090
12090
12091
12091
12092
12092
12093
12093
12094
12094
12095
12095
12096
12096
12097
12097
12098
12098
12099
12099
12100
12100
12101
12101
12102
12102
12103
12103
12104
12104
12105
12105
12106
12106
12107
12107
12108
12108
12109
12109
12110
12110
12111
12111
12112
12112
12113
12113
12114
12114
12115
12115
12116
12116
12117
12117
12118
12118
12119
12119
12120
12120
12121
12121
12122
12122
12123
12123
12124
12124
12125
12125
12126
12126
12127
12127
12128
12128
12129
12129
12130
12130
12131
12131
12132
12132
12133
12133
12134
12134
12135
12135
12136
12136
12137
12137
12138
12138
12139
12139
12140
12140
12141
12141
12142
12142
12143
12143
12144
12144
12145
12145
12146
12146
12147
12147
12148
12148
12149
12149
12150
12150
12151
12151
12152
12152
12153
12153
12154
12154
12155
12155
12156
12156
12157
12157
12158
12158
12159
12159
12160
12160
12161
12161
12162
12162
12163
12163
12164
12164
12165
12165
12166
12166
12167
12167
12168
12168
12169
12169
12170
12170
12171
12171
12172
12172
12173
12173
12174
12174
12175
12175
12176
12176
12177
12177
12178
12178
12179
12179
12180
12180
12181
12181
12182
12182
12183
12183
12184
12184
12185
12185
12186
12186
12187
12187
12188
12188
12189
12189
12190
12190
12191
12191
12192
12192
12193
12193
12194
12194
12195
12195
12196
12196
12197
12197
12198
12198
12199
12199
12200
12200
12201
12201
12202
12202
12203
12203
12204
12204
12205
12205
12206
12206
12207
12207
12208
12208
12209
12209
12210
12210
12211
12211
12212
12212
12213
12213
12214
12214
12215
12215
12216
12216
12217
12217
12218
12218
12219
12219
12220
12220
12221
12221
12222
12222
12223
12223
12224
12224
12225
12225
12226
12226
12227
12227
12228
12228
12229
12229
12230
12230
12231
12231
12232
12232
12233
12233
12234
12234
12235
12235
12236
12236
12237
12237
12238
12238
12239
12239
12240
12240
12241
12241
12242
12242
12243
12243
12244
12244
12245
12245
12246
12246
12247
12247
12248
12248
12249
12249
12250
12250
12251
12251
12252
12252
12253
12253
12254
12254
12255
12255
12256
12256
12257
12257
12258
12258
12259
12259
12260
12260
12261
12261
12262
12262
12263
12263
12264
12264
12265
12265
12266
12266
12267
12267
12268
12268
12269
12269
12270
12270
12271
12271
12272
12272
12273
12273
12274
12274
12275
12275
12276
12276
12277
12277
12278
12278
12279
12279
12280
12280
12281
12281
12282
12282
12283
12283
12284
12284
12285
12285
12286
12286
12287
12287
12288
12288
12289
12289
12290
12290
12291
12291
12292
12292
12293
12293
12294
12294
12295
12295
12296
12296
12297
12297
12298
12298
12299
12299
12300
12300
12301
12301
12302
12302
12303
12303
12304
12304
12305
12305
12306
12306
12307
12307
12308
12308
12309
12309
12310
12310
12311
12311
12312
12312
12313
12313
12314
12314
12315
12315
12316
12316
12317
12317
12318
12318
12319
12319
12320
12320
12321
12321
12322
12322
12323
12323
12324
12324
12325
12325
12326
12326
12327
12327
12328
12328
12329
12329
12330
12330
12331
12331
12332
12332
12333
12333
12334
12334
12335
12335
12336
12336
12337
12337
12338
12338
12339
12339
12340
12340
12341
12341
12342
12342
12343
12343
12344
12344
12345
12345
12346
12346
12347
12347
12348
12348
12349
12349
12350
12350
12351
12351
12352
12352
12353
12353
12354
12354
12355
12355
12356
12356
12357
12357
12358
12358
12359
12359
12360
12360
12361
12361
12362
12362
12363
12363
12364
12364
12365
12365
12366
12366
12367
12367
12368
12368
12369
12369
12370
12370
12371
12371
12372
12372
12373
12373
12374
12374
12375
12375
12376
12376
12377
12377
12378
12378
12379
12379
12380
12380
12381
12381
12382
12382
12383
12383
12384
12384
12385
12385
12386
12386
12387
12387
12388
12388
12389
12389
12390
12390
12391
12391
12392
12392
12393
12393
12394
12394
12395
12395
12396
12396
12397
12397
12398
12398
12399
12399
12400
12400
12401
12401
12402
12402
12403
12403
12404
12404
12405
12405
12406
12406
12407
12407
12408
12408
12409
12409
12410
12410
12411
12411
12412
12412
12413
12413
12414
12414
12415
12415
12416
12416
12417
12417
12418
12418
12419
12419
12420
12420
12421
12421
12422
12422
12423
12423
12424
12424
12425
12425
12426
12426
12427
12427
12428
12428
12429
12429
12430
12430
12431
12431
12432
12432
12433
12433
12434
12434
12435
12435
12436
12436
12437
12437
12438
12438
12439
12439
12440
12440
12441
12441
12442
12442
12443
12443
12444
12444
12445
12445
12446
12446
12447
12447
12448
12448
12449
12449
12450
12450
12451
12451
12452
12452
12453
12453
12454
12454
12455
12455
12456
12456
12457
12457
12458
12458
12459
12459
12460
12460
12461
12461
12462
12462
12463
12463
12464
12464
12465
12465
12466
12466
12467
12467
12468
12468
12469
12469
12470
12470
12471
12471
12472
12472
12473
12473
12474
12474
12475
12475
12476
12476
12477
12477
12478
12478
12479
12479
12480
12480
12481
12481
12482
12482
12483
12483
12484
12484
12485
12485
12486
12486
12487
12487
12488
12488
12489
12489
12490
12490
12491
12491
12492
12492
12493
12493
12494
12494
12495
12495
12496
12496
12497
12497
12498
12498
12499
12499
12500
12500
12501
12501
12502
12502
12503
12503
12504
12504
12505
12505
12506
12506
12507
12507
12508
12508
12509
12509
12510
12510
12511
12511
12512
12512
12513
12513
12514
12514
12515
12515
12516
12516
12517
12517
12518
12518
12519
12519
12520
12520
12521
12521
12522
12522
12523
12523
12524
12524
12525
12525
12526
12526
12527
12527
12528
12528
12529
12529
12530
12530
12531
12531
12532
12532
12533
12533
12534
12534
12535
12535
12536
12536
12537
12537
12538
12538
12539
12539
12540
12540
12541
12541
12542
12542
12543
12543
12544
12544
12545
12545
12546
12546
12547
12547
12548
12548
12549
12549
12550
12550
12551
12551
12552
12552
12553
12553
12554
12554
12555
12555
12556
12556
12557
12557
12558
12558
12559
12559
12560
12560
12561
12561
12562
12562
12563
12563
12564
12564
12565
12565
12566
12566
12567
12567
12568
12568
12569
12569
12570
12570
12571
12571
12572
12572
12573
12573
12574
12574
12575
12575
12576
12576
12577
12577
12578
12578
12579
12579
12580
12580
12581
12581
12582
12582
12583
12583
12584
12584
12585
12585
12586
12586
12587
12587
12588
12588
12589
12589
12590
12590
12591
12591
12592
12592
12593
12593
12594
12594
12595
12595
12596
12596
12597
12597
12598
12598
12599
12599
12600
12600
12601
12601
12602
12602
12603
12603
12604
12604
12605
12605
12606
12606
12607
12607
12608
12608
12609
12609
12610
12610
12611
12611
12612
12612
12613
12613
12614
12614
12615
12615
12616
12616
12617
12617
12618
12618
12619
12619
12620
12620
12621
12621
12622
12622
12623
12623
12624
12624
12625
12625
12626
12626
12627
12627
12628
12628
12629
12629
12630
12630
12631
12631
12632
12632
12633
12633
12634
12634
12635
12635
12636
12636
12637
12637
12638
12638
12639
12639
12640
12640
12641
12641
12642
12642
12643
12643
12644
12644
12645
12645
12646
12646
12647
12647
12648
12648
12649
12649
12650
12650
12651
12651
12652
12652
12653
12653
12654
12654
12655
12655
12656
12656
12657
12657
12658
12658
12659
12659
12660
12660
12661
12661
12662
12662
12663
12663
12664
12664
12665
12665
12666
12666
12667
12667
12668
12668
12669
12669
12670
12670
12671
12671
12672
12672
12673
12673
12674
12674
12675
12675
12676
12676
12677
12677
12678
12678
12679
12679
12680
12680
12681
12681
12682
12682
12683
12683
12684
12684
12685
12685
12686
12686
12687
12687
12688
12688
12689
12689
12690
12690
12691
12691
12692
12692
12693
12693
12694
12694
12695
12695
12696
12696
12697
12697
12698
12698
12699
12699
12700
12700
12701
12701
12702
12702
12703
12703
12704
12704
12705
12705
12706
12706
12707
12707
12708
12708
12709
12709
12710
12710
12711
12711
12712
12712
12713
12713
12714
12714
12715
12715
12716
12716
12717
12717
12718
12718
12719
12719
12720
12720
12721
12721
12722
12722
12723
12723
12724
12724
12725
12725
12726
12726
12727
12727
12728
12728
12729
12729
12730
12730
12731
12731
12732
12732
12733
12733
12734
12734
12735
12735
12736
12736
12737
12737
12738
12738
12739
12739
12740
12740
12741
12741
12742
12742
12743
12743
12744
12744
12745
12745
12746
12746
12747
12747
12748
12748
12749
12749
12750
12750
12751
12751
12752
12752
12753
12753
12754
12754
12755
12755
12756
12756
12757
12757
12758
12758
12759
12759
12760
12760
12761
12761
12762
12762
12763
12763
12764
12764
12765
12765
12766
12766
12767
12767
12768
12768
12769
12769
12770
12770
12771
12771
12772
12772
12773
12773
12774
12774
12775
12775
12776
12776
12777
12777
12778
12778
12779
12779
12780
12780
12781
12781
12782
12782
12783
12783
12784
12784
12785
12785
12786
12786
12787
12787
12788
12788
12789
12789
12790
12790
12791
12791
12792
12792
12793
12793
12794
12794
12795
12795
12796
12796
12797
12797
12798
12798
12799
12799
12800
12800
12801
12801
12802
12802
12803
12803
12804
12804
12805
12805
12806
12806
12807
12807
12808
12808
12809
12809
12810
12810
12811
12811
12812
12812
12813
12813
12814
12814
12815
12815
12816
12816
12817
12817
12818
12818
12819
12819
12820
12820
12821
12821
12822
12822
12823
12823
12824
12824
12825
12825
12826
12826
12827
12827
12828
12828
12829
12829
12830
12830
12831
12831
12832
12832
12833
12833
12834
12834
12835
12835
12836
12836
12837
12837
12838
12838
12839
12839
12840
12840
12841
12841
12842
12842
12843
12843
12844
12844
12845
12845
12846
12846
12847
12847
12848
12848
12849
12849
12850
12850
12851
12851
12852
12852
12853
12853
12854
12854
12855
12855
12856
12856
12857
12857
12858
12858
12859
12859
12860
12860
12861
12861
12862
12862
12863
12863
12864
12864
12865
12865
12866
12866
12867
12867
12868
12868
12869
12869
12870
12870
12871
12871
12872
12872
12873
12873
12874
12874
12875
12875
12876
12876
12877
12877
12878
12878
12879
12879
12880
12880
12881
12881
12882
12882
12883
12883
12884
12884
12885
12885
12886
12886
12887
12887
12888
12888
12889
12889
12890
12890
12891
12891
12892
12892
12893
12893
12894
12894
12895
12895
12896
12896
12897
12897
12898
12898
12899
12899
12900
12900
12901
12901
12902
12902
12903
12903
12904
12904
12905
12905
12906
12906
12907
12907
12908
12908
12909
12909
12910
12910
12911
12911
12912
12912
12913
12913
12914
12914
12915
12915
12916
12916
12917
12917
12918
12918
12919
12919
12920
12920
12921
12921
12922
12922
12923
12923
12924
12924
12925
12925
12926
12926
12927
12927
12928
12928
12929
12929
12930
12930
12931
12931
12932
12932
12933
12933
12934
12934
12935
12935
12936
12936
12937
12937
12938
12938
12939
12939
12940
12940
12941
12941
12942
12942
12943
12943
12944
12944
12945
12945
12946
12946
12947
12947
12948
12948
12949
12949
12950
12950
12951
12951
12952
12952
12953
12953
12954
12954
12955
12955
12956
12956
12957
12957
12958
12958
12959
12959
12960
12960
12961
12961
12962
12962
12963
12963
12964
12964
12965
12965
12966
12966
12967
12967
12968
12968
12969
12969
12970
12970
12971
12971
12972
12972
12973
12973
12974
12974
12975
12975
12976
12976
12977
12977
12978
12978
12979
12979
12980
12980
12981
12981
12982
12982
12983
12983
12984
12984
12985
12985
12986
12986
12987
12987
12988
12988
12989
12989
12990
12990
12991
12991
12992
12992
12993
12993
12994
12994
12995
12995
12996
12996
12997
12997
12998
12998
12999
12999
13000
13000
13001
13001
13002
13002
13003
13003
13004
13004
13005
13005
13006
13006
13007
13007
13008
13008
13009
13009
13010
13010
13011
13011
13012
13012
13013
13013
13014
13014
13015
13015
13016
13016
13017
13017
13018
13018
13019
13019
13020
13020
13021
13021
13022
13022
13023
13023
13024
13024
13025
13025
13026
13026
13027
13027
13028
13028
13029
13029
13030
13030
13031
13031
13032
13032
13033
13033
13034
13034
13035
13035
13036
13036
13037
13037
13038
13038
13039
13039
13040
13040
13041
13041
13042
13042
13043
13043
13044
13044
13045
13045
13046
13046
13047
13047
13048
13048
13049
13049
13050
13050
13051
13051
13052
13052
13053
13053
13054
13054
13055
13055
13056
13056
13057
13057
13058
13058
13059
13059
13060
13060
13061
13061
13062
13062
13063
13063
13064
13064
13065
13065
13066
13066
13067
13067
13068
13068
13069
13069
13070
13070
13071
13071
13072
13072
13073
13073
13074
13074
13075
13075
13076
13076
13077
13077
13078
13078
13079
13079
13080
13080
13081
13081
13082
13082
13083
13083
13084
13084
13085
13085
13086
13086
13087
13087
13088
13088
13089
13089
13090
13090
13091
13091
13092
13092
13093
13093
13094
13094
13095
13095
13096
13096
13097
13097
13098
13098
13099
13099
13100
13100
13101
13101
13102
13102
13103
13103
13104
13104
13105
13105
13106
13106
13107
13107
13108
13108
13109
13109
13110
13110
13111
13111
13112
13112
13113
13113
13114
13114
13115
13115
13116
13116
13117
13117
13118
13118
13119
13119
13120
13120
13121
13121
13122
13122
13123
13123
13124
13124
13125
13125
13126
13126
13127
13127
13128
13128
13129
13129
13130
13130
13131
13131
13132
13132
13133
13133
13134
13134
13135
13135
13136
13136
13137
13137
13138
13138
13139
13139
13140
13140
13141
13141
13142
13142
13143
13143
13144
13144
13145
13145
13146
13146
13147
13147
13148
13148
13149
13149
13150
13150
13151
13151
13152
13152
13153
13153
13154
13154
13155
13155
13156
13156
13157
13157
13158
13158
13159
13159
13160
13160
13161
13161
13162
13162
13163
13163
13164
13164
13165
13165
13166
13166
13167
13167
13168
13168
13169
13169
13170
13170
13171
13171
13172
13172
13173
13173
13174
13174
13175
13175
13176
13176
13177
13177
13178
13178
13179
13179
13180
13180
13181
13181
13182
13182
13183
13183
13184
13184
13185
13185
13186
13186
13187
13187
13188
13188
13189
13189
13190
13190
13191
13191
13192
13192
13193
13193
13194
13194
13195
13195
13196
13196
13197
13197
13198
13198
13199
13199
13200
13200
13201
13201
13202
13202
13203
13203
13204
13204
13205
13205
13206
13206
13207
13207
13208
13208
13209
13209
13210
13210
13211
13211
13212
13212
13213
13213
13214
13214
13215
13215
13216
13216
13217
13217
13218
13218
13219
13219
13220
13220
13221
13221
13222
13222
13223
13223
13224
13224
13225
13225
13226
13226
13227
13227
13228
13228
13229
13229
13230
13230
13231
13231
13232
13232
13233
13233
13234
13234
13235
13235
13236
13236
13237
13237
13238
13238
13239
13239
13240
13240
13241
13241
13242
13242
13243
13243
13244
13244
13245
13245
13246
13246
13247
13247
13248
13248
13249
13249
13250
13250
13251
13251
13252
13252
13253
13253
13254
13254
13255
13255
13256
13256
13257
13257
13258
13258
13259
13259
13260
13260
13261
13261
13262
13262
13263
13263
13264
13264
13265
13265
13266
13266
13267
13267
13268
13268
13269
13269
13270
13270
13271
13271
13272
13272
13273
13273
13274
13274
13275
13275
13276
13276
13277
13277
13278
13278
13279
13279
13280
13280
13281
13281
13282
13282
13283
13283
13284
13284
13285
13285
13286
13286
13287
13287
13288
13288
13289
13289
13290
13290
13291
13291
13292
13292
13293
13293
13294
13294
13295
13295
13296
13296
13297
13297
13298
13298
13299
13299
13300
13300
13301
13301
13302
13302
13303
13303
13304
13304
13305
13305
13306
13306
13307
13307
13308
13308
13309
13309
13310
13310
13311
13311
13312
13312
13313
13313
13314
13314
13315
13315
13316
13316
13317
13317
13318
13318
13319
13319
13320
13320
13321
13321
13322
13322
13323
13323
13324
13324
13325
13325
13326
13326
13327
13327
13328
13328
13329
13329
13330
13330
13331
13331
13332
13332
13333
13333
13334
13334
13335
13335
13336
13336
13337
13337
13338
13338
13339
13339
13340
13340
13341
13341
13342
13342
13343
13343
13344
13344
13345
13345
13346
13346
13347
13347
13348
13348
13349
13349
13350
13350
13351
13351
13352
13352
13353
13353
13354
13354
13355
13355
13356
13356
13357
13357
13358
13358
13359
13359
13360
13360
13361
13361
13362
13362
13363
13363
13364
13364
13365
13365
13366
13366
13367
13367
13368
13368
13369
13369
13370
13370
13371
13371
13372
13372
13373
13373
13374
13374
13375
13375
13376
13376
13377
13377
13378
13378
13379
13379
13380
13380
13381
13381
13382
13382
13383
13383
13384
13384
13385
13385
13386
13386
13387
13387
13388
13388
13389
13389
13390
13390
13391
13391
13392
13392
13393
13393
13394
13394
13395
13395
13396
13396
13397
13397
13398
13398
13399
13399
13400
13400
13401
13401
13402
13402
13403
13403
13404
13404
13405
13405
13406
13406
13407
13407
13408
13408
13409
13409
13410
13410
13411
13411
13412
13412
13413
13413
13414
13414
13415
13415
13416
13416
13417
13417
13418
13418
13419
13419
13420
13420
13421
13421
13422
13422
13423
13423
13424
13424
13425
13425
13426
13426
13427
13427
13428
13428
13429
13429
13430
13430
13431
13431
13432
13432
13433
13433
13434
13434
13435
13435
13436
13436
13437
13437
13438
13438
13439
13439
13440
13440
13441
13441
13442
13442
13443
13443
13444
13444
13445
13445
13446
13446
13447
13447
13448
13448
13449
13449
13450
13450
13451
13451
13452
13452
13453
13453
13454
13454
13455
13455
13456
13456
13457
13457
13458
13458
13459
13459
13460
13460
13461
13461
13462
13462
13463
13463
13464
13464
13465
13465
13466
13466
13467
13467
13468
13468
13469
13469
13470
13470
13471
13471
13472
13472
13473
13473
13474
13474
13475
13475
13476
13476
13477
13477
13478
13478
13479
13479
13480
13480
13481
13481
13482
13482
13483
13483
13484
13484
13485
13485
13486
13486
13487
13487
13488
13488
13489
13489
13490
13490
13491
13491
13492
13492
13493
13493
13494
13494
13495
13495
13496
13496
13497
13497
13498
13498
13499
13499
13500
13500
13501
13501
13502
13502
13503
13503
13504
13504
13505
13505
13506
13506
13507
13507
13508
13508
13509
13509
13510
13510
13511
13511
13512
13512
13513
13513
13514
13514
13515
13515
13516
13516
13517
13517
13518
13518
13519
13519
13520
13520
13521
13521
13522
13522
13523
13523
13524
13524
13525
13525
13526
13526
13527
13527
13528
13528
13529
13529
13530
13530
13531
13531
13532
13532
13533
13533
13534
13534
13535
13535
13536
13536
13537
13537
13538
13538
13539
13539
13540
13540
13541
13541
13542
13542
13543
13543
13544
13544
13545
13545
13546
13546
13547
13547
13548
13548
13549
13549
13550
13550
13551
13551
13552
13552
13553
13553
13554
13554
13555
13555
13556
13556
13557
13557
13558
13558
13559
13559
13560
13560
13561
13561
13562
13562
13563
13563
13564
13564
13565
13565
13566
13566
13567
13567
13568
13568
13569
13569
13570
13570
13571
13571
13572
13572
13573
13573
13574
13574
13575
13575
13576
13576
13577
13577
13578
13578
13579
13579
13580
13580
13581
13581
13582
13582
13583
13583
13584
13584
13585
13585
13586
13586
13587
13587
13588
13588
13589
13589
13590
13590
13591
13591
13592
13592
13593
13593
13594
13594
13595
13595
13596
13596
13597
13597
13598
13598
13599
13599
13600
13600
13601
13601
13602
13602
13603
13603
13604
13604
13605
13605
13606
13606
13607
13607
13608
13608
13609
13609
13610
13610
13611
13611
13612
13612
13613
13613
13614
13614
13615
13615
13616
13616
13617
13617
13618
13618
13619
13619
13620
13620
13621
13621
13622
13622
13623
13623
13624
13624
13625
13625
13626
13626
13627
13627
13628
13628
13629
13629
13630
13630
13631
13631
13632
13632
13633
13633
13634
13634
13635
13635
13636
13636
13637
13637
13638
13638
13639
13639
13640
13640
13641
13641
13642
13642
13643
13643
13644
13644
13645
13645
13646
13646
13647
13647
13648
13648
13649
13649
13650
13650
13651
13651
13652
13652
13653
13653
13654
13654
13655
13655
13656
13656
13657
13657
13658
13658
13659
13659
13660
13660
13661
13661
13662
13662
13663
13663
13664
13664
13665
13665
13666
13666
13667
13667
13668
13668
13669
13669
13670
13670
13671
13671
13672
13672
13673
13673
13674
13674
13675
13675
13676
13676
13677
13677
13678
13678
13679
13679
13680
13680
13681
13681
13682
13682
13683
13683
13684
13684
13685
13685
13686
13686
13687
13687
13688
13688
13689
13689
13690
13690
13691
13691
13692
13692
13693
13693
13694
13694
13695
13695
13696
13696
13697
13697
13698
13698
13699
13699
13700
13700
13701
13701
13702
13702
13703
13703
13704
13704
13705
13705
13706
13706
13707
13707
13708
13708
13709
13709
13710
13710
13711
13711
13712
13712
13713
13713
13714
13714
13715
13715
13716
13716
13717
13717
13718
13718
13719
13719
13720
13720
13721
13721
13722
13722
13723
13723
13724
13724
13725
13725
13726
13726
13727
13727
13728
13728
13729
13729
13730
13730
13731
13731
13732
13732
13733
13733
13734
13734
13735
13735
13736
13736
13737
13737
13738
13738
13739
13739
13740
13740
13741
13741
13742
13742
13743
13743
13744
13744
13745
13745
13746
13746
13747
13747
13748
13748
13749
13749
13750
13750
13751
13751
13752
13752
13753
13753
13754
13754
13755
13755
13756
13756
13757
13757
13758
13758
13759
13759
13760
13760
13761
13761
13762
13762
13763
13763
13764
13764
13765
13765
13766
13766
13767
13767
13768
13768
13769
13769
13770
13770
13771
13771
13772
13772
13773
13773
13774
13774
13775
13775
13776
13776
13777
13777
13778
13778
13779
13779
13780
13780
13781
13781
13782
13782
13783
13783
13784
13784
13785
13785
13786
13786
13787
13787
13788
13788
13789
13789
13790
13790
13791
13791
13792
13792
13793
13793
13794
13794
13795
13795
13796
13796
13797
13797
13798
13798
13799
13799
13800
13800
13801
13801
13802
13802
13803
13803
13804
13804
13805
13805
13806
13806
13807
13807
13808
13808
13809
13809
13810
13810
13811
13811
13812
13812
13813
13813
13814
13814
13815
13815
13816
13816
13817
13817
13818
13818
13819
13819
13820
13820
13821
13821
13822
13822
13823
13823
13824
13824
13825
13825
13826
13826
13827
13827
13828
13828
13829
13829
13830
13830
13831
13831
13832
13832
13833
13833
13834
13834
13835
13835
13836
13836
13837
13837
13838
13838
13839
13839
13840
13840
13841
13841
13842
13842
13843
13843
13844
13844
13845
13845
13846
13846
13847
13847
13848
13848
13849
13849
13850
13850
13851
13851
13852
13852
13853
13853
13854
13854
13855
13855
13856
13856
13857
13857
13858
13858
13859
13859
13860
13860
13861
13861
13862
13862
13863
13863
13864
13864
13865
13865
13866
13866
13867
13867
13868
13868
13869
13869
13870
13870
13871
13871
13872
13872
13873
13873
13874
13874
13875
13875
13876
13876
13877
13877
13878
13878
13879
13879
13880
13880
13881
13881
13882
13882
13883
13883
13884
13884
13885
13885
13886
13886
13887
13887
13888
13888
13889
13889
13890
13890
13891
13891
13892
13892
13893
13893
13894
13894
13895
13895
13896
13896
13897
13897
13898
13898
13899
13899
13900
13900
13901
13901
13902
13902
13903
13903
13904
13904
13905
13905
13906
13906
13907
13907
13908
13908
13909
13909
13910
13910
13911
13911
13912
13912
13913
13913
13914
13914
13915
13915
13916
13916
13917
13917
13918
13918
13919
13919
13920
13920
13921
13921
13922
13922
13923
13923
13924
13924
13925
13925
13926
13926
13927
13927
13928
13928
13929
13929
13930
13930
13931
13931
13932
13932
13933
13933
13934
13934
13935
13935
13936
13936
13937
13937
13938
13938
13939
13939
13940
13940
13941
13941
13942
13942
13943
13943
13944
13944
13945
13945
13946
13946
13947
13947
13948
13948
13949
13949
13950
13950
13951
13951
13952
13952
13953
13953
13954
13954
13955
13955
13956
13956
13957
13957
13958
13958
13959
13959
13960
13960
13961
13961
13962
13962
13963
13963
13964
13964
13965
13965
13966
13966
13967
13967
13968
13968
13969
13969
13970
13970
13971
13971
13972
13972
13973
13973
13974
13974
13975
13975
13976
13976
13977
13977
13978
13978
13979
13979
13980
13980
13981
13981
13982
13982
13983
13983
13984
13984
13985
13985
13986
13986
13987
13987
13988
13988
13989
13989
13990
13990
13991
13991
13992
13992
13993
13993
13994
13994
13995
13995
13996
13996
13997
13997
13998
13998
13999
13999
14000
14000
14001
14001
14002
14002
14003
14003
14004
14004
14005
14005
14006
14006
14007
14007
14008
14008
14009
14009
14010
14010
14011
14011
14012
14012
14013
14013
14014
14014
14015
14015
14016
14016
14017
14017
14018
14018
14019
14019
14020
14020
14021
14021
14022
14022
14023
14023
14024
14024
14025
14025
14026
14026
14027
14027
14028
14028
14029
14029
14030
14030
14031
14031
14032
14032
14033
14033
14034
14034
14035
14035
14036
14036
14037
14037
14038
14038
14039
14039
14040
14040
14041
14041
14042
14042
14043
14043
14044
14044
14045
14045
14046
14046
14047
14047
14048
14048
14049
14049
14050
14050
14051
14051
14052
14052
14053
14053
14054
14054
14055
14055
14056
14056
14057
14057
14058
14058
14059
14059
14060
14060
14061
14061
14062
14062
14063
14063
14064
14064
14065
14065
14066
14066
14067
14067
14068
14068
14069
14069
14070
14070
14071
14071
14072
14072
14073
14073
14074
14074
14075
14075
14076
14076
14077
14077
14078
14078
14079
14079
14080
14080
14081
14081
14082
14082
14083
14083
14084
14084
14085
14085
14086
14086
14087
14087
14088
14088
14089
14089
14090
14090
14091
14091
14092
14092
14093
14093
14094
14094
14095
14095
14096
14096
14097
14097
14098
14098
14099
14099
14100
14100
14101
14101
14102
14102
14103
14103
14104
14104
14105
14105
14106
14106
14107
14107
14108
14108
14109
14109
14110
14110
14111
14111
14112
14112
14113
14113
14114
14114
14115
14115
14116
14116
14117
14117
14118
14118
14119
14119
14120
14120
14121
14121
14122
14122
14123
14123
14124
14124
14125
14125
14126
14126
14127
14127
14128
14128
14129
14129
14130
14130
14131
14131
14132
14132
14133
14133
14134
14134
14135
14135
14136
14136
14137
14137
14138
14138
14139
14139
14140
14140
14141
14141
14142
14142
14143
14143
14144
14144
14145
14145
14146
14146
14147
14147
14148
14148
14149
14149
14150
14150
14151
14151
14152
14152
14153
14153
14154
14154
14155
14155
14156
14156
14157
14157
14158
14158
14159
14159
14160
14160
14161
14161
14162
14162
14163
14163
14164
14164
14165
14165
14166
14166
14167
14167
14168
14168
14169
14169
14170
14170
14171
14171
14172
14172
14173
14173
14174
14174
14175
14175
14176
14176
14177
14177
14178
14178
14179
14179
14180
14180
14181
14181
14182
14182
14183
14183
14184
14184
14185
14185
14186
14186
14187
14187
14188
14188
14189
14189
14190
14190
14191
14191
14192
14192
14193
14193
14194
14194
14195
14195
14196
14196
14197
14197
14198
14198
14199
14199
14200
14200
14201
14201
14202
14202
14203
14203
14204
14204
14205
14205
14206
14206
14207
14207
14208
14208
14209
14209
14210
14210
14211
14211
14212
14212
14213
14213
14214
14214
14215
14215
14216
14216
14217
14217
14218
14218
14219
14219
14220
14220
14221
14221
14222
14222
14223
14223
14224
14224
14225
14225
14226
14226
14227
14227
14228
14228
14229
14229
14230
14230
14231
14231
14232
14232
14233
14233
14234
14234
14235
14235
14236
14236
14237
14237
14238
14238
14239
14239
14240
14240
14241
14241
14242
14242
14243
14243
14244
14244
14245
14245
14246
14246
14247
14247
14248
14248
14249
14249
14250
14250
14251
14251
14252
14252
14253
14253
14254
14254
14255
14255
14256
14256
14257
14257
14258
14258
14259
14259
14260
14260
14261
14261
14262
14262
14263
14263
14264
14264
14265
14265
14266
14266
14267
14267
14268
14268
14269
14269
14270
14270
14271
14271
14272
14272
14273
14273
14274
14274
14275
14275
14276
14276
14277
14277
14278
14278
14279
14279
14280
14280
14281
14281
14282
14282
14283
14283
14284
14284
14285
14285
14286
14286
14287
14287
14288
14288
14289
14289
14290
14290
14291
14291
14292
14292
14293
14293
14294
14294
14295
14295
14296
14296
14297
14297
14298
14298
14299
14299
14300
14300
14301
14301
14302
14302
14303
14303
14304
14304
14305
14305
14306
14306
14307
14307
14308
14308
14309
14309
14310
14310
14311
14311
14312
14312
14313
14313
14314
14314
14315
14315
14316
14316
14317
14317
14318
14318
14319
14319
14320
14320
14321
14321
14322
14322
14323
14323
14324
14324
14325
14325
14326
14326
14327
14327
14328
14328
14329
14329
14330
14330
14331
14331
14332
14332
14333
14333
14334
14334
14335
14335
14336
14336
14337
14337
14338
14338
14339
14339
14340
14340
14341
14341
14342
14342
14343
14343
14344
14344
14345
14345
14346
14346
14347
14347
14348
14348
14349
14349
14350
14350
14351
14351
14352
14352
14353
14353
14354
14354
14355
14355
14356
14356
14357
14357
14358
14358
14359
14359
14360
14360
14361
14361
14362
14362
14363
14363
14364
14364
14365
14365
14366
14366
14367
14367
14368
14368
14369
14369
14370
14370
14371
14371
14372
14372
14373
14373
14374
14374
14375
14375
14376
14376
14377
14377
14378
14378
14379
14379
14380
14380
14381
14381
14382
14382
14383
14383
14384
14384
14385
14385
14386
14386
14387
14387
14388
14388
14389
14389
14390
14390
14391
14391
14392
14392
14393
14393
14394
14394
14395
14395
14396
14396
14397
14397
14398
14398
14399
14399
14400
14400
14401
14401
14402
14402
14403
14403
14404
14404
14405
14405
14406
14406
14407
14407
14408
14408
14409
14409
14410
14410
14411
14411
14412
14412
14413
14413
14414
14414
14415
14415
14416
14416
14417
14417
14418
14418
14419
14419
14420
14420
14421
14421
14422
14422
14423
14423
14424
14424
14425
14425
14426
14426
14427
14427
14428
14428
14429
14429
14430
14430
14431
14431
14432
14432
14433
14433
14434
14434
14435
14435
14436
14436
14437
14437
14438
14438
14439
14439
14440
14440
14441
14441
14442
14442
14443
14443
14444
14444
14445
14445
14446
14446
14447
14447
14448
14448
14449
14449
14450
14450
14451
14451
14452
14452
14453
14453
14454
14454
14455
14455
14456
14456
14457
14457
14458
14458
14459
14459
14460
14460
14461
14461
14462
14462
14463
14463
14464
14464
14465
14465
14466
14466
14467
14467
14468
14468
14469
14469
14470
14470
14471
14471
14472
14472
14473
14473
14474
14474
14475
14475
14476
14476
14477
14477
14478
14478
14479
14479
14480
14480
14481
14481
14482
14482
14483
14483
14484
14484
14485
14485
14486
14486
14487
14487
14488
14488
14489
14489
14490
14490
14491
14491
14492
14492
14493
14493
14494
14494
14495
14495
14496
14496
14497
14497
14498
14498
14499
14499
14500
14500
14501
14501
14502
14502
14503
14503
14504
14504
14505
14505
14506
14506
14507
14507
14508
14508
14509
14509
14510
14510
14511
14511
14512
14512
14513
14513
14514
14514
14515
14515
14516
14516
14517
14517
14518
14518
14519
14519
14520
14520
14521
14521
14522
14522
14523
14523
14524
14524
14525
14525
14526
14526
14527
14527
14528
14528
14529
14529
14530
14530
14531
14531
14532
14532
14533
14533
14534
14534
14535
14535
14536
14536
14537
14537
14538
14538
14539
14539
14540
14540
14541
14541
14542
14542
14543
14543
14544
14544
14545
14545
14546
14546
14547
14547
14548
14548
14549
14549
14550
14550
14551
14551
14552
14552
14553
14553
14554
14554
14555
14555
14556
14556
14557
14557
14558
14558
14559
14559
14560
14560
14561
14561
14562
14562
14563
14563
14564
14564
14565
14565
14566
14566
14567
14567
14568
14568
14569
14569
14570
14570
14571
14571
14572
14572
14573
14573
14574
14574
14575
14575
14576
14576
14577
14577
14578
14578
14579
14579
14580
14580
14581
14581
14582
14582
14583
14583
14584
14584
14585
14585
14586
14586
14587
14587
14588
14588
14589
14589
14590
14590
14591
14591
14592
14592
14593
14593
14594
14594
14595
14595
14596
14596
14597
14597
14598
14598
14599
14599
14600
14600
14601
14601
14602
14602
14603
14603
14604
14604
14605
14605
14606
14606
14607
14607
14608
14608
14609
14609
14610
14610
14611
14611
14612
14612
14613
14613
14614
14614
14615
14615
14616
14616
14617
14617
14618
14618
14619
14619
14620
14620
14621
14621
14622
14622
14623
14623
14624
14624
14625
14625
14626
14626
14627
14627
14628
14628
14629
14629
14630
14630
14631
14631
14632
14632
14633
14633
14634
14634
14635
14635
14636
14636
14637
14637
14638
14638
14639
14639
14640
14640
14641
14641
14642
14642
14643
14643
14644
14644
14645
14645
14646
14646
14647
14647
14648
14648
14649
14649
14650
14650
14651
14651
14652
14652
14653
14653
14654
14654
14655
14655
14656
14656
14657
14657
14658
14658
14659
14659
14660
14660
14661
14661
14662
14662
14663
14663
14664
14664
14665
14665
14666
14666
14667
14667
14668
14668
14669
14669
14670
14670
14671
14671
14672
14672
14673
14673
14674
14674
14675
14675
14676
14676
14677
14677
14678
14678
14679
14679
14680
14680
14681
14681
14682
14682
14683
14683
14684
14684
14685
14685
14686
14686
14687
14687
14688
14688
14689
14689
14690
14690
14691
14691
14692
14692
14693
14693
14694
14694
14695
14695
14696
14696
14697
14697
14698
14698
14699
14699
14700
14700
14701
14701
14702
14702
14703
14703
14704
14704
14705
14705
14706
14706
14707
14707
14708
14708
14709
14709
14710
14710
14711
14711
14712
14712
14713
14713
14714
14714
14715
14715
14716
14716
14717
14717
14718
14718
14719
14719
14720
14720
14721
14721
14722
14722
14723
14723
14724
14724
14725
14725
14726
14726
14727
14727
14728
14728
14729
14729
14730
14730
14731
14731
14732
14732
14733
14733
14734
14734
14735
14735
14736
14736
14737
14737
14738
14738
14739
14739
14740
14740
14741
14741
14742
14742
14743
14743
14744
14744
14745
14745
14746
14746
14747
14747
14748
14748
14749
14749
14750
14750
14751
14751
14752
14752
14753
14753
14754
14754
14755
14755
14756
14756
14757
14757
14758
14758
14759
14759
14760
14760
14761
14761
14762
14762
14763
14763
14764
14764
14765
14765
14766
14766
14767
14767
14768
14768
14769
14769
14770
14770
14771
14771
14772
14772
14773
14773
14774
14774
14775
14775
14776
14776
14777
14777
14778
14778
14779
14779
14780
14780
14781
14781
14782
14782
14783
14783
14784
14784
14785
14785
14786
14786
14787
14787
14788
14788
14789
14789
14790
14790
14791
14791
14792
14792
14793
14793
14794
14794
14795
14795
14796
14796
14797
14797
14798
14798
14799
14799
14800
14800
14801
14801
14802
14802
14803
14803
14804
14804
14805
14805
14806
14806
14807
14807
14808
14808
14809
14809
14810
14810
14811
14811
14812
14812
14813
14813
14814
14814
14815
14815
14816
14816
14817
14817
14818
14818
14819
14819
14820
14820
14821
14821
14822
14822
14823
14823
14824
14824
14825
14825
14826
14826
14827
14827
14828
14828
14829
14829
14830
14830
14831
14831
14832
14832
14833
14833
14834
14834
14835
14835
14836
14836
14837
14837
14838
14838
14839
14839
14840
14840
14841
14841
14842
14842
14843
14843
14844
14844
14845
14845
14846
14846
14847
14847
14848
14848
14849
14849
14850
14850
14851
14851
14852
14852
14853
14853
14854
14854
14855
14855
14856
14856
14857
14857
14858
14858
14859
14859
14860
14860
14861
14861
14862
14862
14863
14863
14864
14864
14865
14865
14866
14866
14867
14867
14868
14868
14869
14869
14870
14870
14871
14871
14872
14872
14873
14873
14874
14874
14875
14875
14876
14876
14877
14877
14878
14878
14879
14879
14880
14880
14881
14881
14882
14882
14883
14883
14884
14884
14885
14885
14886
14886
14887
14887
14888
14888
14889
14889
14890
14890
14891
14891
14892
14892
14893
14893
14894
14894
14895
14895
14896
14896
14897
14897
14898
14898
14899
14899
14900
14900
14901
14901
14902
14902
14903
14903
14904
14904
14905
14905
14906
14906
14907
14907
14908
14908
14909
14909
14910
14910
14911
14911
14912
14912
14913
14913
14914
14914
14915
14915
14916
14916
14917
14917
14918
14918
14919
14919
14920
14920
14921
14921
14922
14922
14923
14923
14924
14924
14925
14925
14926
14926
14927
14927
14928
14928
14929
14929
14930
14930
14931
14931
14932
14932
14933
14933
14934
14934
14935
14935
14936
14936
14937
14937
14938
14938
14939
14939
14940
14940
14941
14941
14942
14942
14943
14943
14944
14944
14945
14945
14946
14946
14947
14947
14948
14948
14949
14949
14950
14950
14951
14951
14952
14952
14953
14953
14954
14954
14955
14955
14956
14956
14957
14957
14958
14958
14959
14959
14960
14960
14961
14961
14962
14962
14963
14963
14964
14964
14965
14965
14966
14966
14967
14967
14968
14968
14969
14969
14970
14970
14971
14971
14972
14972
14973
14973
14974
14974
14975
14975
14976
14976
14977
14977
14978
14978
14979
14979
14980
14980
14981
14981
14982
14982
14983
14983
14984
14984
14985
14985
14986
14986
14987
14987
14988
14988
14989
14989
14990
14990
14991
14991
14992
14992
14993
14993
14994
14994
14995
14995
14996
14996
14997
14997
14998
14998
14999
14999
15000
15000
15001
15001
15002
15002
15003
15003
15004
15004
15005
15005
15006
15006
15007
15007
15008
15008
15009
15009
15010
15010
15011
15011
15012
15012
15013
15013
15014
15014
15015
15015
15016
15016
15017
15017
15018
15018
15019
15019
15020
15020
15021
15021
15022
15022
15023
15023
15024
15024
15025
15025
15026
15026
15027
15027
15028
15028
15029
15029
15030
15030
15031
15031
15032
15032
15033
15033
15034
15034
15035
15035
15036
15036
15037
15037
15038
15038
15039
15039
15040
15040
15041
15041
15042
15042
15043
15043
15044
15044
15045
15045
15046
15046
15047
15047
15048
15048
15049
15049
15050
15050
15051
15051
15052
15052
15053
15053
15054
15054
15055
15055
15056
15056
15057
15057
15058
15058
15059
15059
15060
15060
15061
15061
15062
15062
15063
15063
15064
15064
15065
15065
15066
15066
15067
15067
15068
15068
15069
15069
15070
15070
15071
15071
15072
15072
15073
15073
15074
15074
15075
15075
15076
15076
15077
15077
15078
15078
15079
15079
15080
15080
15081
15081
15082
15082
15083
15083
15084
15084
15085
15085
15086
15086
15087
15087
15088
15088
15089
15089
15090
15090
15091
15091
15092
15092
15093
15093
15094
15094
15095
15095
15096
15096
15097
15097
15098
15098
15099
15099
15100
15100
15101
15101
15102
15102
15103
15103
15104
15104
15105
15105
15106
15106
15107
15107
15108
15108
15109
15109
15110
15110
15111
15111
15112
15112
15113
15113
15114
15114
15115
15115
15116
15116
15117
15117
15118
15118
15119
15119
15120
15120
15121
15121
15122
15122
15123
15123
15124
15124
15125
15125
15126
15126
15127
15127
15128
15128
15129
15129
15130
15130
15131
15131
15132
15132
15133
15133
15134
15134
15135
15135
15136
15136
15137
15137
15138
15138
15139
15139
15140
15140
15141
15141
15142
15142
15143
15143
15144
15144
15145
15145
15146
15146
15147
15147
15148
15148
15149
15149
15150
15150
15151
15151
15152
15152
15153
15153
15154
15154
15155
15155
15156
15156
15157
15157
15158
15158
15159
15159
15160
15160
15161
15161
15162
15162
15163
15163
15164
15164
15165
15165
15166
15166
15167
15167
15168
15168
15169
15169
15170
15170
15171
15171
15172
15172
15173
15173
15174
15174
15175
15175
15176
15176
15177
15177
15178
15178
15179
15179
15180
15180
15181
15181
15182
15182
15183
15183
15184
15184
15185
15185
15186
15186
15187
15187
15188
15188
15189
15189
15190
15190
15191
15191
15192
15192
15193
15193
15194
15194
15195
15195
15196
15196
15197
15197
15198
15198
15199
15199
15200
15200
15201
15201
15202
15202
15203
15203
15204
15204
15205
15205
15206
15206
15207
15207
15208
15208
15209
15209
15210
15210
15211
15211
15212
15212
15213
15213
15214
15214
15215
15215
15216
15216
15217
15217
15218
15218
15219
15219
15220
15220
15221
15221
15222
15222
15223
15223
15224
15224
15225
15225
15226
15226
15227
15227
15228
15228
15229
15229
15230
15230
15231
15231
15232
15232
15233
15233
15234
15234
15235
15235
15236
15236
15237
15237
15238
15238
15239
15239
15240
15240
15241
15241
15242
15242
15243
15243
15244
15244
15245
15245
15246
15246
15247
15247
15248
15248
15249
15249
15250
15250
15251
15251
15252
15252
15253
15253
15254
15254
15255
15255
15256
15256
15257
15257
15258
15258
15259
15259
15260
15260
15261
15261
15262
15262
15263
15263
15264
15264
15265
15265
15266
15266
15267
15267
15268
15268
15269
15269
15270
15270
15271
15271
15272
15272
15273
15273
15274
15274
15275
15275
15276
15276
15277
15277
15278
15278
15279
15279
15280
15280
15281
15281
15282
15282
15283
15283
15284
15284
15285
15285
15286
15286
15287
15287
15288
15288
15289
15289
15290
15290
15291
15291
15292
15292
15293
15293
15294
15294
15295
15295
15296
15296
15297
15297
15298
15298
15299
15299
15300
15300
15301
15301
15302
15302
15303
15303
15304
15304
15305
15305
15306
15306
15307
15307
15308
15308
15309
15309
15310
15310
15311
15311
15312
15312
15313
15313
15314
15314
15315
15315
15316
15316
15317
15317
15318
15318
15319
15319
15320
15320
15321
15321
15322
15322
15323
15323
15324
15324
15325
15325
15326
15326
15327
15327
15328
15328
15329
15329
15330
15330
15331
15331
15332
15332
15333
15333
15334
15334
15335
15335
15336
15336
15337
15337
15338
15338
15339
15339
15340
15340
15341
15341
15342
15342
15343
15343
15344
15344
15345
15345
15346
15346
15347
15347
15348
15348
15349
15349
15350
15350
15351
15351
15352
15352
15353
15353
15354
15354
15355
15355
15356
15356
15357
15357
15358
15358
15359
15359
15360
15360
15361
15361
15362
15362
15363
15363
15364
15364
15365
15365
15366
15366
15367
15367
15368
15368
15369
15369
15370
15370
15371
15371
15372
15372
15373
15373
15374
15374
15375
15375
15376
15376
15377
15377
15378
15378
15379
15379
15380
15380
15381
15381
15382
15382
15383
15383
15384
15384
15385
15385
15386
15386
15387
15387
15388
15388
15389
15389
15390
15390
15391
15391
15392
15392
15393
15393
15394
15394
15395
15395
15396
15396
15397
15397
15398
15398
15399
15399
15400
15400
15401
15401
15402
15402
15403
15403
15404
15404
15405
15405
15406
15406
15407
15407
15408
15408
15409
15409
15410
15410
15411
15411
15412
15412
15413
15413
15414
15414
15415
15415
15416
15416
15417
15417
15418
15418
15419
15419
15420
15420
15421
15421
15422
15422
15423
15423
15424
15424
15425
15425
15426
15426
15427
15427
15428
15428
15429
15429
15430
15430
15431
15431
15432
15432
15433
15433
15434
15434
15435
15435
15436
15436
15437
15437
15438
15438
15439
15439
15440
15440
15441
15441
15442
15442
15443
15443
15444
15444
15445
15445
15446
15446
15447
15447
15448
15448
15449
15449
15450
15450
15451
15451
15452
15452
15453
15453
15454
15454
15455
15455
15456
15456
15457
15457
15458
15458
15459
15459
15460
15460
15461
15461
15462
15462
15463
15463
15464
15464
15465
15465
15466
15466
15467
15467
15468
15468
15469
15469
15470
15470
15471
15471
15472
15472
15473
15473
15474
15474
15475
15475
15476
15476
15477
15477
15478
15478
15479
15479
15480
15480
15481
15481
15482
15482
15483
15483
15484
15484
15485
15485
15486
15486
15487
15487
15488
15488
15489
15489
15490
15490
15491
15491
15492
15492
15493
15493
15494
15494
15495
15495
15496
15496
15497
15497
15498
15498
15499
15499
15500
15500
15501
15501
15502
15502
15503
15503
15504
15504
15505
15505
15506
15506
15507
15507
15508
15508
15509
15509
15510
15510
15511
15511
15512
15512
15513
15513
15514
15514
15515
15515
15516
15516
15517
15517
15518
15518
15519
15519
15520
15520
15521
15521
15522
15522
15523
15523
15524
15524
15525
15525
15526
15526
15527
15527
15528
15528
15529
15529
15530
15530
15531
15531
15532
15532
15533
15533
15534
15534
15535
15535
15536
15536
15537
15537
15538
15538
15539
15539
15540
15540
15541
15541
15542
15542
15543
15543
15544
15544
15545
15545
15546
15546
15547
15547
15548
15548
15549
15549
15550
15550
15551
15551
15552
15552
15553
15553
15554
15554
15555
15555
15556
15556
15557
15557
15558
15558
15559
15559
15560
15560
15561
15561
15562
15562
15563
15563
15564
15564
15565
15565
15566
15566
15567
15567
15568
15568
15569
15569
15570
15570
15571
15571
15572
15572
15573
15573
15574
15574
15575
15575
15576
15576
15577
15577
15578
15578
15579
15579
15580
15580
15581
15581
15582
15582
15583
15583
15584
15584
15585
15585
15586
15586
15587
15587
15588
15588
15589
15589
15590
15590
15591
15591
15592
15592
15593
15593
15594
15594
15595
15595
15596
15596
15597
15597
15598
15598
15599
15599
15600
15600
15601
15601
15602
15602
15603
15603
15604
15604
15605
15605
15606
15606
15607
15607
15608
15608
15609
15609
15610
15610
15611
15611
15612
15612
15613
15613
15614
15614
15615
15615
15616
15616
15617
15617
15618
15618
15619
15619
15620
15620
15621
15621
15622
15622
15623
15623
15624
15624
15625
15625
15626
15626
15627
15627
15628
15628
15629
15629
15630
15630
15631
15631
15632
15632
15633
15633
15634
15634
15635
15635
15636
15636
15637
15637
15638
15638
15639
15639
15640
15640
15641
15641
15642
15642
15643
15643
15644
15644
15645
15645
15646
15646
15647
15647
15648
15648
15649
15649
15650
15650
15651
15651
15652
15652
15653
15653
15654
15654
15655
15655
15656
15656
15657
15657
15658
15658
15659
15659
15660
15660
15661
15661
15662
15662
15663
15663
15664
15664
15665
15665
15666
15666
15667
15667
15668
15668
15669
15669
15670
15670
15671
15671
15672
15672
15673
15673
15674
15674
15675
15675
15676
15676
15677
15677
15678
15678
15679
15679
15680
15680
15681
15681
15682
15682
15683
15683
15684
15684
15685
15685
15686
15686
15687
15687
15688
15688
15689
15689
15690
15690
15691
15691
15692
15692
15693
15693
15694
15694
15695
15695
15696
15696
15697
15697
15698
15698
15699
15699
15700
15700
15701
15701
15702
15702
15703
15703
15704
15704
15705
15705
15706
15706
15707
15707
15708
15708
15709
15709
15710
15710
15711
15711
15712
15712
15713
15713
15714
15714
15715
15715
15716
15716
15717
15717
15718
15718
15719
15719
15720
15720
15721
15721
15722
15722
15723
15723
15724
15724
15725
15725
15726
15726
15727
15727
15728
15728
15729
15729
15730
15730
15731
15731
15732
15732
15733
15733
15734
15734
15735
15735
15736
15736
15737
15737
15738
15738
15739
15739
15740
15740
15741
15741
15742
15742
15743
15743
15744
15744
15745
15745
15746
15746
15747
15747
15748
15748
15749
15749
15750
15750
15751
15751
15752
15752
15753
15753
15754
15754
15755
15755
15756
15756
15757
15757
15758
15758
15759
15759
15760
15760
15761
15761
15762
15762
15763
15763
15764
15764
15765
15765
15766
15766
15767
15767
15768
15768
15769
15769
15770
15770
15771
15771
15772
15772
15773
15773
15774
15774
15775
15775
15776
15776
15777
15777
15778
15778
15779
15779
15780
15780
15781
15781
15782
15782
15783
15783
15784
15784
15785
15785
15786
15786
15787
15787
15788
15788
15789
15789
15790
15790
15791
15791
15792
15792
15793
15793
15794
15794
15795
15795
15796
15796
15797
15797
15798
15798
15799
15799
15800
15800
15801
15801
15802
15802
15803
15803
15804
15804
15805
15805
15806
15806
15807
15807
15808
15808
15809
15809
15810
15810
15811
15811
15812
15812
15813
15813
15814
15814
15815
15815
15816
15816
15817
15817
15818
15818
15819
15819
15820
15820
15821
15821
15822
15822
15823
15823
15824
15824
15825
15825
15826
15826
15827
15827
15828
15828
15829
15829
15830
15830
15831
15831
15832
15832
15833
15833
15834
15834
15835
15835
15836
15836
15837
15837
15838
15838
15839
15839
15840
15840
15841
15841
15842
15842
15843
15843
15844
15844
15845
15845
15846
15846
15847
15847
15848
15848
15849
15849
15850
15850
15851
15851
15852
15852
15853
15853
15854
15854
15855
15855
15856
15856
15857
15857
15858
15858
15859
15859
15860
15860
15861
15861
15862
15862
15863
15863
15864
15864
15865
15865
15866
15866
15867
15867
15868
15868
15869
15869
15870
15870
15871
15871
15872
15872
15873
15873
15874
15874
15875
15875
15876
15876
15877
15877
15878
15878
15879
15879
15880
15880
15881
15881
15882
15882
15883
15883
15884
15884
15885
15885
15886
15886
15887
15887
15888
15888
15889
15889
15890
15890
15891
15891
15892
15892
15893
15893
15894
15894
15895
15895
15896
15896
15897
15897
15898
15898
15899
15899
15900
15900
15901
15901
15902
15902
15903
15903
15904
15904
15905
15905
15906
15906
15907
15907
15908
15908
15909
15909
15910
15910
15911
15911
15912
15912
15913
15913
15914
15914
15915
15915
15916
15916
15917
15917
15918
15918
15919
15919
15920
15920
15921
15921
15922
15922
15923
15923
15924
15924
15925
15925
15926
15926
15927
15927
15928
15928
15929
15929
15930
15930
15931
15931
15932
15932
15933
15933
15934
15934
15935
15935
15936
15936
15937
15937
15938
15938
15939
15939
15940
15940
15941
15941
15942
15942
15943
15943
15944
15944
15945
15945
15946
15946
15947
15947
15948
15948
15949
15949
15950
15950
15951
15951
15952
15952
15953
15953
15954
15954
15955
15955
15956
15956
15957
15957
15958
15958
15959
15959
15960
15960
15961
15961
15962
15962
15963
15963
15964
15964
15965
15965
15966
15966
15967
15967
15968
15968
15969
15969
15970
15970
15971
15971
15972
15972
15973
15973
15974
15974
15975
15975
15976
15976
15977
15977
15978
15978
15979
15979
15980
15980
15981
15981
15982
15982
15983
15983
15984
15984
15985
15985
15986
15986
15987
15987
15988
15988
15989
15989
15990
15990
15991
15991
15992
15992
15993
15993
15994
15994
15995
15995
15996
15996
15997
15997
15998
15998
15999
15999
16000
16000
16001
16001
16002
16002
16003
16003
16004
16004
16005
16005
16006
16006
16007
16007
16008
16008
16009
16009
16010
16010
16011
16011
16012
16012
16013
16013
16014
16014
16015
16015
16016
16016
16017
16017
16018
16018
16019
16019
16020
16020
16021
16021
16022
16022
16023
16023
16024
16024
16025
16025
16026
16026
16027
16027
16028
16028
16029
16029
16030
16030
16031
16031
16032
16032
16033
16033
16034
16034
16035
16035
16036
16036
16037
16037
16038
16038
16039
16039
16040
16040
16041
16041
16042
16042
16043
16043
16044
16044
16045
16045
16046
16046
16047
16047
16048
16048
16049
16049
16050
16050
16051
16051
16052
16052
16053
16053
16054
16054
16055
16055
16056
16056
16057
16057
16058
16058
16059
16059
16060
16060
16061
16061
16062
16062
16063
16063
16064
16064
16065
16065
16066
16066
16067
16067
16068
16068
16069
16069
16070
16070
16071
16071
16072
16072
16073
16073
16074
16074
16075
16075
16076
16076
16077
16077
16078
16078
16079
16079
16080
16080
16081
16081
16082
16082
16083
16083
16084
16084
16085
16085
16086
16086
16087
16087
16088
16088
16089
16089
16090
16090
16091
16091
16092
16092
16093
16093
16094
16094
16095
16095
16096
16096
16097
16097
16098
16098
16099
16099
16100
16100
16101
16101
16102
16102
16103
16103
16104
16104
16105
16105
16106
16106
16107
16107
16108
16108
16109
16109
16110
16110
16111
16111
16112
16112
16113
16113
16114
16114
16115
16115
16116
16116
16117
16117
16118
16118
16119
16119
16120
16120
16121
16121
16122
16122
16123
16123
16124
16124
16125
16125
16126
16126
16127
16127
16128
16128
16129
16129
16130
16130
16131
16131
16132
16132
16133
16133
16134
16134
16135
16135
16136
16136
16137
16137
16138
16138
16139
16139
16140
16140
16141
16141
16142
16142
16143
16143
16144
16144
16145
16145
16146
16146
16147
16147
16148
16148
16149
16149
16150
16150
16151
16151
16152
16152
16153
16153
16154
16154
16155
16155
16156
16156
16157
16157
16158
16158
16159
16159
16160
16160
16161
16161
16162
16162
16163
16163
16164
16164
16165
16165
16166
16166
16167
16167
16168
16168
16169
16169
16170
16170
16171
16171
16172
16172
16173
16173
16174
16174
16175
16175
16176
16176
16177
16177
16178
16178
16179
16179
16180
16180
16181
16181
16182
16182
16183
16183
16184
16184
16185
16185
16186
16186
16187
16187
16188
16188
16189
16189
16190
16190
16191
16191
16192
16192
16193
16193
16194
16194
16195
16195
16196
16196
16197
16197
16198
16198
16199
16199
16200
16200
16201
16201
16202
16202
16203
16203
16204
16204
16205
16205
16206
16206
16207
16207
16208
16208
16209
16209
16210
16210
16211
16211
16212
16212
16213
16213
16214
16214
16215
16215
16216
16216
16217
16217
16218
16218
16219
16219
16220
16220
16221
16221
16222
16222
16223
16223
16224
16224
16225
16225
16226
16226
16227
16227
16228
16228
16229
16229
16230
16230
16231
16231
16232
16232
16233
16233
16234
16234
16235
16235
16236
16236
16237
16237
16238
16238
16239
16239
16240
16240
16241
16241
16242
16242
16243
16243
16244
16244
16245
16245
16246
16246
16247
16247
16248
16248
16249
16249
16250
16250
16251
16251
16252
16252
16253
16253
16254
16254
16255
16255
16256
16256
16257
16257
16258
16258
16259
16259
16260
16260
16261
16261
16262
16262
16263
16263
16264
16264
16265
16265
16266
16266
16267
16267
16268
16268
16269
16269
16270
16270
16271
16271
16272
16272
16273
16273
16274
16274
16275
16275
16276
16276
16277
16277
16278
16278
16279
16279
16280
16280
16281
16281
16282
16282
16283
16283
16284
16284
16285
16285
16286
16286
16287
16287
16288
16288
16289
16289
16290
16290
16291
16291
16292
16292
16293
16293
16294
16294
16295
16295
16296
16296
16297
16297
16298
16298
16299
16299
16300
16300
16301
16301
16302
16302
16303
16303
16304
16304
16305
16305
16306
16306
16307
16307
16308
16308
16309
16309
16310
16310
16311
16311
16312
16312
16313
16313
16314
16314
16315
16315
16316
16316
16317
16317
16318
16318
16319
16319
16320
16320
16321
16321
16322
16322
16323
16323
16324
16324
16325
16325
16326
16326
16327
16327
16328
16328
16329
16329
16330
16330
16331
16331
16332
16332
16333
16333
16334
16334
16335
16335
16336
16336
16337
16337
16338
16338
16339
16339
16340
16340
16341
16341
16342
16342
16343
16343
16344
16344
16345
16345
16346
16346
16347
16347
16348
16348
16349
16349
16350
16350
16351
16351
16352
16352
16353
16353
16354
16354
16355
16355
16356
16356
16357
16357
16358
16358
16359
16359
16360
16360
16361
16361
16362
16362
16363
16363
16364
16364
16365
16365
16366
16366
16367
16367
16368
16368
16369
16369
16370
16370
16371
16371
16372
16372
16373
16373
16374
16374
16375
16375
16376
16376
16377
16377
16378
16378
16379
16379
16380
16380
16381
16381
16382
16382
16383
16383
16384
16384
16385
16385
16386
16386
16387
16387
16388
16388
16389
16389
16390
16390
16391
16391
16392
16392
16393
16393
16394
16394
16395
16395
16396
16396
16397
16397
16398
16398
16399
16399
16400
16400
16401
16401
16402
16402
16403
16403
16404
16404
16405
16405
16406
16406
16407
16407
16408
16408
16409
16409
16410
16410
16411
16411
16412
16412
16413
16413
16414
16414
16415
16415
16416
16416
16417
16417
16418
16418
16419
16419
16420
16420
16421
16421
16422
16422
16423
16423
16424
16424
16425
16425
16426
16426
16427
16427
16428
16428
16429
16429
16430
16430
16431
16431
16432
16432
16433
16433
16434
16434
16435
16435
16436
16436
16437
16437
16438
16438
16439
16439
16440
16440
16441
16441
16442
16442
16443
16443
16444
16444
16445
16445
16446
16446
16447
16447
16448
16448
16449
16449
16450
16450
16451
16451
16452
16452
16453
16453
16454
16454
16455
16455
16456
16456
16457
16457
16458
16458
16459
16459
16460
16460
16461
16461
16462
16462
16463
16463
16464
16464
16465
16465
16466
16466
16467
16467
16468
16468
16469
16469
16470
16470
16471
16471
16472
16472
16473
16473
16474
16474
16475
16475
16476
16476
16477
16477
16478
16478
16479
16479
16480
16480
16481
16481
16482
16482
16483
16483
16484
16484
16485
16485
16486
16486
16487
16487
16488
16488
16489
16489
16490
16490
16491
16491
16492
16492
16493
16493
16494
16494
16495
16495
16496
16496
16497
16497
16498
16498
16499
16499
16500
16500
16501
16501
16502
16502
16503
16503
16504
16504
16505
16505
16506
16506
16507
16507
16508
16508
16509
16509
16510
16510
16511
16511
16512
16512
16513
16513
16514
16514
16515
16515
16516
16516
16517
16517
16518
16518
16519
16519
16520
16520
16521
16521
16522
16522
16523
16523
16524
16524
16525
16525
16526
16526
16527
16527
16528
16528
16529
16529
16530
16530
16531
16531
16532
16532
16533
16533
16534
16534
16535
16535
16536
16536
16537
16537
16538
16538
16539
16539
16540
16540
16541
16541
16542
16542
16543
16543
16544
16544
16545
16545
16546
16546
16547
16547
16548
16548
16549
16549
16550
16550
16551
16551
16552
16552
16553
16553
16554
16554
16555
16555
16556
16556
16557
16557
16558
16558
16559
16559
16560
16560
16561
16561
16562
16562
16563
16563
16564
16564
16565
16565
16566
16566
16567
16567
16568
16568
16569
16569
16570
16570
16571
16571
16572
16572
16573
16573
16574
16574
16575
16575
16576
16576
16577
16577
16578
16578
16579
16579
16580
16580
16581
16581
16582
16582
16583
16583
16584
16584
16585
16585
16586
16586
16587
16587
16588
16588
16589
16589
16590
16590
16591
16591
16592
16592
16593
16593
16594
16594
16595
16595
16596
16596
16597
16597
16598
16598
16599
16599
16600
16600
16601
16601
16602
16602
16603
16603
16604
16604
16605
16605
16606
16606
16607
16607
16608
16608
16609
16609
16610
16610
16611
16611
16612
16612
16613
16613
16614
16614
16615
16615
16616
16616
16617
16617
16618
16618
16619
16619
16620
16620
16621
16621
16622
16622
16623
16623
16624
16624
16625
16625
16626
16626
16627
16627
16628
16628
16629
16629
16630
16630
16631
16631
16632
16632
16633
16633
16634
16634
16635
16635
16636
16636
16637
16637
16638
16638
16639
16639
16640
16640
16641
16641
16642
16642
16643
16643
16644
16644
16645
16645
16646
16646
16647
16647
16648
16648
16649
16649
16650
16650
16651
16651
16652
16652
16653
16653
16654
16654
16655
16655
16656
16656
16657
16657
16658
16658
16659
16659
16660
16660
16661
16661
16662
16662
16663
16663
16664
16664
16665
16665
16666
16666
16667
16667
16668
16668
16669
16669
16670
16670
16671
16671
16672
16672
16673
16673
16674
16674
16675
16675
16676
16676
16677
16677
16678
16678
16679
16679
16680
16680
16681
16681
16682
16682
16683
16683
16684
16684
16685
16685
16686
16686
16687
16687
16688
16688
16689
16689
16690
16690
16691
16691
16692
16692
16693
16693
16694
16694
16695
16695
16696
16696
16697
16697
16698
16698
16699
16699
16700
16700
16701
16701
16702
16702
16703
16703
16704
16704
16705
16705
16706
16706
16707
16707
16708
16708
16709
16709
16710
16710
16711
16711
16712
16712
16713
16713
16714
16714
16715
16715
16716
16716
16717
16717
16718
16718
16719
16719
16720
16720
16721
16721
16722
16722
16723
16723
16724
16724
16725
16725
16726
16726
16727
16727
16728
16728
16729
16729
16730
16730
16731
16731
16732
16732
16733
16733
16734
16734
16735
16735
16736
16736
16737
16737
16738
16738
16739
16739
16740
16740
16741
16741
16742
16742
16743
16743
16744
16744
16745
16745
16746
16746
16747
16747
16748
16748
16749
16749
16750
16750
16751
16751
16752
16752
16753
16753
16754
16754
16755
16755
16756
16756
16757
16757
16758
16758
16759
16759
16760
16760
16761
16761
16762
16762
16763
16763
16764
16764
16765
16765
16766
16766
16767
16767
16768
16768
16769
16769
16770
16770
16771
16771
16772
16772
16773
16773
16774
16774
16775
16775
16776
16776
16777
16777
16778
16778
16779
16779
16780
16780
16781
16781
16782
16782
16783
16783
16784
16784
16785
16785
16786
16786
16787
16787
16788
16788
16789
16789
16790
16790
16791
16791
16792
16792
16793
16793
16794
16794
16795
16795
16796
16796
16797
16797
16798
16798
16799
16799
16800
16800
16801
16801
16802
16802
16803
16803
16804
16804
16805
16805
16806
16806
16807
16807
16808
16808
16809
16809
16810
16810
16811
16811
16812
16812
16813
16813
16814
16814
16815
16815
16816
16816
16817
16817
16818
16818
16819
16819
16820
16820
16821
16821
16822
16822
16823
16823
16824
16824
16825
16825
16826
16826
16827
16827
16828
16828
16829
16829
16830
16830
16831
16831
16832
16832
16833
16833
16834
16834
16835
16835
16836
16836
16837
16837
16838
16838
16839
16839
16840
16840
16841
16841
16842
16842
16843
16843
16844
16844
16845
16845
16846
16846
16847
16847
16848
16848
16849
16849
16850
16850
16851
16851
16852
16852
16853
16853
16854
16854
16855
16855
16856
16856
16857
16857
16858
16858
16859
16859
16860
16860
16861
16861
16862
16862
16863
16863
16864
16864
16865
16865
16866
16866
16867
16867
16868
16868
16869
16869
16870
16870
16871
16871
16872
16872
16873
16873
16874
16874
16875
16875
16876
16876
16877
16877
16878
16878
16879
16879
16880
16880
16881
16881
16882
16882
16883
16883
16884
16884
16885
16885
16886
16886
16887
16887
16888
16888
16889
16889
16890
16890
16891
16891
16892
16892
16893
16893
16894
16894
16895
16895
16896
16896
16897
16897
16898
16898
16899
16899
16900
16900
16901
16901
16902
16902
16903
16903
16904
16904
16905
16905
16906
16906
16907
16907
16908
16908
16909
16909
16910
16910
16911
16911
16912
16912
16913
16913
16914
16914
16915
16915
16916
16916
16917
16917
16918
16918
16919
16919
16920
16920
16921
16921
16922
16922
16923
16923
16924
16924
16925
16925
16926
16926
16927
16927
16928
16928
16929
16929
16930
16930
16931
16931
16932
16932
16933
16933
16934
16934
16935
16935
16936
16936
16937
16937
16938
16938
16939
16939
16940
16940
16941
16941
16942
16942
16943
16943
16944
16944
16945
16945
16946
16946
16947
16947
16948
16948
16949
16949
16950
16950
16951
16951
16952
16952
16953
16953
16954
16954
16955
16955
16956
16956
16957
16957
16958
16958
16959
16959
16960
16960
16961
16961
16962
16962
16963
16963
16964
16964
16965
16965
16966
16966
16967
16967
16968
16968
16969
16969
16970
16970
16971
16971
16972
16972
16973
16973
16974
16974
16975
16975
16976
16976
16977
16977
16978
16978
16979
16979
16980
16980
16981
16981
16982
16982
16983
16983
16984
16984
16985
16985
16986
16986
16987
16987
16988
16988
16989
16989
16990
16990
16991
16991
16992
16992
16993
16993
16994
16994
16995
16995
16996
16996
16997
16997
16998
16998
16999
16999
17000
17000
17001
17001
17002
17002
17003
17003
17004
17004
17005
17005
17006
17006
17007
17007
17008
17008
17009
17009
17010
17010
17011
17011
17012
17012
17013
17013
17014
17014
17015
17015
17016
17016
17017
17017
17018
17018
17019
17019
17020
17020
17021
17021
17022
17022
17023
17023
17024
17024
17025
17025
17026
17026
17027
17027
17028
17028
17029
17029
17030
17030
17031
17031
17032
17032
17033
17033
17034
17034
17035
17035
17036
17036
17037
17037
17038
17038
17039
17039
17040
17040
17041
17041
17042
17042
17043
17043
17044
17044
17045
17045
17046
17046
17047
17047
17048
17048
17049
17049
17050
17050
17051
17051
17052
17052
17053
17053
17054
17054
17055
17055
17056
17056
17057
17057
17058
17058
17059
17059
17060
17060
17061
17061
17062
17062
17063
17063
17064
17064
17065
17065
17066
17066
17067
17067
17068
17068
17069
17069
17070
17070
17071
17071
17072
17072
17073
17073
17074
17074
17075
17075
17076
17076
17077
17077
17078
17078
17079
17079
17080
17080
17081
17081
17082
17082
17083
17083
17084
17084
17085
17085
17086
17086
17087
17087
17088
17088
17089
17089
17090
17090
17091
17091
17092
17092
17093
17093
17094
17094
17095
17095
17096
17096
17097
17097
17098
17098
17099
17099
17100
17100
17101
17101
17102
17102
17103
17103
17104
17104
17105
17105
17106
17106
17107
17107
17108
17108
17109
17109
17110
17110
17111
17111
17112
17112
17113
17113
17114
17114
17115
17115
17116
17116
17117
17117
17118
17118
17119
17119
17120
17120
17121
17121
17122
17122
17123
17123
17124
17124
17125
17125
17126
17126
17127
17127
17128
17128
17129
17129
17130
17130
17131
17131
17132
17132
17133
17133
17134
17134
17135
17135
17136
17136
17137
17137
17138
17138
17139
17139
17140
17140
17141
17141
17142
17142
17143
17143
17144
17144
17145
17145
17146
17146
17147
17147
17148
17148
17149
17149
17150
17150
17151
17151
17152
17152
17153
17153
17154
17154
17155
17155
17156
17156
17157
17157
17158
17158
17159
17159
17160
17160
17161
17161
17162
17162
17163
17163
17164
17164
17165
17165
17166
17166
17167
17167
17168
17168
17169
17169
17170
17170
17171
17171
17172
17172
17173
17173
17174
17174
17175
17175
17176
17176
17177
17177
17178
17178
17179
17179
17180
17180
17181
17181
17182
17182
17183
17183
17184
17184
17185
17185
17186
17186
17187
17187
17188
17188
17189
17189
17190
17190
17191
17191
17192
17192
17193
17193
17194
17194
17195
17195
17196
17196
17197
17197
17198
17198
17199
17199
17200
17200
17201
17201
17202
17202
17203
17203
17204
17204
17205
17205
17206
17206
17207
17207
17208
17208
17209
17209
17210
17210
17211
17211
17212
17212
17213
17213
17214
17214
17215
17215
17216
17216
17217
17217
17218
17218
17219
17219
17220
17220
17221
17221
17222
17222
17223
17223
17224
17224
17225
17225
17226
17226
17227
17227
17228
17228
17229
17229
17230
17230
17231
17231
17232
17232
17233
17233
17234
17234
17235
17235
17236
17236
17237
17237
17238
17238
17239
17239
17240
17240
17241
17241
17242
17242
17243
17243
17244
17244
17245
17245
17246
17246
17247
17247
17248
17248
17249
17249
17250
17250
17251
17251
17252
17252
17253
17253
17254
17254
17255
17255
17256
17256
17257
17257
17258
17258
17259
17259
17260
17260
17261
17261
17262
17262
17263
17263
17264
17264
17265
17265
17266
17266
17267
17267
17268
17268
17269
17269
17270
17270
17271
17271
17272
17272
17273
17273
17274
17274
17275
17275
17276
17276
17277
17277
17278
17278
17279
17279
17280
17280
17281
17281
17282
17282
17283
17283
17284
17284
17285
17285
17286
17286
17287
17287
17288
17288
17289
17289
17290
17290
17291
17291
17292
17292
17293
17293
17294
17294
17295
17295
17296
17296
17297
17297
17298
17298
17299
17299
17300
17300
17301
17301
17302
17302
17303
17303
17304
17304
17305
17305
17306
17306
17307
17307
17308
17308
17309
17309
17310
17310
17311
17311
17312
17312
17313
17313
17314
17314
17315
17315
17316
17316
17317
17317
17318
17318
17319
17319
17320
17320
17321
17321
17322
17322
17323
17323
17324
17324
17325
17325
17326
17326
17327
17327
17328
17328
17329
17329
17330
17330
17331
17331
17332
17332
17333
17333
17334
17334
17335
17335
17336
17336
17337
17337
17338
17338
17339
17339
17340
17340
17341
17341
17342
17342
17343
17343
17344
17344
17345
17345
17346
17346
17347
17347
17348
17348
17349
17349
17350
17350
17351
17351
17352
17352
17353
17353
17354
17354
17355
17355
17356
17356
17357
17357
17358
17358
17359
17359
17360
17360
17361
17361
17362
17362
17363
17363
17364
17364
17365
17365
17366
17366
17367
17367
17368
17368
17369
17369
17370
17370
17371
17371
17372
17372
17373
17373
17374
17374
17375
17375
17376
17376
17377
17377
17378
17378
17379
17379
17380
17380
17381
17381
17382
17382
17383
17383
17384
17384
17385
17385
17386
17386
17387
17387
17388
17388
17389
17389
17390
17390
17391
17391
17392
17392
17393
17393
17394
17394
17395
17395
17396
17396
17397
17397
17398
17398
17399
17399
17400
17400
17401
17401
17402
17402
17403
17403
17404
17404
17405
17405
17406
17406
17407
17407
17408
17408
17409
17409
17410
17410
17411
17411
17412
17412
17413
17413
17414
17414
17415
17415
17416
17416
17417
17417
17418
17418
17419
17419
17420
17420
17421
17421
17422
17422
17423
17423
17424
17424
17425
17425
17426
17426
17427
17427
17428
17428
17429
17429
17430
17430
17431
17431
17432
17432
17433
17433
17434
17434
17435
17435
17436
17436
17437
17437
17438
17438
17439
17439
17440
17440
17441
17441
17442
17442
17443
17443
17444
17444
17445
17445
17446
17446
17447
17447
17448
17448
17449
17449
17450
17450
17451
17451
17452
17452
17453
17453
17454
17454
17455
17455
17456
17456
17457
17457
17458
17458
17459
17459
17460
17460
17461
17461
17462
17462
17463
17463
17464
17464
17465
17465
17466
17466
17467
17467
17468
17468
17469
17469
17470
17470
17471
17471
17472
17472
17473
17473
17474
17474
17475
17475
17476
17476
17477
17477
17478
17478
17479
17479
17480
17480
17481
17481
17482
17482
17483
17483
17484
17484
17485
17485
17486
17486
17487
17487
17488
17488
17489
17489
17490
17490
17491
17491
17492
17492
17493
17493
17494
17494
17495
17495
17496
17496
17497
17497
17498
17498
17499
17499
17500
17500
17501
17501
17502
17502
17503
17503
17504
17504
17505
17505
17506
17506
17507
17507
17508
17508
17509
17509
17510
17510
17511
17511
17512
17512
17513
17513
17514
17514
17515
17515
17516
17516
17517
17517
17518
17518
17519
17519
17520
17520
17521
17521
17522
17522
17523
17523
17524
17524
17525
17525
17526
17526
17527
17527
17528
17528
17529
17529
17530
17530
17531
17531
17532
17532
17533
17533
17534
17534
17535
17535
17536
17536
17537
17537
17538
17538
17539
17539
17540
17540
17541
17541
17542
17542
17543
17543
17544
17544
17545
17545
17546
17546
17547
17547
17548
17548
17549
17549
17550
17550
17551
17551
17552
17552
17553
17553
17554
17554
17555
17555
17556
17556
17557
17557
17558
17558
17559
17559
17560
17560
17561
17561
17562
17562
17563
17563
17564
17564
17565
17565
17566
17566
17567
17567
17568
17568
17569
17569
17570
17570
17571
17571
17572
17572
17573
17573
17574
17574
17575
17575
17576
17576
17577
17577
17578
17578
17579
17579
17580
17580
17581
17581
17582
17582
17583
17583
17584
17584
17585
17585
17586
17586
17587
17587
17588
17588
17589
17589
17590
17590
17591
17591
17592
17592
17593
17593
17594
17594
17595
17595
17596
17596
17597
17597
17598
17598
17599
17599
17600
17600
17601
17601
17602
17602
17603
17603
17604
17604
17605
17605
17606
17606
17607
17607
17608
17608
17609
17609
17610
17610
17611
17611
17612
17612
17613
17613
17614
17614
17615
17615
17616
17616
17617
17617
17618
17618
17619
17619
17620
17620
17621
17621
17622
17622
17623
17623
17624
17624
17625
17625
17626
17626
17627
17627
17628
17628
17629
17629
17630
17630
17631
17631
17632
17632
17633
17633
17634
17634
17635
17635
17636
17636
17637
17637
17638
17638
17639
17639
17640
17640
17641
17641
17642
17642
17643
17643
17644
17644
17645
17645
17646
17646
17647
17647
17648
17648
17649
17649
17650
17650
17651
17651
17652
17652
17653
17653
17654
17654
17655
17655
17656
17656
17657
17657
17658
17658
17659
17659
17660
17660
17661
17661
17662
17662
17663
17663
17664
17664
17665
17665
17666
17666
17667
17667
17668
17668
17669
17669
17670
17670
17671
17671
17672
17672
17673
17673
17674
17674
17675
17675
17676
17676
17677
17677
17678
17678
17679
17679
17680
17680
17681
17681
17682
17682
17683
17683
17684
17684
17685
17685
17686
17686
17687
17687
17688
17688
17689
17689
17690
17690
17691
17691
17692
17692
17693
17693
17694
17694
17695
17695
17696
17696
17697
17697
17698
17698
17699
17699
17700
17700
17701
17701
17702
17702
17703
17703
17704
17704
17705
17705
17706
17706
17707
17707
17708
17708
17709
17709
17710
17710
17711
17711
17712
17712
17713
17713
17714
17714
17715
17715
17716
17716
17717
17717
17718
17718
17719
17719
17720
17720
17721
17721
17722
17722
17723
17723
17724
17724
17725
17725
17726
17726
17727
17727
17728
17728
17729
17729
17730
17730
17731
17731
17732
17732
17733
17733
17734
17734
17735
17735
17736
17736
17737
17737
17738
17738
17739
17739
17740
17740
17741
17741
17742
17742
17743
17743
17744
17744
17745
17745
17746
17746
17747
17747
17748
17748
17749
17749
17750
17750
17751
17751
17752
17752
17753
17753
17754
17754
17755
17755
17756
17756
17757
17757
17758
17758
17759
17759
17760
17760
17761
17761
17762
17762
17763
17763
17764
17764
17765
17765
17766
17766
17767
17767
17768
17768
17769
17769
17770
17770
17771
17771
17772
17772
17773
17773
17774
17774
17775
17775
17776
17776
17777
17777
17778
17778
17779
17779
17780
17780
17781
17781
17782
17782
17783
17783
17784
17784
17785
17785
17786
17786
17787
17787
17788
17788
17789
17789
17790
17790
17791
17791
17792
17792
17793
17793
17794
17794
17795
17795
17796
17796
17797
17797
17798
17798
17799
17799
17800
17800
17801
17801
17802
17802
17803
17803
17804
17804
17805
17805
17806
17806
17807
17807
17808
17808
17809
17809
17810
17810
17811
17811
17812
17812
17813
17813
17814
17814
17815
17815
17816
17816
17817
17817
17818
17818
17819
17819
17820
17820
17821
17821
17822
17822
17823
17823
17824
17824
17825
17825
17826
17826
17827
17827
17828
17828
17829
17829
17830
17830
17831
17831
17832
17832
17833
17833
17834
17834
17835
17835
17836
17836
17837
17837
17838
17838
17839
17839
17840
17840
17841
17841
17842
17842
17843
17843
17844
17844
17845
17845
17846
17846
17847
17847
17848
17848
17849
17849
17850
17850
17851
17851
17852
17852
17853
17853
17854
17854
17855
17855
17856
17856
17857
17857
17858
17858
17859
17859
17860
17860
17861
17861
17862
17862
17863
17863
17864
17864
17865
17865
17866
17866
17867
17867
17868
17868
17869
17869
17870
17870
17871
17871
17872
17872
17873
17873
17874
17874
17875
17875
17876
17876
17877
17877
17878
17878
17879
17879
17880
17880
17881
17881
17882
17882
17883
17883
17884
17884
17885
17885
17886
17886
17887
17887
17888
17888
17889
17889
17890
17890
17891
17891
17892
17892
17893
17893
17894
17894
17895
17895
17896
17896
17897
17897
17898
17898
17899
17899
17900
17900
17901
17901
17902
17902
17903
17903
17904
17904
17905
17905
17906
17906
17907
17907
17908
17908
17909
17909
17910
17910
17911
17911
17912
17912
17913
17913
17914
17914
17915
17915
17916
17916
17917
17917
17918
17918
17919
17919
17920
17920
17921
17921
17922
17922
17923
17923
17924
17924
17925
17925
17926
17926
17927
17927
17928
17928
17929
17929
17930
17930
17931
17931
17932
17932
17933
17933
17934
17934
17935
17935
17936
17936
17937
17937
17938
17938
17939
17939
17940
17940
17941
17941
17942
17942
17943
17943
17944
17944
17945
17945
17946
17946
17947
17947
17948
17948
17949
17949
17950
17950
17951
17951
17952
17952
17953
17953
17954
17954
17955
17955
17956
17956
17957
17957
17958
17958
17959
17959
17960
17960
17961
17961
17962
17962
17963
17963
17964
17964
17965
17965
17966
17966
17967
17967
17968
17968
17969
17969
17970
17970
17971
17971
17972
17972
17973
17973
17974
17974
17975
17975
17976
17976
17977
17977
17978
17978
17979
17979
17980
17980
17981
17981
17982
17982
17983
17983
17984
17984
17985
17985
17986
17986
17987
17987
17988
17988
17989
17989
17990
17990
17991
17991
17992
17992
17993
17993
17994
17994
17995
17995
17996
17996
17997
17997
17998
17998
17999
17999
18000
18000
18001
18001
18002
18002
18003
18003
18004
18004
18005
18005
18006
18006
18007
18007
18008
18008
18009
18009
18010
18010
18011
18011
18012
18012
18013
18013
18014
18014
18015
18015
18016
18016
18017
18017
18018
18018
18019
18019
18020
18020
18021
18021
18022
18022
18023
18023
18024
18024
18025
18025
18026
18026
18027
18027
18028
18028
18029
18029
18030
18030
18031
18031
18032
18032
18033
18033
18034
18034
18035
18035
18036
18036
18037
18037
18038
18038
18039
18039
18040
18040
18041
18041
18042
18042
18043
18043
18044
18044
18045
18045
18046
18046
18047
18047
18048
18048
18049
18049
18050
18050
18051
18051
18052
18052
18053
18053
18054
18054
18055
18055
18056
18056
18057
18057
18058
18058
18059
18059
18060
18060
18061
18061
18062
18062
18063
18063
18064
18064
18065
18065
18066
18066
18067
18067
18068
18068
18069
18069
18070
18070
18071
18071
18072
18072
18073
18073
18074
18074
18075
18075
18076
18076
18077
18077
18078
18078
18079
18079
18080
18080
18081
18081
18082
18082
18083
18083
18084
18084
18085
18085
18086
18086
18087
18087
18088
18088
18089
18089
18090
18090
18091
18091
18092
18092
18093
18093
18094
18094
18095
18095
18096
18096
18097
18097
18098
18098
18099
18099
18100
18100
18101
18101
18102
18102
18103
18103
18104
18104
18105
18105
18106
18106
18107
18107
18108
18108
18109
18109
18110
18110
18111
18111
18112
18112
18113
18113
18114
18114
18115
18115
18116
18116
18117
18117
18118
18118
18119
18119
18120
18120
18121
18121
18122
18122
18123
18123
18124
18124
18125
18125
18126
18126
18127
18127
18128
18128
18129
18129
18130
18130
18131
18131
18132
18132
18133
18133
18134
18134
18135
18135
18136
18136
18137
18137
18138
18138
18139
18139
18140
18140
18141
18141
18142
18142
18143
18143
18144
18144
18145
18145
18146
18146
18147
18147
18148
18148
18149
18149
18150
18150
18151
18151
18152
18152
18153
18153
18154
18154
18155
18155
18156
18156
18157
18157
18158
18158
18159
18159
18160
18160
18161
18161
18162
18162
18163
18163
18164
18164
18165
18165
18166
18166
18167
18167
18168
18168
18169
18169
18170
18170
18171
18171
18172
18172
18173
18173
18174
18174
18175
18175
18176
18176
18177
18177
18178
18178
18179
18179
18180
18180
18181
18181
18182
18182
18183
18183
18184
18184
18185
18185
18186
18186
18187
18187
18188
18188
18189
18189
18190
18190
18191
18191
18192
18192
18193
18193
18194
18194
18195
18195
18196
18196
18197
18197
18198
18198
18199
18199
18200
18200
18201
18201
18202
18202
18203
18203
18204
18204
18205
18205
18206
18206
18207
18207
18208
18208
18209
18209
18210
18210
18211
18211
18212
18212
18213
18213
18214
18214
18215
18215
18216
18216
18217
18217
18218
18218
18219
18219
18220
18220
18221
18221
18222
18222
18223
18223
18224
18224
18225
18225
18226
18226
18227
18227
18228
18228
18229
18229
18230
18230
18231
18231
18232
18232
18233
18233
18234
18234
18235
18235
18236
18236
18237
18237
18238
18238
18239
18239
18240
18240
18241
18241
18242
18242
18243
18243
18244
18244
18245
18245
18246
18246
18247
18247
18248
18248
18249
18249
18250
18250
18251
18251
18252
18252
18253
18253
18254
18254
18255
18255
18256
18256
18257
18257
18258
18258
18259
18259
18260
18260
18261
18261
18262
18262
18263
18263
18264
18264
18265
18265
18266
18266
18267
18267
18268
18268
18269
18269
18270
18270
18271
18271
18272
18272
18273
18273
18274
18274
18275
18275
18276
18276
18277
18277
18278
18278
18279
18279
18280
18280
18281
18281
18282
18282
18283
18283
18284
18284
18285
18285
18286
18286
18287
18287
18288
18288
18289
18289
18290
18290
18291
18291
18292
18292
18293
18293
18294
18294
18295
18295
18296
18296
18297
18297
18298
18298
18299
18299
18300
18300
18301
18301
18302
18302
18303
18303
18304
18304
18305
18305
18306
18306
18307
18307
18308
18308
18309
18309
18310
18310
18311
18311
18312
18312
18313
18313
18314
18314
18315
18315
18316
18316
18317
18317
18318
18318
18319
18319
18320
18320
18321
18321
18322
18322
18323
18323
18324
18324
18325
18325
18326
18326
18327
18327
18328
18328
18329
18329
18330
18330
18331
18331
18332
18332
18333
18333
18334
18334
18335
18335
18336
18336
18337
18337
18338
18338
18339
18339
18340
18340
18341
18341
18342
18342
18343
18343
18344
18344
18345
18345
18346
18346
18347
18347
18348
18348
18349
18349
18350
18350
18351
18351
18352
18352
18353
18353
18354
18354
18355
18355
18356
18356
18357
18357
18358
18358
18359
18359
18360
18360
18361
18361
18362
18362
18363
18363
18364
18364
18365
18365
18366
18366
18367
18367
18368
18368
18369
18369
18370
18370
18371
18371
18372
18372
18373
18373
18374
18374
18375
18375
18376
18376
18377
18377
18378
18378
18379
18379
18380
18380
18381
18381
18382
18382
18383
18383
18384
18384
18385
18385
18386
18386
18387
18387
18388
18388
18389
18389
18390
18390
18391
18391
18392
18392
18393
18393
18394
18394
18395
18395
18396
18396
18397
18397
18398
18398
18399
18399
18400
18400
18401
18401
18402
18402
18403
18403
18404
18404
18405
18405
18406
18406
18407
18407
18408
18408
18409
18409
18410
18410
18411
18411
18412
18412
18413
18413
18414
18414
18415
18415
18416
18416
18417
18417
18418
18418
18419
18419
18420
18420
18421
18421
18422
18422
18423
18423
18424
18424
18425
18425
18426
18426
18427
18427
18428
18428
18429
18429
18430
18430
18431
18431
18432
18432
18433
18433
18434
18434
18435
18435
18436
18436
18437
18437
18438
18438
18439
18439
18440
18440
18441
18441
18442
18442
18443
18443
18444
18444
18445
18445
18446
18446
18447
18447
18448
18448
18449
18449
18450
18450
18451
18451
18452
18452
18453
18453
18454
18454
18455
18455
18456
18456
18457
18457
18458
18458
18459
18459
18460
18460
18461
18461
18462
18462
18463
18463
18464
18464
18465
18465
18466
18466
18467
18467
18468
18468
18469
18469
18470
18470
18471
18471
18472
18472
18473
18473
18474
18474
18475
18475
18476
18476
18477
18477
18478
18478
18479
18479
18480
18480
18481
18481
18482
18482
18483
18483
18484
18484
18485
18485
18486
18486
18487
18487
18488
18488
18489
18489
18490
18490
18491
18491
18492
18492
18493
18493
18494
18494
18495
18495
18496
18496
18497
18497
18498
18498
18499
18499
18500
18500
18501
18501
18502
18502
18503
18503
18504
18504
18505
18505
18506
18506
18507
18507
18508
18508
18509
18509
18510
18510
18511
18511
18512
18512
18513
18513
18514
18514
18515
18515
18516
18516
18517
18517
18518
18518
18519
18519
18520
18520
18521
18521
18522
18522
18523
18523
18524
18524
18525
18525
18526
18526
18527
18527
18528
18528
18529
18529
18530
18530
18531
18531
18532
18532
18533
18533
18534
18534
18535
18535
18536
18536
18537
18537
18538
18538
18539
18539
18540
18540
18541
18541
18542
18542
18543
18543
18544
18544
18545
18545
18546
18546
18547
18547
18548
18548
18549
18549
18550
18550
18551
18551
18552
18552
18553
18553
18554
18554
18555
18555
18556
18556
18557
18557
18558
18558
18559
18559
18560
18560
18561
18561
18562
18562
18563
18563
18564
18564
18565
18565
18566
18566
18567
18567
18568
18568
18569
18569
18570
18570
18571
18571
18572
18572
18573
18573
18574
18574
18575
18575
18576
18576
18577
18577
18578
18578
18579
18579
18580
18580
18581
18581
18582
18582
18583
18583
18584
18584
18585
18585
18586
18586
18587
18587
18588
18588
18589
18589
18590
18590
18591
18591
18592
18592
18593
18593
18594
18594
18595
18595
18596
18596
18597
18597
18598
18598
18599
18599
18600
18600
18601
18601
18602
18602
18603
18603
18604
18604
18605
18605
18606
18606
18607
18607
18608
18608
18609
18609
18610
18610
18611
18611
18612
18612
18613
18613
18614
18614
18615
18615
18616
18616
18617
18617
18618
18618
18619
18619
18620
18620
18621
18621
18622
18622
18623
18623
18624
18624
18625
18625
18626
18626
18627
18627
18628
18628
18629
18629
18630
18630
18631
18631
18632
18632
18633
18633
18634
18634
18635
18635
18636
18636
18637
18637
18638
18638
18639
18639
18640
18640
18641
18641
18642
18642
18643
18643
18644
18644
18645
18645
18646
18646
18647
18647
18648
18648
18649
18649
18650
18650
18651
18651
18652
18652
18653
18653
18654
18654
18655
18655
18656
18656
18657
18657
18658
18658
18659
18659
18660
18660
18661
18661
18662
18662
18663
18663
18664
18664
18665
18665
18666
18666
18667
18667
18668
18668
18669
18669
18670
18670
18671
18671
18672
18672
18673
18673
18674
18674
18675
18675
18676
18676
18677
18677
18678
18678
18679
18679
18680
18680
18681
18681
18682
18682
18683
18683
18684
18684
18685
18685
18686
18686
18687
18687
18688
18688
18689
18689
18690
18690
18691
18691
18692
18692
18693
18693
18694
18694
18695
18695
18696
18696
18697
18697
18698
18698
18699
18699
18700
18700
18701
18701
18702
18702
18703
18703
18704
18704
18705
18705
18706
18706
18707
18707
18708
18708
18709
18709
18710
18710
18711
18711
18712
18712
18713
18713
18714
18714
18715
18715
18716
18716
18717
18717
18718
18718
18719
18719
18720
18720
18721
18721
18722
18722
18723
18723
18724
18724
18725
18725
18726
18726
18727
18727
18728
18728
18729
18729
18730
18730
18731
18731
18732
18732
18733
18733
18734
18734
18735
18735
18736
18736
18737
18737
18738
18738
18739
18739
18740
18740
18741
18741
18742
18742
18743
18743
18744
18744
18745
18745
18746
18746
18747
18747
18748
18748
18749
18749
18750
18750
18751
18751
18752
18752
18753
18753
18754
18754
18755
18755
18756
18756
18757
18757
18758
18758
18759
18759
18760
18760
18761
18761
18762
18762
18763
18763
18764
18764
18765
18765
18766
18766
18767
18767
18768
18768
18769
18769
18770
18770
18771
18771
18772
18772
18773
18773
18774
18774
18775
18775
18776
18776
18777
18777
18778
18778
18779
18779
18780
18780
18781
18781
18782
18782
18783
18783
18784
18784
18785
18785
18786
18786
18787
18787
18788
18788
18789
18789
18790
18790
18791
18791
18792
18792
18793
18793
18794
18794
18795
18795
18796
18796
18797
18797
18798
18798
18799
18799
18800
18800
18801
18801
18802
18802
18803
18803
18804
18804
18805
18805
18806
18806
18807
18807
18808
18808
18809
18809
18810
18810
18811
18811
18812
18812
18813
18813
18814
18814
18815
18815
18816
18816
18817
18817
18818
18818
18819
18819
18820
18820
18821
18821
18822
18822
18823
18823
18824
18824
18825
18825
18826
18826
18827
18827
18828
18828
18829
18829
18830
18830
18831
18831
18832
18832
18833
18833
18834
18834
18835
18835
18836
18836
18837
18837
18838
18838
18839
18839
18840
18840
18841
18841
18842
18842
18843
18843
18844
18844
18845
18845
18846
18846
18847
18847
18848
18848
18849
18849
18850
18850
18851
18851
18852
18852
18853
18853
18854
18854
18855
18855
18856
18856
18857
18857
18858
18858
18859
18859
18860
18860
18861
18861
18862
18862
18863
18863
18864
18864
18865
18865
18866
18866
18867
18867
18868
18868
18869
18869
18870
18870
18871
18871
18872
18872
18873
18873
18874
18874
18875
18875
18876
18876
18877
18877
18878
18878
18879
18879
18880
18880
18881
18881
18882
18882
18883
18883
18884
18884
18885
18885
18886
18886
18887
18887
18888
18888
18889
18889
18890
18890
18891
18891
18892
18892
18893
18893
18894
18894
18895
18895
18896
18896
18897
18897
18898
18898
18899
18899
18900
18900
18901
18901
18902
18902
18903
18903
18904
18904
18905
18905
18906
18906
18907
18907
18908
18908
18909
18909
18910
18910
18911
18911
18912
18912
18913
18913
18914
18914
18915
18915
18916
18916
18917
18917
18918
18918
18919
18919
18920
18920
18921
18921
18922
18922
18923
18923
18924
18924
18925
18925
18926
18926
18927
18927
18928
18928
18929
18929
18930
18930
18931
18931
18932
18932
18933
18933
18934
18934
18935
18935
18936
18936
18937
18937
18938
18938
18939
18939
18940
18940
18941
18941
18942
18942
18943
18943
18944
18944
18945
18945
18946
18946
18947
18947
18948
18948
18949
18949
18950
18950
18951
18951
18952
18952
18953
18953
18954
18954
18955
18955
18956
18956
18957
18957
18958
18958
18959
18959
18960
18960
18961
18961
18962
18962
18963
18963
18964
18964
18965
18965
18966
18966
18967
18967
18968
18968
18969
18969
18970
18970
18971
18971
18972
18972
18973
18973
18974
18974
18975
18975
18976
18976
18977
18977
18978
18978
18979
18979
18980
18980
18981
18981
18982
18982
18983
18983
18984
18984
18985
18985
18986
18986
18987
18987
18988
18988
18989
18989
18990
18990
18991
18991
18992
18992
18993
18993
18994
18994
18995
18995
18996
18996
18997
18997
18998
18998
18999
18999
19000
19000
19001
19001
19002
19002
19003
19003
19004
19004
19005
19005
19006
19006
19007
19007
19008
19008
19009
19009
19010
19010
19011
19011
19012
19012
19013
19013
19014
19014
19015
19015
19016
19016
19017
19017
19018
19018
19019
19019
19020
19020
19021
19021
19022
19022
19023
19023
19024
19024
19025
19025
19026
19026
19027
19027
19028
19028
19029
19029
19030
19030
19031
19031
19032
19032
19033
19033
19034
19034
19035
19035
19036
19036
19037
19037
19038
19038
19039
19039
19040
19040
19041
19041
19042
19042
19043
19043
19044
19044
19045
19045
19046
19046
19047
19047
19048
19048
19049
19049
19050
19050
19051
19051
19052
19052
19053
19053
19054
19054
19055
19055
19056
19056
19057
19057
19058
19058
19059
19059
19060
19060
19061
19061
19062
19062
19063
19063
19064
19064
19065
19065
19066
19066
19067
19067
19068
19068
19069
19069
19070
19070
19071
19071
19072
19072
19073
19073
19074
19074
19075
19075
19076
19076
19077
19077
19078
19078
19079
19079
19080
19080
19081
19081
19082
19082
19083
19083
19084
19084
19085
19085
19086
19086
19087
19087
19088
19088
19089
19089
19090
19090
19091
19091
19092
19092
19093
19093
19094
19094
19095
19095
19096
19096
19097
19097
19098
19098
19099
19099
19100
19100
19101
19101
19102
19102
19103
19103
19104
19104
19105
19105
19106
19106
19107
19107
19108
19108
19109
19109
19110
19110
19111
19111
19112
19112
19113
19113
19114
19114
19115
19115
19116
19116
19117
19117
19118
19118
19119
19119
19120
19120
19121
19121
19122
19122
19123
19123
19124
19124
19125
19125
19126
19126
19127
19127
19128
19128
19129
19129
19130
19130
19131
19131
19132
19132
19133
19133
19134
19134
19135
19135
19136
19136
19137
19137
19138
19138
19139
19139
19140
19140
19141
19141
19142
19142
19143
19143
19144
19144
19145
19145
19146
19146
19147
19147
19148
19148
19149
19149
19150
19150
19151
19151
19152
19152
19153
19153
19154
19154
19155
19155
19156
19156
19157
19157
19158
19158
19159
19159
19160
19160
19161
19161
19162
19162
19163
19163
19164
19164
19165
19165
19166
19166
19167
19167
19168
19168
19169
19169
19170
19170
19171
19171
19172
19172
19173
19173
19174
19174
19175
19175
19176
19176
19177
19177
19178
19178
19179
19179
19180
19180
19181
19181
19182
19182
19183
19183
19184
19184
19185
19185
19186
19186
19187
19187
19188
19188
19189
19189
19190
19190
19191
19191
19192
19192
19193
19193
19194
19194
19195
19195
19196
19196
19197
19197
19198
19198
19199
19199
19200
19200
19201
19201
19202
19202
19203
19203
19204
19204
19205
19205
19206
19206
19207
19207
19208
19208
19209
19209
19210
19210
19211
19211
19212
19212
19213
19213
19214
19214
19215
19215
19216
19216
19217
19217
19218
19218
19219
19219
19220
19220
19221
19221
19222
19222
19223
19223
19224
19224
19225
19225
19226
19226
19227
19227
19228
19228
19229
19229
19230
19230
19231
19231
19232
19232
19233
19233
19234
19234
19235
19235
19236
19236
19237
19237
19238
19238
19239
19239
19240
19240
19241
19241
19242
19242
19243
19243
19244
19244
19245
19245
19246
19246
19247
19247
19248
19248
19249
19249
19250
19250
19251
19251
19252
19252
19253
19253
19254
19254
19255
19255
19256
19256
19257
19257
19258
19258
19259
19259
19260
19260
19261
19261
19262
19262
19263
19263
19264
19264
19265
19265
19266
19266
19267
19267
19268
19268
19269
19269
19270
19270
19271
19271
19272
19272
19273
19273
19274
19274
19275
19275
19276
19276
19277
19277
19278
19278
19279
19279
19280
19280
19281
19281
19282
19282
19283
19283
19284
19284
19285
19285
19286
19286
19287
19287
19288
19288
19289
19289
19290
19290
19291
19291
19292
19292
19293
19293
19294
19294
19295
19295
19296
19296
19297
19297
19298
19298
19299
19299
19300
19300
19301
19301
19302
19302
19303
19303
19304
19304
19305
19305
19306
19306
19307
19307
19308
19308
19309
19309
19310
19310
19311
19311
19312
19312
19313
19313
19314
19314
19315
19315
19316
19316
19317
19317
19318
19318
19319
19319
19320
19320
19321
19321
19322
19322
19323
19323
19324
19324
19325
19325
19326
19326
19327
19327
19328
19328
19329
19329
19330
19330
19331
19331
19332
19332
19333
19333
19334
19334
19335
19335
19336
19336
19337
19337
19338
19338
19339
19339
19340
19340
19341
19341
19342
19342
19343
19343
19344
19344
19345
19345
19346
19346
19347
19347
19348
19348
19349
19349
19350
19350
19351
19351
19352
19352
19353
19353
19354
19354
19355
19355
19356
19356
19357
19357
19358
19358
19359
19359
19360
19360
19361
19361
19362
19362
19363
19363
19364
19364
19365
19365
19366
19366
19367
19367
19368
19368
19369
19369
19370
19370
19371
19371
19372
19372
19373
19373
19374
19374
19375
19375
19376
19376
19377
19377
19378
19378
19379
19379
19380
19380
19381
19381
19382
19382
19383
19383
19384
19384
19385
19385
19386
19386
19387
19387
19388
19388
19389
19389
19390
19390
19391
19391
19392
19392
19393
19393
19394
19394
19395
19395
19396
19396
19397
19397
19398
19398
19399
19399
19400
19400
19401
19401
19402
19402
19403
19403
19404
19404
19405
19405
19406
19406
19407
19407
19408
19408
19409
19409
19410
19410
19411
19411
19412
19412
19413
19413
19414
19414
19415
19415
19416
19416
19417
19417
19418
19418
19419
19419
19420
19420
19421
19421
19422
19422
19423
19423
19424
19424
19425
19425
19426
19426
19427
19427
19428
19428
19429
19429
19430
19430
19431
19431
19432
19432
19433
19433
19434
19434
19435
19435
19436
19436
19437
19437
19438
19438
19439
19439
19440
19440
19441
19441
19442
19442
19443
19443
19444
19444
19445
19445
19446
19446
19447
19447
19448
19448
19449
19449
19450
19450
19451
19451
19452
19452
19453
19453
19454
19454
19455
19455
19456
19456
19457
19457
19458
19458
19459
19459
19460
19460
19461
19461
19462
19462
19463
19463
19464
19464
19465
19465
19466
19466
19467
19467
19468
19468
19469
19469
19470
19470
19471
19471
19472
19472
19473
19473
19474
19474
19475
19475
19476
19476
19477
19477
19478
19478
19479
19479
19480
19480
19481
19481
19482
19482
19483
19483
19484
19484
19485
19485
19486
19486
19487
19487
19488
19488
19489
19489
19490
19490
19491
19491
19492
19492
19493
19493
19494
19494
19495
19495
19496
19496
19497
19497
19498
19498
19499
19499
19500
19500
19501
19501
19502
19502
19503
19503
19504
19504
19505
19505
19506
19506
19507
19507
19508
19508
19509
19509
19510
19510
19511
19511
19512
19512
19513
19513
19514
19514
19515
19515
19516
19516
19517
19517
19518
19518
19519
19519
19520
19520
19521
19521
19522
19522
19523
19523
19524
19524
19525
19525
19526
19526
19527
19527
19528
19528
19529
19529
19530
19530
19531
19531
19532
19532
19533
19533
19534
19534
19535
19535
19536
19536
19537
19537
19538
19538
19539
19539
19540
19540
19541
19541
19542
19542
19543
19543
19544
19544
19545
19545
19546
19546
19547
19547
19548
19548
19549
19549
19550
19550
19551
19551
19552
19552
19553
19553
19554
19554
19555
19555
19556
19556
19557
19557
19558
19558
19559
19559
19560
19560
19561
19561
19562
19562
19563
19563
19564
19564
19565
19565
19566
19566
19567
19567
19568
19568
19569
19569
19570
19570
19571
19571
19572
19572
19573
19573
19574
19574
19575
19575
19576
19576
19577
19577
19578
19578
19579
19579
19580
19580
19581
19581
19582
19582
19583
19583
19584
19584
19585
19585
19586
19586
19587
19587
19588
19588
19589
19589
19590
19590
19591
19591
19592
19592
19593
19593
19594
19594
19595
19595
19596
19596
19597
19597
19598
19598
19599
19599
19600
19600
19601
19601
19602
19602
19603
19603
19604
19604
19605
19605
19606
19606
19607
19607
19608
19608
19609
19609
19610
19610
19611
19611
19612
19612
19613
19613
19614
19614
19615
19615
19616
19616
19617
19617
19618
19618
19619
19619
19620
19620
19621
19621
19622
19622
19623
19623
19624
19624
19625
19625
19626
19626
19627
19627
19628
19628
19629
19629
19630
19630
19631
19631
19632
19632
19633
19633
19634
19634
19635
19635
19636
19636
19637
19637
19638
19638
19639
19639
19640
19640
19641
19641
19642
19642
19643
19643
19644
19644
19645
19645
19646
19646
19647
19647
19648
19648
19649
19649
19650
19650
19651
19651
19652
19652
19653
19653
19654
19654
19655
19655
19656
19656
19657
19657
19658
19658
19659
19659
19660
19660
19661
19661
19662
19662
19663
19663
19664
19664
19665
19665
19666
19666
19667
19667
19668
19668
19669
19669
19670
19670
19671
19671
19672
19672
19673
19673
19674
19674
19675
19675
19676
19676
19677
19677
19678
19678
19679
19679
19680
19680
19681
19681
19682
19682
19683
19683
19684
19684
19685
19685
19686
19686
19687
19687
19688
19688
19689
19689
19690
19690
19691
19691
19692
19692
19693
19693
19694
19694
19695
19695
19696
19696
19697
19697
19698
19698
19699
19699
19700
19700
19701
19701
19702
19702
19703
19703
19704
19704
19705
19705
19706
19706
19707
19707
19708
19708
19709
19709
19710
19710
19711
19711
19712
19712
19713
19713
19714
19714
19715
19715
19716
19716
19717
19717
19718
19718
19719
19719
19720
19720
19721
19721
19722
19722
19723
19723
19724
19724
19725
19725
19726
19726
19727
19727
19728
19728
19729
19729
19730
19730
19731
19731
19732
19732
19733
19733
19734
19734
19735
19735
19736
19736
19737
19737
19738
19738
19739
19739
19740
19740
19741
19741
19742
19742
19743
19743
19744
19744
19745
19745
19746
19746
19747
19747
19748
19748
19749
19749
19750
19750
19751
19751
19752
19752
19753
19753
19754
19754
19755
19755
19756
19756
19757
19757
19758
19758
19759
19759
19760
19760
19761
19761
19762
19762
19763
19763
19764
19764
19765
19765
19766
19766
19767
19767
19768
19768
19769
19769
19770
19770
19771
19771
19772
19772
19773
19773
19774
19774
19775
19775
19776
19776
19777
19777
19778
19778
19779
19779
19780
19780
19781
19781
19782
19782
19783
19783
19784
19784
19785
19785
19786
19786
19787
19787
19788
19788
19789
19789
19790
19790
19791
19791
19792
19792
19793
19793
19794
19794
19795
19795
19796
19796
19797
19797
19798
19798
19799
19799
19800
19800
19801
19801
19802
19802
19803
19803
19804
19804
19805
19805
19806
19806
19807
19807
19808
19808
19809
19809
19810
19810
19811
19811
19812
19812
19813
19813
19814
19814
19815
19815
19816
19816
19817
19817
19818
19818
19819
19819
19820
19820
19821
19821
19822
19822
19823
19823
19824
19824
19825
19825
19826
19826
19827
19827
19828
19828
19829
19829
19830
19830
19831
19831
19832
19832
19833
19833
19834
19834
19835
19835
19836
19836
19837
19837
19838
19838
19839
19839
19840
19840
19841
19841
19842
19842
19843
19843
19844
19844
19845
19845
19846
19846
19847
19847
19848
19848
19849
19849
19850
19850
19851
19851
19852
19852
19853
19853
19854
19854
19855
19855
19856
19856
19857
19857
19858
19858
19859
19859
19860
19860
19861
19861
19862
19862
19863
19863
19864
19864
19865
19865
19866
19866
19867
19867
19868
19868
19869
19869
19870
19870
19871
19871
19872
19872
19873
19873
19874
19874
19875
19875
19876
19876
19877
19877
19878
19878
19879
19879
19880
19880
19881
19881
19882
19882
19883
19883
19884
19884
19885
19885
19886
19886
19887
19887
19888
19888
19889
19889
19890
19890
19891
19891
19892
19892
19893
19893
19894
19894
19895
19895
19896
19896
19897
19897
19898
19898
19899
19899
19900
19900
19901
19901
19902
19902
19903
19903
19904
19904
19905
19905
19906
19906
19907
19907
19908
19908
19909
19909
19910
19910
19911
19911
19912
19912
19913
19913
19914
19914
19915
19915
19916
19916
19917
19917
19918
19918
19919
19919
19920
19920
19921
19921
19922
19922
19923
19923
19924
19924
19925
19925
19926
19926
19927
19927
19928
19928
19929
19929
19930
19930
19931
19931
19932
19932
19933
19933
19934
19934
19935
19935
19936
19936
19937
19937
19938
19938
19939
19939
19940
19940
19941
19941
19942
19942
19943
19943
19944
19944
19945
19945
19946
19946
19947
19947
19948
19948
19949
19949
19950
19950
19951
19951
19952
19952
19953
19953
19954
19954
19955
19955
19956
19956
19957
19957
19958
19958
19959
19959
19960
19960
19961
19961
19962
19962
19963
19963
19964
19964
19965
19965
19966
19966
19967
19967
19968
19968
19969
19969
19970
19970
19971
19971
19972
19972
19973
19973
19974
19974
19975
19975
19976
19976
19977
19977
19978
19978
19979
19979
19980
19980
19981
19981
19982
19982
19983
19983
19984
19984
19985
19985
19986
19986
19987
19987
19988
19988
19989
19989
19990
19990
19991
19991
19992
19992
19993
19993
19994
19994
19995
19995
19996
19996
19997
19997
19998
19998
19999
19999
20000
20000
20001
20001
20002
20002
20003
20003
20004
20004
20005
20005
20006
20006
20007
20007
20008
20008
20009
20009
20010
20010
20011
20011
20012
20012
20013
20013
20014
20014
20015
20015
20016
20016
20017
20017
20018
20018
20019
20019
20020
20020
20021
20021
20022
20022
20023
20023
20024
20024
20025
20025
20026
20026
20027
20027
20028
20028
20029
20029
20030
20030
20031
20031
20032
20032
20033
20033
20034
20034
20035
20035
20036
20036
20037
20037
20038
20038
20039
20039
20040
20040
20041
20041
20042
20042
20043
20043
20044
20044
20045
20045
20046
20046
20047
20047
20048
20048
20049
20049
20050
20050
20051
20051
20052
20052
20053
20053
20054
20054
20055
20055
20056
20056
20057
20057
20058
20058
20059
20059
20060
20060
20061
20061
20062
20062
20063
20063
20064
20064
20065
20065
20066
20066
20067
20067
20068
20068
20069
20069
20070
20070
20071
20071
20072
20072
20073
20073
20074
20074
20075
20075
20076
20076
20077
20077
20078
20078
20079
20079
20080
20080
20081
20081
20082
20082
20083
20083
20084
20084
20085
20085
20086
20086
20087
20087
20088
20088
20089
20089
20090
20090
20091
20091
20092
20092
20093
20093
20094
20094
20095
20095
20096
20096
20097
20097
20098
20098
20099
20099
20100
20100
20101
20101
20102
20102
20103
20103
20104
20104
20105
20105
20106
20106
20107
20107
20108
20108
20109
20109
20110
20110
20111
20111
20112
20112
20113
20113
20114
20114
20115
20115
20116
20116
20117
20117
20118
20118
20119
20119
20120
20120
20121
20121
20122
20122
20123
20123
20124
20124
20125
20125
20126
20126
20127
20127
20128
20128
20129
20129
20130
20130
20131
20131
20132
20132
20133
20133
20134
20134
20135
20135
20136
20136
20137
20137
20138
20138
20139
20139
20140
20140
20141
20141
20142
20142
20143
20143
20144
20144
20145
20145
20146
20146
20147
20147
20148
20148
20149
20149
20150
20150
20151
20151
20152
20152
20153
20153
20154
20154
20155
20155
20156
20156
20157
20157
20158
20158
20159
20159
20160
20160
20161
20161
20162
20162
20163
20163
20164
20164
20165
20165
20166
20166
20167
20167
20168
20168
20169
20169
20170
20170
20171
20171
20172
20172
20173
20173
20174
20174
20175
20175
20176
20176
20177
20177
20178
20178
20179
20179
20180
20180
20181
20181
20182
20182
20183
20183
20184
20184
20185
20185
20186
20186
20187
20187
20188
20188
20189
20189
20190
20190
20191
20191
20192
20192
20193
20193
20194
20194
20195
20195
20196
20196
20197
20197
20198
20198
20199
20199
20200
20200
20201
20201
20202
20202
20203
20203
20204
20204
20205
20205
20206
20206
20207
20207
20208
20208
20209
20209
20210
20210
20211
20211
20212
20212
20213
20213
20214
20214
20215
20215
20216
20216
20217
20217
20218
20218
20219
20219
20220
20220
20221
20221
20222
20222
20223
20223
20224
20224
20225
20225
20226
20226
20227
20227
20228
20228
20229
20229
20230
20230
20231
20231
20232
20232
20233
20233
20234
20234
20235
20235
20236
20236
20237
20237
20238
20238
20239
20239
20240
20240
20241
20241
20242
20242
20243
20243
20244
20244
20245
20245
20246
20246
20247
20247
20248
20248
20249
20249
20250
20250
20251
20251
20252
20252
20253
20253
20254
20254
20255
20255
20256
20256
20257
20257
20258
20258
20259
20259
20260
20260
20261
20261
20262
20262
20263
20263
20264
20264
20265
20265
20266
20266
20267
20267
20268
20268
20269
20269
20270
20270
20271
20271
20272
20272
20273
20273
20274
20274
20275
20275
20276
20276
20277
20277
20278
20278
20279
20279
20280
20280
20281
20281
20282
20282
20283
20283
20284
20284
20285
20285
20286
20286
20287
20287
20288
20288
20289
20289
20290
20290
20291
20291
20292
20292
20293
20293
20294
20294
20295
20295
20296
20296
20297
20297
20298
20298
20299
20299
20300
20300
20301
20301
20302
20302
20303
20303
20304
20304
20305
20305
20306
20306
20307
20307
20308
20308
20309
20309
20310
20310
20311
20311
20312
20312
20313
20313
20314
20314
20315
20315
20316
20316
20317
20317
20318
20318
20319
20319
20320
20320
20321
20321
20322
20322
20323
20323
20324
20324
20325
20325
20326
20326
20327
20327
20328
20328
20329
20329
20330
20330
20331
20331
20332
20332
20333
20333
20334
20334
20335
20335
20336
20336
20337
20337
20338
20338
20339
20339
20340
20340
20341
20341
20342
20342
20343
20343
20344
20344
20345
20345
20346
20346
20347
20347
20348
20348
20349
20349
20350
20350
20351
20351
20352
20352
20353
20353
20354
20354
20355
20355
20356
20356
20357
20357
20358
20358
20359
20359
20360
20360
20361
20361
20362
20362
20363
20363
20364
20364
20365
20365
20366
20366
20367
20367
20368
20368
20369
20369
20370
20370
20371
20371
20372
20372
20373
20373
20374
20374
20375
20375
20376
20376
20377
20377
20378
20378
20379
20379
20380
20380
20381
20381
20382
20382
20383
20383
20384
20384
20385
20385
20386
20386
20387
20387
20388
20388
20389
20389
20390
20390
20391
20391
20392
20392
20393
20393
20394
20394
20395
20395
20396
20396
20397
20397
20398
20398
20399
20399
20400
20400
20401
20401
20402
20402
20403
20403
20404
20404
20405
20405
20406
20406
20407
20407
20408
20408
20409
20409
20410
20410
20411
20411
20412
20412
20413
20413
20414
20414
20415
20415
20416
20416
20417
20417
20418
20418
20419
20419
20420
20420
20421
20421
20422
20422
20423
20423
20424
20424
20425
20425
20426
20426
20427
20427
20428
20428
20429
20429
20430
20430
20431
20431
20432
20432
20433
20433
20434
20434
20435
20435
20436
20436
20437
20437
20438
20438
20439
20439
20440
20440
20441
20441
20442
20442
20443
20443
20444
20444
20445
20445
20446
20446
20447
20447
20448
20448
20449
20449
20450
20450
20451
20451
20452
20452
20453
20453
20454
20454
20455
20455
20456
20456
20457
20457
20458
20458
20459
20459
20460
20460
20461
20461
20462
20462
20463
20463
20464
20464
20465
20465
20466
20466
20467
20467
20468
20468
20469
20469
20470
20470
20471
20471
20472
20472
20473
20473
20474
20474
20475
20475
20476
20476
20477
20477
20478
20478
20479
20479
20480
20480
20481
20481
20482
20482
20483
20483
20484
20484
20485
20485
20486
20486
20487
20487
20488
20488
20489
20489
20490
20490
20491
20491
20492
20492
20493
20493
20494
20494
20495
20495
20496
20496
20497
20497
20498
20498
20499
20499
20500
20500
20501
20501
20502
20502
20503
20503
20504
20504
20505
20505
20506
20506
20507
20507
20508
20508
20509
20509
20510
20510
20511
20511
20512
20512
20513
20513
20514
20514
20515
20515
20516
20516
20517
20517
20518
20518
20519
20519
20520
20520
20521
20521
20522
20522
20523
20523
20524
20524
20525
20525
20526
20526
20527
20527
20528
20528
20529
20529
20530
20530
20531
20531
20532
20532
20533
20533
20534
20534
20535
20535
20536
20536
20537
20537
20538
20538
20539
20539
20540
20540
20541
20541
20542
20542
20543
20543
20544
20544
20545
20545
20546
20546
20547
20547
20548
20548
20549
20549
20550
20550
20551
20551
20552
20552
20553
20553
20554
20554
20555
20555
20556
20556
20557
20557
20558
20558
20559
20559
20560
20560
20561
20561
20562
20562
20563
20563
20564
20564
20565
20565
20566
20566
20567
20567
20568
20568
20569
20569
20570
20570
20571
20571
20572
20572
20573
20573
20574
20574
20575
20575
20576
20576
20577
20577
20578
20578
20579
20579
20580
20580
20581
20581
20582
20582
20583
20583
20584
20584
20585
20585
20586
20586
20587
20587
20588
20588
20589
20589
20590
20590
20591
20591
20592
20592
20593
20593
20594
20594
20595
20595
20596
20596
20597
20597
20598
20598
20599
20599
20600
20600
20601
20601
20602
20602
20603
20603
20604
20604
20605
20605
20606
20606
20607
20607
20608
20608
20609
20609
20610
20610
20611
20611
20612
20612
20613
20613
20614
20614
20615
20615
20616
20616
20617
20617
20618
20618
20619
20619
20620
20620
20621
20621
20622
20622
20623
20623
20624
20624
20625
20625
20626
20626
20627
20627
20628
20628
20629
20629
20630
20630
20631
20631
20632
20632
20633
20633
20634
20634
20635
20635
20636
20636
20637
20637
20638
20638
20639
20639
20640
20640
20641
20641
20642
20642
20643
20643
20644
20644
20645
20645
20646
20646
20647
20647
20648
20648
20649
20649
20650
20650
20651
20651
20652
20652
20653
20653
20654
20654
20655
20655
20656
20656
20657
20657
20658
20658
20659
20659
20660
20660
20661
20661
20662
20662
20663
20663
20664
20664
20665
20665
20666
20666
20667
20667
20668
20668
20669
20669
20670
20670
20671
20671
20672
20672
20673
20673
20674
20674
20675
20675
20676
20676
20677
20677
20678
20678
20679
20679
20680
20680
20681
20681
20682
20682
20683
20683
20684
20684
20685
20685
20686
20686
20687
20687
20688
20688
20689
20689
20690
20690
20691
20691
20692
20692
20693
20693
20694
20694
20695
20695
20696
20696
20697
20697
20698
20698
20699
20699
20700
20700
20701
20701
20702
20702
20703
20703
20704
20704
20705
20705
20706
20706
20707
20707
20708
20708
20709
20709
20710
20710
20711
20711
20712
20712
20713
20713
20714
20714
20715
20715
20716
20716
20717
20717
20718
20718
20719
20719
20720
20720
20721
20721
20722
20722
20723
20723
20724
20724
20725
20725
20726
20726
20727
20727
20728
20728
20729
20729
20730
20730
20731
20731
20732
20732
20733
20733
20734
20734
20735
20735
20736
20736
20737
20737
20738
20738
20739
20739
20740
20740
20741
20741
20742
20742
20743
20743
20744
20744
20745
20745
20746
20746
20747
20747
20748
20748
20749
20749
20750
20750
20751
20751
20752
20752
20753
20753
20754
20754
20755
20755
20756
20756
20757
20757
20758
20758
20759
20759
20760
20760
20761
20761
20762
20762
20763
20763
20764
20764
20765
20765
20766
20766
20767
20767
20768
20768
20769
20769
20770
20770
20771
20771
20772
20772
20773
20773
20774
20774
20775
20775
20776
20776
20777
20777
20778
20778
20779
20779
20780
20780
20781
20781
20782
20782
20783
20783
20784
20784
20785
20785
20786
20786
20787
20787
20788
20788
20789
20789
20790
20790
20791
20791
20792
20792
20793
20793
20794
20794
20795
20795
20796
20796
20797
20797
20798
20798
20799
20799
20800
20800
20801
20801
20802
20802
20803
20803
20804
20804
20805
20805
20806
20806
20807
20807
20808
20808
20809
20809
20810
20810
20811
20811
20812
20812
20813
20813
20814
20814
20815
20815
20816
20816
20817
20817
20818
20818
20819
20819
20820
20820
20821
20821
20822
20822
20823
20823
20824
20824
20825
20825
20826
20826
20827
20827
20828
20828
20829
20829
20830
20830
20831
20831
20832
20832
20833
20833
20834
20834
20835
20835
20836
20836
20837
20837
20838
20838
20839
20839
20840
20840
20841
20841
20842
20842
20843
20843
20844
20844
20845
20845
20846
20846
20847
20847
20848
20848
20849
20849
20850
20850
20851
20851
20852
20852
20853
20853
20854
20854
20855
20855
20856
20856
20857
20857
20858
20858
20859
20859
20860
20860
20861
20861
20862
20862
20863
20863
20864
20864
20865
20865
20866
20866
20867
20867
20868
20868
20869
20869
20870
20870
20871
20871
20872
20872
20873
20873
20874
20874
20875
20875
20876
20876
20877
20877
20878
20878
20879
20879
20880
20880
20881
20881
20882
20882
20883
20883
20884
20884
20885
20885
20886
20886
20887
20887
20888
20888
20889
20889
20890
20890
20891
20891
20892
20892
20893
20893
20894
20894
20895
20895
20896
20896
20897
20897
20898
20898
20899
20899
20900
20900
20901
20901
20902
20902
20903
20903
20904
20904
20905
20905
20906
20906
20907
20907
20908
20908
20909
20909
20910
20910
20911
20911
20912
20912
20913
20913
20914
20914
20915
20915
20916
20916
20917
20917
20918
20918
20919
20919
20920
20920
20921
20921
20922
20922
20923
20923
20924
20924
20925
20925
20926
20926
20927
20927
20928
20928
20929
20929
20930
20930
20931
20931
20932
20932
20933
20933
20934
20934
20935
20935
20936
20936
20937
20937
20938
20938
20939
20939
20940
20940
20941
20941
20942
20942
20943
20943
20944
20944
20945
20945
20946
20946
20947
20947
20948
20948
20949
20949
20950
20950
20951
20951
20952
20952
20953
20953
20954
20954
20955
20955
20956
20956
20957
20957
20958
20958
20959
20959
20960
20960
20961
20961
20962
20962
20963
20963
20964
20964
20965
20965
20966
20966
20967
20967
20968
20968
20969
20969
20970
20970
20971
20971
20972
20972
20973
20973
20974
20974
20975
20975
20976
20976
20977
20977
20978
20978
20979
20979
20980
20980
20981
20981
20982
20982
20983
20983
20984
20984
20985
20985
20986
20986
20987
20987
20988
20988
20989
20989
20990
20990
20991
20991
20992
20992
20993
20993
20994
20994
20995
20995
20996
20996
20997
20997
20998
20998
20999
20999
21000
21000
21001
21001
21002
21002
21003
21003
21004
21004
21005
21005
21006
21006
21007
21007
21008
21008
21009
21009
21010
21010
21011
21011
21012
21012
21013
21013
21014
21014
21015
21015
21016
21016
21017
21017
21018
21018
21019
21019
21020
21020
21021
21021
21022
21022
21023
21023
21024
21024
21025
21025
21026
21026
21027
21027
21028
21028
21029
21029
21030
21030
21031
21031
21032
21032
21033
21033
21034
21034
21035
21035
21036
21036
21037
21037
21038
21038
21039
21039
21040
21040
21041
21041
21042
21042
21043
21043
21044
21044
21045
21045
21046
21046
21047
21047
21048
21048
21049
21049
21050
21050
21051
21051
21052
21052
21053
21053
21054
21054
21055
21055
21056
21056
21057
21057
21058
21058
21059
21059
21060
21060
21061
21061
21062
21062
21063
21063
21064
21064
21065
21065
21066
21066
21067
21067
21068
21068
21069
21069
21070
21070
21071
21071
21072
21072
21073
21073
21074
21074
21075
21075
21076
21076
21077
21077
21078
21078
21079
21079
21080
21080
21081
21081
21082
21082
21083
21083
21084
21084
21085
21085
21086
21086
21087
21087
21088
21088
21089
21089
21090
21090
21091
21091
21092
21092
21093
21093
21094
21094
21095
21095
21096
21096
21097
21097
21098
21098
21099
21099
21100
21100
21101
21101
21102
21102
21103
21103
21104
21104
21105
21105
21106
21106
21107
21107
21108
21108
21109
21109
21110
21110
21111
21111
21112
21112
21113
21113
21114
21114
21115
21115
21116
21116
21117
21117
21118
21118
21119
21119
21120
21120
21121
21121
21122
21122
21123
21123
21124
21124
21125
21125
21126
21126
21127
21127
21128
21128
21129
21129
21130
21130
21131
21131
21132
21132
21133
21133
21134
21134
21135
21135
21136
21136
21137
21137
21138
21138
21139
21139
21140
21140
21141
21141
21142
21142
21143
21143
21144
21144
21145
21145
21146
21146
21147
21147
21148
21148
21149
21149
21150
21150
21151
21151
21152
21152
21153
21153
21154
21154
21155
21155
21156
21156
21157
21157
21158
21158
21159
21159
21160
21160
21161
21161
21162
21162
21163
21163
21164
21164
21165
21165
21166
21166
21167
21167
21168
21168
21169
21169
21170
21170
21171
21171
21172
21172
21173
21173
21174
21174
21175
21175
21176
21176
21177
21177
21178
21178
21179
21179
21180
21180
21181
21181
21182
21182
21183
21183
21184
21184
21185
21185
21186
21186
21187
21187
21188
21188
21189
21189
21190
21190
21191
21191
21192
21192
21193
21193
21194
21194
21195
21195
21196
21196
21197
21197
21198
21198
21199
21199
21200
21200
21201
21201
21202
21202
21203
21203
21204
21204
21205
21205
21206
21206
21207
21207
21208
21208
21209
21209
21210
21210
21211
21211
21212
21212
21213
21213
21214
21214
21215
21215
21216
21216
21217
21217
21218
21218
21219
21219
21220
21220
21221
21221
21222
21222
21223
21223
21224
21224
21225
21225
21226
21226
21227
21227
21228
21228
21229
21229
21230
21230
21231
21231
21232
21232
21233
21233
21234
21234
21235
21235
21236
21236
21237
21237
21238
21238
21239
21239
21240
21240
21241
21241
21242
21242
21243
21243
21244
21244
21245
21245
21246
21246
21247
21247
21248
21248
21249
21249
21250
21250
21251
21251
21252
21252
21253
21253
21254
21254
21255
21255
21256
21256
21257
21257
21258
21258
21259
21259
21260
21260
21261
21261
21262
21262
21263
21263
21264
21264
21265
21265
21266
21266
21267
21267
21268
21268
21269
21269
21270
21270
21271
21271
21272
21272
21273
21273
21274
21274
21275
21275
21276
21276
21277
21277
21278
21278
21279
21279
21280
21280
21281
21281
21282
21282
21283
21283
21284
21284
21285
21285
21286
21286
21287
21287
21288
21288
21289
21289
21290
21290
21291
21291
21292
21292
21293
21293
21294
21294
21295
21295
21296
21296
21297
21297
21298
21298
21299
21299
21300
21300
21301
21301
21302
21302
21303
21303
21304
21304
21305
21305
21306
21306
21307
21307
21308
21308
21309
21309
21310
21310
21311
21311
21312
21312
21313
21313
21314
21314
21315
21315
21316
21316
21317
21317
21318
21318
21319
21319
21320
21320
21321
21321
21322
21322
21323
21323
21324
21324
21325
21325
21326
21326
21327
21327
21328
21328
21329
21329
21330
21330
21331
21331
21332
21332
21333
21333
21334
21334
21335
21335
21336
21336
21337
21337
21338
21338
21339
21339
21340
21340
21341
21341
21342
21342
21343
21343
21344
21344
21345
21345
21346
21346
21347
21347
21348
21348
21349
21349
21350
21350
21351
21351
21352
21352
21353
21353
21354
21354
21355
21355
21356
21356
21357
21357
21358
21358
21359
21359
21360
21360
21361
21361
21362
21362
21363
21363
21364
21364
21365
21365
21366
21366
21367
21367
21368
21368
21369
21369
21370
21370
21371
21371
21372
21372
21373
21373
21374
21374
21375
21375
21376
21376
21377
21377
21378
21378
21379
21379
21380
21380
21381
21381
21382
21382
21383
21383
21384
21384
21385
21385
21386
21386
21387
21387
21388
21388
21389
21389
21390
21390
21391
21391
21392
21392
21393
21393
21394
21394
21395
21395
21396
21396
21397
21397
21398
21398
21399
21399
21400
21400
21401
21401
21402
21402
21403
21403
21404
21404
21405
21405
21406
21406
21407
21407
21408
21408
21409
21409
21410
21410
21411
21411
21412
21412
21413
21413
21414
21414
21415
21415
21416
21416
21417
21417
21418
21418
21419
21419
21420
21420
21421
21421
21422
21422
21423
21423
21424
21424
21425
21425
21426
21426
21427
21427
21428
21428
21429
21429
21430
21430
21431
21431
21432
21432
21433
21433
21434
21434
21435
21435
21436
21436
21437
21437
21438
21438
21439
21439
21440
21440
21441
21441
21442
21442
21443
21443
21444
21444
21445
21445
21446
21446
21447
21447
21448
21448
21449
21449
21450
21450
21451
21451
21452
21452
21453
21453
21454
21454
21455
21455
21456
21456
21457
21457
21458
21458
21459
21459
21460
21460
21461
21461
21462
21462
21463
21463
21464
21464
21465
21465
21466
21466
21467
21467
21468
21468
21469
21469
21470
21470
21471
21471
21472
21472
21473
21473
21474
21474
21475
21475
21476
21476
21477
21477
21478
21478
21479
21479
21480
21480
21481
21481
21482
21482
21483
21483
21484
21484
21485
21485
21486
21486
21487
21487
21488
21488
21489
21489
21490
21490
21491
21491
21492
21492
21493
21493
21494
21494
21495
21495
21496
21496
21497
21497
21498
21498
21499
21499
21500
21500
21501
21501
21502
21502
21503
21503
21504
21504
21505
21505
21506
21506
21507
21507
21508
21508
21509
21509
21510
21510
21511
21511
21512
21512
21513
21513
21514
21514
21515
21515
21516
21516
21517
21517
21518
21518
21519
21519
21520
21520
21521
21521
21522
21522
21523
21523
21524
21524
21525
21525
21526
21526
21527
21527
21528
21528
21529
21529
21530
21530
21531
21531
21532
21532
21533
21533
21534
21534
21535
21535
21536
21536
21537
21537
21538
21538
21539
21539
21540
21540
21541
21541
21542
21542
21543
21543
21544
21544
21545
21545
21546
21546
21547
21547
21548
21548
21549
21549
21550
21550
21551
21551
21552
21552
21553
21553
21554
21554
21555
21555
21556
21556
21557
21557
21558
21558
21559
21559
21560
21560
21561
21561
21562
21562
21563
21563
21564
21564
21565
21565
21566
21566
21567
21567
21568
21568
21569
21569
21570
21570
21571
21571
21572
21572
21573
21573
21574
21574
21575
21575
21576
21576
21577
21577
21578
21578
21579
21579
21580
21580
21581
21581
21582
21582
21583
21583
21584
21584
21585
21585
21586
21586
21587
21587
21588
21588
21589
21589
21590
21590
21591
21591
21592
21592
21593
21593
21594
21594
21595
21595
21596
21596
21597
21597
21598
21598
21599
21599
21600
21600
21601
21601
21602
21602
21603
21603
21604
21604
21605
21605
21606
21606
21607
21607
21608
21608
21609
21609
21610
21610
21611
21611
21612
21612
21613
21613
21614
21614
21615
21615
21616
21616
21617
21617
21618
21618
21619
21619
21620
21620
21621
21621
21622
21622
21623
21623
21624
21624
21625
21625
21626
21626
21627
21627
21628
21628
21629
21629
21630
21630
21631
21631
21632
21632
21633
21633
21634
21634
21635
21635
21636
21636
21637
21637
21638
21638
21639
21639
21640
21640
21641
21641
21642
21642
21643
21643
21644
21644
21645
21645
21646
21646
21647
21647
21648
21648
21649
21649
21650
21650
21651
21651
21652
21652
21653
21653
21654
21654
21655
21655
21656
21656
21657
21657
21658
21658
21659
21659
21660
21660
21661
21661
21662
21662
21663
21663
21664
21664
21665
21665
21666
21666
21667
21667
21668
21668
21669
21669
21670
21670
21671
21671
21672
21672
21673
21673
21674
21674
21675
21675
21676
21676
21677
21677
21678
21678
21679
21679
21680
21680
21681
21681
21682
21682
21683
21683
21684
21684
21685
21685
21686
21686
21687
21687
21688
21688
21689
21689
21690
21690
21691
21691
21692
21692
21693
21693
21694
21694
21695
21695
21696
21696
21697
21697
21698
21698
21699
21699
21700
21700
21701
21701
21702
21702
21703
21703
21704
21704
21705
21705
21706
21706
21707
21707
21708
21708
21709
21709
21710
21710
21711
21711
21712
21712
21713
21713
21714
21714
21715
21715
21716
21716
21717
21717
21718
21718
21719
21719
21720
21720
21721
21721
21722
21722
21723
21723
21724
21724
21725
21725
21726
21726
21727
21727
21728
21728
21729
21729
21730
21730
21731
21731
21732
21732
21733
21733
21734
21734
21735
21735
21736
21736
21737
21737
21738
21738
21739
21739
21740
21740
21741
21741
21742
21742
21743
21743
21744
21744
21745
21745
21746
21746
21747
21747
21748
21748
21749
21749
21750
21750
21751
21751
21752
21752
21753
21753
21754
21754
21755
21755
21756
21756
21757
21757
21758
21758
21759
21759
21760
21760
21761
21761
21762
21762
21763
21763
21764
21764
21765
21765
21766
21766
21767
21767
21768
21768
21769
21769
21770
21770
21771
21771
21772
21772
21773
21773
21774
21774
21775
21775
21776
21776
21777
21777
21778
21778
21779
21779
21780
21780
21781
21781
21782
21782
21783
21783
21784
21784
21785
21785
21786
21786
21787
21787
21788
21788
21789
21789
21790
21790
21791
21791
21792
21792
21793
21793
21794
21794
21795
21795
21796
21796
21797
21797
21798
21798
21799
21799
21800
21800
21801
21801
21802
21802
21803
21803
21804
21804
21805
21805
21806
21806
21807
21807
21808
21808
21809
21809
21810
21810
21811
21811
21812
21812
21813
21813
21814
21814
21815
21815
21816
21816
21817
21817
21818
21818
21819
21819
21820
21820
21821
21821
21822
21822
21823
21823
21824
21824
21825
21825
21826
21826
21827
21827
21828
21828
21829
21829
21830
21830
21831
21831
21832
21832
21833
21833
21834
21834
21835
21835
21836
21836
21837
21837
21838
21838
21839
21839
21840
21840
21841
21841
21842
21842
21843
21843
21844
21844
21845
21845
21846
21846
21847
21847
21848
21848
21849
21849
21850
21850
21851
21851
21852
21852
21853
21853
21854
21854
21855
21855
21856
21856
21857
21857
21858
21858
21859
21859
21860
21860
21861
21861
21862
21862
21863
21863
21864
21864
21865
21865
21866
21866
21867
21867
21868
21868
21869
21869
21870
21870
21871
21871
21872
21872
21873
21873
21874
21874
21875
21875
21876
21876
21877
21877
21878
21878
21879
21879
21880
21880
21881
21881
21882
21882
21883
21883
21884
21884
21885
21885
21886
21886
21887
21887
21888
21888
21889
21889
21890
21890
21891
21891
21892
21892
21893
21893
21894
21894
21895
21895
21896
21896
21897
21897
21898
21898
21899
21899
21900
21900
21901
21901
21902
21902
21903
21903
21904
21904
21905
21905
21906
21906
21907
21907
21908
21908
21909
21909
21910
21910
21911
21911
21912
21912
21913
21913
21914
21914
21915
21915
21916
21916
21917
21917
21918
21918
21919
21919
21920
21920
21921
21921
21922
21922
21923
21923
21924
21924
21925
21925
21926
21926
21927
21927
21928
21928
21929
21929
21930
21930
21931
21931
21932
21932
21933
21933
21934
21934
21935
21935
21936
21936
21937
21937
21938
21938
21939
21939
21940
21940
21941
21941
21942
21942
21943
21943
21944
21944
21945
21945
21946
21946
21947
21947
21948
21948
21949
21949
21950
21950
21951
21951
21952
21952
21953
21953
21954
21954
21955
21955
21956
21956
21957
21957
21958
21958
21959
21959
21960
21960
21961
21961
21962
21962
21963
21963
21964
21964
21965
21965
21966
21966
21967
21967
21968
21968
21969
21969
21970
21970
21971
21971
21972
21972
21973
21973
21974
21974
21975
21975
21976
21976
21977
21977
21978
21978
21979
21979
21980
21980
21981
21981
21982
21982
21983
21983
21984
21984
21985
21985
21986
21986
21987
21987
21988
21988
21989
21989
21990
21990
21991
21991
21992
21992
21993
21993
21994
21994
21995
21995
21996
21996
21997
21997
21998
21998
21999
21999
22000
22000
22001
22001
22002
22002
22003
22003
22004
22004
22005
22005
22006
22006
22007
22007
22008
22008
22009
22009
22010
22010
22011
22011
22012
22012
22013
22013
22014
22014
22015
22015
22016
22016
22017
22017
22018
22018
22019
22019
22020
22020
22021
22021
22022
22022
22023
22023
22024
22024
22025
22025
22026
22026
22027
22027
22028
22028
22029
22029
22030
22030
22031
22031
22032
22032
22033
22033
22034
22034
22035
22035
22036
22036
22037
22037
22038
22038
22039
22039
22040
22040
22041
22041
22042
22042
22043
22043
22044
22044
22045
22045
22046
22046
22047
22047
22048
22048
22049
22049
22050
22050
22051
22051
22052
22052
22053
22053
22054
22054
22055
22055
22056
22056
22057
22057
22058
22058
22059
22059
22060
22060
22061
22061
22062
22062
22063
22063
22064
22064
22065
22065
22066
22066
22067
22067
22068
22068
22069
22069
22070
22070
22071
22071
22072
22072
22073
22073
22074
22074
22075
22075
22076
22076
22077
22077
22078
22078
22079
22079
22080
22080
22081
22081
22082
22082
22083
22083
22084
22084
22085
22085
22086
22086
22087
22087
22088
22088
22089
22089
22090
22090
22091
22091
22092
22092
22093
22093
22094
22094
22095
22095
22096
22096
22097
22097
22098
22098
22099
22099
22100
22100
22101
22101
22102
22102
22103
22103
22104
22104
22105
22105
22106
22106
22107
22107
22108
22108
22109
22109
22110
22110
22111
22111
22112
22112
22113
22113
22114
22114
22115
22115
22116
22116
22117
22117
22118
22118
22119
22119
22120
22120
22121
22121
22122
22122
22123
22123
22124
22124
22125
22125
22126
22126
22127
22127
22128
22128
22129
22129
22130
22130
22131
22131
22132
22132
22133
22133
22134
22134
22135
22135
22136
22136
22137
22137
22138
22138
22139
22139
22140
22140
22141
22141
22142
22142
22143
22143
22144
22144
22145
22145
22146
22146
22147
22147
22148
22148
22149
22149
22150
22150
22151
22151
22152
22152
22153
22153
22154
22154
22155
22155
22156
22156
22157
22157
22158
22158
22159
22159
22160
22160
22161
22161
22162
22162
22163
22163
22164
22164
22165
22165
22166
22166
22167
22167
22168
22168
22169
22169
22170
22170
22171
22171
22172
22172
22173
22173
22174
22174
22175
22175
22176
22176
22177
22177
22178
22178
22179
22179
22180
22180
22181
22181
22182
22182
22183
22183
22184
22184
22185
22185
22186
22186
22187
22187
22188
22188
22189
22189
22190
22190
22191
22191
22192
22192
22193
22193
22194
22194
22195
22195
22196
22196
22197
22197
22198
22198
22199
22199
22200
22200
22201
22201
22202
22202
22203
22203
22204
22204
22205
22205
22206
22206
22207
22207
22208
22208
22209
22209
22210
22210
22211
22211
22212
22212
22213
22213
22214
22214
22215
22215
22216
22216
22217
22217
22218
22218
22219
22219
22220
22220
22221
22221
22222
22222
22223
22223
22224
22224
22225
22225
22226
22226
22227
22227
22228
22228
22229
22229
22230
22230
22231
22231
22232
22232
22233
22233
22234
22234
22235
22235
22236
22236
22237
22237
22238
22238
22239
22239
22240
22240
22241
22241
22242
22242
22243
22243
22244
22244
22245
22245
22246
22246
22247
22247
22248
22248
22249
22249
22250
22250
22251
22251
22252
22252
22253
22253
22254
22254
22255
22255
22256
22256
22257
22257
22258
22258
22259
22259
22260
22260
22261
22261
22262
22262
22263
22263
22264
22264
22265
22265
22266
22266
22267
22267
22268
22268
22269
22269
22270
22270
22271
22271
22272
22272
22273
22273
22274
22274
22275
22275
22276
22276
22277
22277
22278
22278
22279
22279
22280
22280
22281
22281
22282
22282
22283
22283
22284
22284
22285
22285
22286
22286
22287
22287
22288
22288
22289
22289
22290
22290
22291
22291
22292
22292
22293
22293
22294
22294
22295
22295
22296
22296
22297
22297
22298
22298
22299
22299
22300
22300
22301
22301
22302
22302
22303
22303
22304
22304
22305
22305
22306
22306
22307
22307
22308
22308
22309
22309
22310
22310
22311
22311
22312
22312
22313
22313
22314
22314
22315
22315
22316
22316
22317
22317
22318
22318
22319
22319
22320
22320
22321
22321
22322
22322
22323
22323
22324
22324
22325
22325
22326
22326
22327
22327
22328
22328
22329
22329
22330
22330
22331
22331
22332
22332
22333
22333
22334
22334
22335
22335
22336
22336
22337
22337
22338
22338
22339
22339
22340
22340
22341
22341
22342
22342
22343
22343
22344
22344
22345
22345
22346
22346
22347
22347
22348
22348
22349
22349
22350
22350
22351
22351
22352
22352
22353
22353
22354
22354
22355
22355
22356
22356
22357
22357
22358
22358
22359
22359
22360
22360
22361
22361
22362
22362
22363
22363
22364
22364
22365
22365
22366
22366
22367
22367
22368
22368
22369
22369
22370
22370
22371
22371
22372
22372
22373
22373
22374
22374
22375
22375
22376
22376
22377
22377
22378
22378
22379
22379
22380
22380
22381
22381
22382
22382
22383
22383
22384
22384
22385
22385
22386
22386
22387
22387
22388
22388
22389
22389
22390
22390
22391
22391
22392
22392
22393
22393
22394
22394
22395
22395
22396
22396
22397
22397
22398
22398
22399
22399
22400
22400
22401
22401
22402
22402
22403
22403
22404
22404
22405
22405
22406
22406
22407
22407
22408
22408
22409
22409
22410
22410
22411
22411
22412
22412
22413
22413
22414
22414
22415
22415
22416
22416
22417
22417
22418
22418
22419
22419
22420
22420
22421
22421
22422
22422
22423
22423
22424
22424
22425
22425
22426
22426
22427
22427
22428
22428
22429
22429
22430
22430
22431
22431
22432
22432
22433
22433
22434
22434
22435
22435
22436
22436
22437
22437
22438
22438
22439
22439
22440
22440
22441
22441
22442
22442
22443
22443
22444
22444
22445
22445
22446
22446
22447
22447
22448
22448
22449
22449
22450
22450
22451
22451
22452
22452
22453
22453
22454
22454
22455
22455
22456
22456
22457
22457
22458
22458
22459
22459
22460
22460
22461
22461
22462
22462
22463
22463
22464
22464
22465
22465
22466
22466
22467
22467
22468
22468
22469
22469
22470
22470
22471
22471
22472
22472
22473
22473
22474
22474
22475
22475
22476
22476
22477
22477
22478
22478
22479
22479
22480
22480
22481
22481
22482
22482
22483
22483
22484
22484
22485
22485
22486
22486
22487
22487
22488
22488
22489
22489
22490
22490
22491
22491
22492
22492
22493
22493
22494
22494
22495
22495
22496
22496
22497
22497
22498
22498
22499
22499
22500
22500
22501
22501
22502
22502
22503
22503
22504
22504
22505
22505
22506
22506
22507
22507
22508
22508
22509
22509
22510
22510
22511
22511
22512
22512
22513
22513
22514
22514
22515
22515
22516
22516
22517
22517
22518
22518
22519
22519
22520
22520
22521
22521
22522
22522
22523
22523
22524
22524
22525
22525
22526
22526
22527
22527
22528
22528
22529
22529
22530
22530
22531
22531
22532
22532
22533
22533
22534
22534
22535
22535
22536
22536
22537
22537
22538
22538
22539
22539
22540
22540
22541
22541
22542
22542
22543
22543
22544
22544
22545
22545
22546
22546
22547
22547
22548
22548
22549
22549
22550
22550
22551
22551
22552
22552
22553
22553
22554
22554
22555
22555
22556
22556
22557
22557
22558
22558
22559
22559
22560
22560
22561
22561
22562
22562
22563
22563
22564
22564
22565
22565
22566
22566
22567
22567
22568
22568
22569
22569
22570
22570
22571
22571
22572
22572
22573
22573
22574
22574
22575
22575
22576
22576
22577
22577
22578
22578
22579
22579
22580
22580
22581
22581
22582
22582
22583
22583
22584
22584
22585
22585
22586
22586
22587
22587
22588
22588
22589
22589
22590
22590
22591
22591
22592
22592
22593
22593
22594
22594
22595
22595
22596
22596
22597
22597
22598
22598
22599
22599
22600
22600
22601
22601
22602
22602
22603
22603
22604
22604
22605
22605
22606
22606
22607
22607
22608
22608
22609
22609
22610
22610
22611
22611
22612
22612
22613
22613
22614
22614
22615
22615
22616
22616
22617
22617
22618
22618
22619
22619
22620
22620
22621
22621
22622
22622
22623
22623
22624
22624
22625
22625
22626
22626
22627
22627
22628
22628
22629
22629
22630
22630
22631
22631
22632
22632
22633
22633
22634
22634
22635
22635
22636
22636
22637
22637
22638
22638
22639
22639
22640
22640
22641
22641
22642
22642
22643
22643
22644
22644
22645
22645
22646
22646
22647
22647
22648
22648
22649
22649
22650
22650
22651
22651
22652
22652
22653
22653
22654
22654
22655
22655
22656
22656
22657
22657
22658
22658
22659
22659
22660
22660
22661
22661
22662
22662
22663
22663
22664
22664
22665
22665
22666
22666
22667
22667
22668
22668
22669
22669
22670
22670
22671
22671
22672
22672
22673
22673
22674
22674
22675
22675
22676
22676
22677
22677
22678
22678
22679
22679
22680
22680
22681
22681
22682
22682
22683
22683
22684
22684
22685
22685
22686
22686
22687
22687
22688
22688
22689
22689
22690
22690
22691
22691
22692
22692
22693
22693
22694
22694
22695
22695
22696
22696
22697
22697
22698
22698
22699
22699
22700
22700
22701
22701
22702
22702
22703
22703
22704
22704
22705
22705
22706
22706
22707
22707
22708
22708
22709
22709
22710
22710
22711
22711
22712
22712
22713
22713
22714
22714
22715
22715
22716
22716
22717
22717
22718
22718
22719
22719
22720
22720
22721
22721
22722
22722
22723
22723
22724
22724
22725
22725
22726
22726
22727
22727
22728
22728
22729
22729
22730
22730
22731
22731
22732
22732
22733
22733
22734
22734
22735
22735
22736
22736
22737
22737
22738
22738
22739
22739
22740
22740
22741
22741
22742
22742
22743
22743
22744
22744
22745
22745
22746
22746
22747
22747
22748
22748
22749
22749
22750
22750
22751
22751
22752
22752
22753
22753
22754
22754
22755
22755
22756
22756
22757
22757
22758
22758
22759
22759
22760
22760
22761
22761
22762
22762
22763
22763
22764
22764
22765
22765
22766
22766
22767
22767
22768
22768
22769
22769
22770
22770
22771
22771
22772
22772
22773
22773
22774
22774
22775
22775
22776
22776
22777
22777
22778
22778
22779
22779
22780
22780
22781
22781
22782
22782
22783
22783
22784
22784
22785
22785
22786
22786
22787
22787
22788
22788
22789
22789
22790
22790
22791
22791
22792
22792
22793
22793
22794
22794
22795
22795
22796
22796
22797
22797
22798
22798
22799
22799
22800
22800
22801
22801
22802
22802
22803
22803
22804
22804
22805
22805
22806
22806
22807
22807
22808
22808
22809
22809
22810
22810
22811
22811
22812
22812
22813
22813
22814
22814
22815
22815
22816
22816
22817
22817
22818
22818
22819
22819
22820
22820
22821
22821
22822
22822
22823
22823
22824
22824
22825
22825
22826
22826
22827
22827
22828
22828
22829
22829
22830
22830
22831
22831
22832
22832
22833
22833
22834
22834
22835
22835
22836
22836
22837
22837
22838
22838
22839
22839
22840
22840
22841
22841
22842
22842
22843
22843
22844
22844
22845
22845
22846
22846
22847
22847
22848
22848
22849
22849
22850
22850
22851
22851
22852
22852
22853
22853
22854
22854
22855
22855
22856
22856
22857
22857
22858
22858
22859
22859
22860
22860
22861
22861
22862
22862
22863
22863
22864
22864
22865
22865
22866
22866
22867
22867
22868
22868
22869
22869
22870
22870
22871
22871
22872
22872
22873
22873
22874
22874
22875
22875
22876
22876
22877
22877
22878
22878
22879
22879
22880
22880
22881
22881
22882
22882
22883
22883
22884
22884
22885
22885
22886
22886
22887
22887
22888
22888
22889
22889
22890
22890
22891
22891
22892
22892
22893
22893
22894
22894
22895
22895
22896
22896
22897
22897
22898
22898
22899
22899
22900
22900
22901
22901
22902
22902
22903
22903
22904
22904
22905
22905
22906
22906
22907
22907
22908
22908
22909
22909
22910
22910
22911
22911
22912
22912
22913
22913
22914
22914
22915
22915
22916
22916
22917
22917
22918
22918
22919
22919
22920
22920
22921
22921
22922
22922
22923
22923
22924
22924
22925
22925
22926
22926
22927
22927
22928
22928
22929
22929
22930
22930
22931
22931
22932
22932
22933
22933
22934
22934
22935
22935
22936
22936
22937
22937
22938
22938
22939
22939
22940
22940
22941
22941
22942
22942
22943
22943
22944
22944
22945
22945
22946
22946
22947
22947
22948
22948
22949
22949
22950
22950
22951
22951
22952
22952
22953
22953
22954
22954
22955
22955
22956
22956
22957
22957
22958
22958
22959
22959
22960
22960
22961
22961
22962
22962
22963
22963
22964
22964
22965
22965
22966
22966
22967
22967
22968
22968
22969
22969
22970
22970
22971
22971
22972
22972
22973
22973
22974
22974
22975
22975
22976
22976
22977
22977
22978
22978
22979
22979
22980
22980
22981
22981
22982
22982
22983
22983
22984
22984
22985
22985
22986
22986
22987
22987
22988
22988
22989
22989
22990
22990
22991
22991
22992
22992
22993
22993
22994
22994
22995
22995
22996
22996
22997
22997
22998
22998
22999
22999
23000
23000
23001
23001
23002
23002
23003
23003
23004
23004
23005
23005
23006
23006
23007
23007
23008
23008
23009
23009
23010
23010
23011
23011
23012
23012
23013
23013
23014
23014
23015
23015
23016
23016
23017
23017
23018
23018
23019
23019
23020
23020
23021
23021
23022
23022
23023
23023
23024
23024
23025
23025
23026
23026
23027
23027
23028
23028
23029
23029
23030
23030
23031
23031
23032
23032
23033
23033
23034
23034
23035
23035
23036
23036
23037
23037
23038
23038
23039
23039
23040
23040
23041
23041
23042
23042
23043
23043
23044
23044
23045
23045
23046
23046
23047
23047
23048
23048
23049
23049
23050
23050
23051
23051
23052
23052
23053
23053
23054
23054
23055
23055
23056
23056
23057
23057
23058
23058
23059
23059
23060
23060
23061
23061
23062
23062
23063
23063
23064
23064
23065
23065
23066
23066
23067
23067
23068
23068
23069
23069
23070
23070
23071
23071
23072
23072
23073
23073
23074
23074
23075
23075
23076
23076
23077
23077
23078
23078
23079
23079
23080
23080
23081
23081
23082
23082
23083
23083
23084
23084
23085
23085
23086
23086
23087
23087
23088
23088
23089
23089
23090
23090
23091
23091
23092
23092
23093
23093
23094
23094
23095
23095
23096
23096
23097
23097
23098
23098
23099
23099
23100
23100
23101
23101
23102
23102
23103
23103
23104
23104
23105
23105
23106
23106
23107
23107
23108
23108
23109
23109
23110
23110
23111
23111
23112
23112
23113
23113
23114
23114
23115
23115
23116
23116
23117
23117
23118
23118
23119
23119
23120
23120
23121
23121
23122
23122
23123
23123
23124
23124
23125
23125
23126
23126
23127
23127
23128
23128
23129
23129
23130
23130
23131
23131
23132
23132
23133
23133
23134
23134
23135
23135
23136
23136
23137
23137
23138
23138
23139
23139
23140
23140
23141
23141
23142
23142
23143
23143
23144
23144
23145
23145
23146
23146
23147
23147
23148
23148
23149
23149
23150
23150
23151
23151
23152
23152
23153
23153
23154
23154
23155
23155
23156
23156
23157
23157
23158
23158
23159
23159
23160
23160
23161
23161
23162
23162
23163
23163
23164
23164
23165
23165
23166
23166
23167
23167
23168
23168
23169
23169
23170
23170
23171
23171
23172
23172
23173
23173
23174
23174
23175
23175
23176
23176
23177
23177
23178
23178
23179
23179
23180
23180
23181
23181
23182
23182
23183
23183
23184
23184
23185
23185
23186
23186
23187
23187
23188
23188
23189
23189
23190
23190
23191
23191
23192
23192
23193
23193
23194
23194
23195
23195
23196
23196
23197
23197
23198
23198
23199
23199
23200
23200
23201
23201
23202
23202
23203
23203
23204
23204
23205
23205
23206
23206
23207
23207
23208
23208
23209
23209
23210
23210
23211
23211
23212
23212
23213
23213
23214
23214
23215
23215
23216
23216
23217
23217
23218
23218
23219
23219
23220
23220
23221
23221
23222
23222
23223
23223
23224
23224
23225
23225
23226
23226
23227
23227
23228
23228
23229
23229
23230
23230
23231
23231
23232
23232
23233
23233
23234
23234
23235
23235
23236
23236
23237
23237
23238
23238
23239
23239
23240
23240
23241
23241
23242
23242
23243
23243
23244
23244
23245
23245
23246
23246
23247
23247
23248
23248
23249
23249
23250
23250
23251
23251
23252
23252
23253
23253
23254
23254
23255
23255
23256
23256
23257
23257
23258
23258
23259
23259
23260
23260
23261
23261
23262
23262
23263
23263
23264
23264
23265
23265
23266
23266
23267
23267
23268
23268
23269
23269
23270
23270
23271
23271
23272
23272
23273
23273
23274
23274
23275
23275
23276
23276
23277
23277
23278
23278
23279
23279
23280
23280
23281
23281
23282
23282
23283
23283
23284
23284
23285
23285
23286
23286
23287
23287
23288
23288
23289
23289
23290
23290
23291
23291
23292
23292
23293
23293
23294
23294
23295
23295
23296
23296
23297
23297
23298
23298
23299
23299
23300
23300
23301
23301
23302
23302
23303
23303
23304
23304
23305
23305
23306
23306
23307
23307
23308
23308
23309
23309
23310
23310
23311
23311
23312
23312
23313
23313
23314
23314
23315
23315
23316
23316
23317
23317
23318
23318
23319
23319
23320
23320
23321
23321
23322
23322
23323
23323
23324
23324
23325
23325
23326
23326
23327
23327
23328
23328
23329
23329
23330
23330
23331
23331
23332
23332
23333
23333
23334
23334
23335
23335
23336
23336
23337
23337
23338
23338
23339
23339
23340
23340
23341
23341
23342
23342
23343
23343
23344
23344
23345
23345
23346
23346
23347
23347
23348
23348
23349
23349
23350
23350
23351
23351
23352
23352
23353
23353
23354
23354
23355
23355
23356
23356
23357
23357
23358
23358
23359
23359
23360
23360
23361
23361
23362
23362
23363
23363
23364
23364
23365
23365
23366
23366
23367
23367
23368
23368
23369
23369
23370
23370
23371
23371
23372
23372
23373
23373
23374
23374
23375
23375
23376
23376
23377
23377
23378
23378
23379
23379
23380
23380
23381
23381
23382
23382
23383
23383
23384
23384
23385
23385
23386
23386
23387
23387
23388
23388
23389
23389
23390
23390
23391
23391
23392
23392
23393
23393
23394
23394
23395
23395
23396
23396
23397
23397
23398
23398
23399
23399
23400
23400
23401
23401
23402
23402
23403
23403
23404
23404
23405
23405
23406
23406
23407
23407
23408
23408
23409
23409
23410
23410
23411
23411
23412
23412
23413
23413
23414
23414
23415
23415
23416
23416
23417
23417
23418
23418
23419
23419
23420
23420
23421
23421
23422
23422
23423
23423
23424
23424
23425
23425
23426
23426
23427
23427
23428
23428
23429
23429
23430
23430
23431
23431
23432
23432
23433
23433
23434
23434
23435
23435
23436
23436
23437
23437
23438
23438
23439
23439
23440
23440
23441
23441
23442
23442
23443
23443
23444
23444
23445
23445
23446
23446
23447
23447
23448
23448
23449
23449
23450
23450
23451
23451
23452
23452
23453
23453
23454
23454
23455
23455
23456
23456
23457
23457
23458
23458
23459
23459
23460
23460
23461
23461
23462
23462
23463
23463
23464
23464
23465
23465
23466
23466
23467
23467
23468
23468
23469
23469
23470
23470
23471
23471
23472
23472
23473
23473
23474
23474
23475
23475
23476
23476
23477
23477
23478
23478
23479
23479
23480
23480
23481
23481
23482
23482
23483
23483
23484
23484
23485
23485
23486
23486
23487
23487
23488
23488
23489
23489
23490
23490
23491
23491
23492
23492
23493
23493
23494
23494
23495
23495
23496
23496
23497
23497
23498
23498
23499
23499
23500
23500
23501
23501
23502
23502
23503
23503
23504
23504
23505
23505
23506
23506
23507
23507
23508
23508
23509
23509
23510
23510
23511
23511
23512
23512
23513
23513
23514
23514
23515
23515
23516
23516
23517
23517
23518
23518
23519
23519
23520
23520
23521
23521
23522
23522
23523
23523
23524
23524
23525
23525
23526
23526
23527
23527
23528
23528
23529
23529
23530
23530
23531
23531
23532
23532
23533
23533
23534
23534
23535
23535
23536
23536
23537
23537
23538
23538
23539
23539
23540
23540
23541
23541
23542
23542
23543
23543
23544
23544
23545
23545
23546
23546
23547
23547
23548
23548
23549
23549
23550
23550
23551
23551
23552
23552
23553
23553
23554
23554
23555
23555
23556
23556
23557
23557
23558
23558
23559
23559
23560
23560
23561
23561
23562
23562
23563
23563
23564
23564
23565
23565
23566
23566
23567
23567
23568
23568
23569
23569
23570
23570
23571
23571
23572
23572
23573
23573
23574
23574
23575
23575
23576
23576
23577
23577
23578
23578
23579
23579
23580
23580
23581
23581
23582
23582
23583
23583
23584
23584
23585
23585
23586
23586
23587
23587
23588
23588
23589
23589
23590
23590
23591
23591
23592
23592
23593
23593
23594
23594
23595
23595
23596
23596
23597
23597
23598
23598
23599
23599
23600
23600
23601
23601
23602
23602
23603
23603
23604
23604
23605
23605
23606
23606
23607
23607
23608
23608
23609
23609
23610
23610
23611
23611
23612
23612
23613
23613
23614
23614
23615
23615
23616
23616
23617
23617
23618
23618
23619
23619
23620
23620
23621
23621
23622
23622
23623
23623
23624
23624
23625
23625
23626
23626
23627
23627
23628
23628
23629
23629
23630
23630
23631
23631
23632
23632
23633
23633
23634
23634
23635
23635
23636
23636
23637
23637
23638
23638
23639
23639
23640
23640
23641
23641
23642
23642
23643
23643
23644
23644
23645
23645
23646
23646
23647
23647
23648
23648
23649
23649
23650
23650
23651
23651
23652
23652
23653
23653
23654
23654
23655
23655
23656
23656
23657
23657
23658
23658
23659
23659
23660
23660
23661
23661
23662
23662
23663
23663
23664
23664
23665
23665
23666
23666
23667
23667
23668
23668
23669
23669
23670
23670
23671
23671
23672
23672
23673
23673
23674
23674
23675
23675
23676
23676
23677
23677
23678
23678
23679
23679
23680
23680
23681
23681
23682
23682
23683
23683
23684
23684
23685
23685
23686
23686
23687
23687
23688
23688
23689
23689
23690
23690
23691
23691
23692
23692
23693
23693
23694
23694
23695
23695
23696
23696
23697
23697
23698
23698
23699
23699
23700
23700
23701
23701
23702
23702
23703
23703
23704
23704
23705
23705
23706
23706
23707
23707
23708
23708
23709
23709
23710
23710
23711
23711
23712
23712
23713
23713
23714
23714
23715
23715
23716
23716
23717
23717
23718
23718
23719
23719
23720
23720
23721
23721
23722
23722
23723
23723
23724
23724
23725
23725
23726
23726
23727
23727
23728
23728
23729
23729
23730
23730
23731
23731
23732
23732
23733
23733
23734
23734
23735
23735
23736
23736
23737
23737
23738
23738
23739
23739
23740
23740
23741
23741
23742
23742
23743
23743
23744
23744
23745
23745
23746
23746
23747
23747
23748
23748
23749
23749
23750
23750
23751
23751
23752
23752
23753
23753
23754
23754
23755
23755
23756
23756
23757
23757
23758
23758
23759
23759
23760
23760
23761
23761
23762
23762
23763
23763
23764
23764
23765
23765
23766
23766
23767
23767
23768
23768
23769
23769
23770
23770
23771
23771
23772
23772
23773
23773
23774
23774
23775
23775
23776
23776
23777
23777
23778
23778
23779
23779
23780
23780
23781
23781
23782
23782
23783
23783
23784
23784
23785
23785
23786
23786
23787
23787
23788
23788
23789
23789
23790
23790
23791
23791
23792
23792
23793
23793
23794
23794
23795
23795
23796
23796
23797
23797
23798
23798
23799
23799
23800
23800
23801
23801
23802
23802
23803
23803
23804
23804
23805
23805
23806
23806
23807
23807
23808
23808
23809
23809
23810
23810
23811
23811
23812
23812
23813
23813
23814
23814
23815
23815
23816
23816
23817
23817
23818
23818
23819
23819
23820
23820
23821
23821
23822
23822
23823
23823
23824
23824
23825
23825
23826
23826
23827
23827
23828
23828
23829
23829
23830
23830
23831
23831
23832
23832
23833
23833
23834
23834
23835
23835
23836
23836
23837
23837
23838
23838
23839
23839
23840
23840
23841
23841
23842
23842
23843
23843
23844
23844
23845
23845
23846
23846
23847
23847
23848
23848
23849
23849
23850
23850
23851
23851
23852
23852
23853
23853
23854
23854
23855
23855
23856
23856
23857
23857
23858
23858
23859
23859
23860
23860
23861
23861
23862
23862
23863
23863
23864
23864
23865
23865
23866
23866
23867
23867
23868
23868
23869
23869
23870
23870
23871
23871
23872
23872
23873
23873
23874
23874
23875
23875
23876
23876
23877
23877
23878
23878
23879
23879
23880
23880
23881
23881
23882
23882
23883
23883
23884
23884
23885
23885
23886
23886
23887
23887
23888
23888
23889
23889
23890
23890
23891
23891
23892
23892
23893
23893
23894
23894
23895
23895
23896
23896
23897
23897
23898
23898
23899
23899
23900
23900
23901
23901
23902
23902
23903
23903
23904
23904
23905
23905
23906
23906
23907
23907
23908
23908
23909
23909
23910
23910
23911
23911
23912
23912
23913
23913
23914
23914
23915
23915
23916
23916
23917
23917
23918
23918
23919
23919
23920
23920
23921
23921
23922
23922
23923
23923
23924
23924
23925
23925
23926
23926
23927
23927
23928
23928
23929
23929
23930
23930
23931
23931
23932
23932
23933
23933
23934
23934
23935
23935
23936
23936
23937
23937
23938
23938
23939
23939
23940
23940
23941
23941
23942
23942
23943
23943
23944
23944
23945
23945
23946
23946
23947
23947
23948
23948
23949
23949
23950
23950
23951
23951
23952
23952
23953
23953
23954
23954
23955
23955
23956
23956
23957
23957
23958
23958
23959
23959
23960
23960
23961
23961
23962
23962
23963
23963
23964
23964
23965
23965
23966
23966
23967
23967
23968
23968
23969
23969
23970
23970
23971
23971
23972
23972
23973
23973
23974
23974
23975
23975
23976
23976
23977
23977
23978
23978
23979
23979
23980
23980
23981
23981
23982
23982
23983
23983
23984
23984
23985
23985
23986
23986
23987
23987
23988
23988
23989
23989
23990
23990
23991
23991
23992
23992
23993
23993
23994
23994
23995
23995
23996
23996
23997
23997
23998
23998
23999
23999
24000
24000
24001
24001
24002
24002
24003
24003
24004
24004
24005
24005
24006
24006
24007
24007
24008
24008
24009
24009
24010
24010
24011
24011
24012
24012
24013
24013
24014
24014
24015
24015
24016
24016
24017
24017
24018
24018
24019
24019
24020
24020
24021
24021
24022
24022
24023
24023
24024
24024
24025
24025
24026
24026
24027
24027
24028
24028
24029
24029
24030
24030
24031
24031
24032
24032
24033
24033
24034
24034
24035
24035
24036
24036
24037
24037
24038
24038
24039
24039
24040
24040
24041
24041
24042
24042
24043
24043
24044
24044
24045
24045
24046
24046
24047
24047
24048
24048
24049
24049
24050
24050
24051
24051
24052
24052
24053
24053
24054
24054
24055
24055
24056
24056
24057
24057
24058
24058
24059
24059
24060
24060
24061
24061
24062
24062
24063
24063
24064
24064
24065
24065
24066
24066
24067
24067
24068
24068
24069
24069
24070
24070
24071
24071
24072
24072
24073
24073
24074
24074
24075
24075
24076
24076
24077
24077
24078
24078
24079
24079
24080
24080
24081
24081
24082
24082
24083
24083
24084
24084
24085
24085
24086
24086
24087
24087
24088
24088
24089
24089
24090
24090
24091
24091
24092
24092
24093
24093
24094
24094
24095
24095
24096
24096
24097
24097
24098
24098
24099
24099
24100
24100
24101
24101
24102
24102
24103
24103
24104
24104
24105
24105
24106
24106
24107
24107
24108
24108
24109
24109
24110
24110
24111
24111
24112
24112
24113
24113
24114
24114
24115
24115
24116
24116
24117
24117
24118
24118
24119
24119
24120
24120
24121
24121
24122
24122
24123
24123
24124
24124
24125
24125
24126
24126
24127
24127
24128
24128
24129
24129
24130
24130
24131
24131
24132
24132
24133
24133
24134
24134
24135
24135
24136
24136
24137
24137
24138
24138
24139
24139
24140
24140
24141
24141
24142
24142
24143
24143
24144
24144
24145
24145
24146
24146
24147
24147
24148
24148
24149
24149
24150
24150
24151
24151
24152
24152
24153
24153
24154
24154
24155
24155
24156
24156
24157
24157
24158
24158
24159
24159
24160
24160
24161
24161
24162
24162
24163
24163
24164
24164
24165
24165
24166
24166
24167
24167
24168
24168
24169
24169
24170
24170
24171
24171
24172
24172
24173
24173
24174
24174
24175
24175
24176
24176
24177
24177
24178
24178
24179
24179
24180
24180
24181
24181
24182
24182
24183
24183
24184
24184
24185
24185
24186
24186
24187
24187
24188
24188
24189
24189
24190
24190
24191
24191
24192
24192
24193
24193
24194
24194
24195
24195
24196
24196
24197
24197
24198
24198
24199
24199
24200
24200
24201
24201
24202
24202
24203
24203
24204
24204
24205
24205
24206
24206
24207
24207
24208
24208
24209
24209
24210
24210
24211
24211
24212
24212
24213
24213
24214
24214
24215
24215
24216
24216
24217
24217
24218
24218
24219
24219
24220
24220
24221
24221
24222
24222
24223
24223
24224
24224
24225
24225
24226
24226
24227
24227
24228
24228
24229
24229
24230
24230
24231
24231
24232
24232
24233
24233
24234
24234
24235
24235
24236
24236
24237
24237
24238
24238
24239
24239
24240
24240
24241
24241
24242
24242
24243
24243
24244
24244
24245
24245
24246
24246
24247
24247
24248
24248
24249
24249
24250
24250
24251
24251
24252
24252
24253
24253
24254
24254
24255
24255
24256
24256
24257
24257
24258
24258
24259
24259
24260
24260
24261
24261
24262
24262
24263
24263
24264
24264
24265
24265
24266
24266
24267
24267
24268
24268
24269
24269
24270
24270
24271
24271
24272
24272
24273
24273
24274
24274
24275
24275
24276
24276
24277
24277
24278
24278
24279
24279
24280
24280
24281
24281
24282
24282
24283
24283
24284
24284
24285
24285
24286
24286
24287
24287
24288
24288
24289
24289
24290
24290
24291
24291
24292
24292
24293
24293
24294
24294
24295
24295
24296
24296
24297
24297
24298
24298
24299
24299
24300
24300
24301
24301
24302
24302
24303
24303
24304
24304
24305
24305
24306
24306
24307
24307
24308
24308
24309
24309
24310
24310
24311
24311
24312
24312
24313
24313
24314
24314
24315
24315
24316
24316
24317
24317
24318
24318
24319
24319
24320
24320
24321
24321
24322
24322
24323
24323
24324
24324
24325
24325
24326
24326
24327
24327
24328
24328
24329
24329
24330
24330
24331
24331
24332
24332
24333
24333
24334
24334
24335
24335
24336
24336
24337
24337
24338
24338
24339
24339
24340
24340
24341
24341
24342
24342
24343
24343
24344
24344
24345
24345
24346
24346
24347
24347
24348
24348
24349
24349
24350
24350
24351
24351
24352
24352
24353
24353
24354
24354
24355
24355
24356
24356
24357
24357
24358
24358
24359
24359
24360
24360
24361
24361
24362
24362
24363
24363
24364
24364
24365
24365
24366
24366
24367
24367
24368
24368
24369
24369
24370
24370
24371
24371
24372
24372
24373
24373
24374
24374
24375
24375
24376
24376
24377
24377
24378
24378
24379
24379
24380
24380
24381
24381
24382
24382
24383
24383
24384
24384
24385
24385
24386
24386
24387
24387
24388
24388
24389
24389
24390
24390
24391
24391
24392
24392
24393
24393
24394
24394
24395
24395
24396
24396
24397
24397
24398
24398
24399
24399
24400
24400
24401
24401
24402
24402
24403
24403
24404
24404
24405
24405
24406
24406
24407
24407
24408
24408
24409
24409
24410
24410
24411
24411
24412
24412
24413
24413
24414
24414
24415
24415
24416
24416
24417
24417
24418
24418
24419
24419
24420
24420
24421
24421
24422
24422
24423
24423
24424
24424
24425
24425
24426
24426
24427
24427
24428
24428
24429
24429
24430
24430
24431
24431
24432
24432
24433
24433
24434
24434
24435
24435
24436
24436
24437
24437
24438
24438
24439
24439
24440
24440
24441
24441
24442
24442
24443
24443
24444
24444
24445
24445
24446
24446
24447
24447
24448
24448
24449
24449
24450
24450
24451
24451
24452
24452
24453
24453
24454
24454
24455
24455
24456
24456
24457
24457
24458
24458
24459
24459
24460
24460
24461
24461
24462
24462
24463
24463
24464
24464
24465
24465
24466
24466
24467
24467
24468
24468
24469
24469
24470
24470
24471
24471
24472
24472
24473
24473
24474
24474
24475
24475
24476
24476
24477
24477
24478
24478
24479
24479
24480
24480
24481
24481
24482
24482
24483
24483
24484
24484
24485
24485
24486
24486
24487
24487
24488
24488
24489
24489
24490
24490
24491
24491
24492
24492
24493
24493
24494
24494
24495
24495
24496
24496
24497
24497
24498
24498
24499
24499
24500
24500
24501
24501
24502
24502
24503
24503
24504
24504
24505
24505
24506
24506
24507
24507
24508
24508
24509
24509
24510
24510
24511
24511
24512
24512
24513
24513
24514
24514
24515
24515
24516
24516
24517
24517
24518
24518
24519
24519
24520
24520
24521
24521
24522
24522
24523
24523
24524
24524
24525
24525
24526
24526
24527
24527
24528
24528
24529
24529
24530
24530
24531
24531
24532
24532
24533
24533
24534
24534
24535
24535
24536
24536
24537
24537
24538
24538
24539
24539
24540
24540
24541
24541
24542
24542
24543
24543
24544
24544
24545
24545
24546
24546
24547
24547
24548
24548
24549
24549
24550
24550
24551
24551
24552
24552
24553
24553
24554
24554
24555
24555
24556
24556
24557
24557
24558
24558
24559
24559
24560
24560
24561
24561
24562
24562
24563
24563
24564
24564
24565
24565
24566
24566
24567
24567
24568
24568
24569
24569
24570
24570
24571
24571
24572
24572
24573
24573
24574
24574
24575
24575
24576
24576
24577
24577
24578
24578
24579
24579
24580
24580
24581
24581
24582
24582
24583
24583
24584
24584
24585
24585
24586
24586
24587
24587
24588
24588
24589
24589
24590
24590
24591
24591
24592
24592
24593
24593
24594
24594
24595
24595
24596
24596
24597
24597
24598
24598
24599
24599
24600
24600
24601
24601
24602
24602
24603
24603
24604
24604
24605
24605
24606
24606
24607
24607
24608
24608
24609
24609
24610
24610
24611
24611
24612
24612
24613
24613
24614
24614
24615
24615
24616
24616
24617
24617
24618
24618
24619
24619
24620
24620
24621
24621
24622
24622
24623
24623
24624
24624
24625
24625
24626
24626
24627
24627
24628
24628
24629
24629
24630
24630
24631
24631
24632
24632
24633
24633
24634
24634
24635
24635
24636
24636
24637
24637
24638
24638
24639
24639
24640
24640
24641
24641
24642
24642
24643
24643
24644
24644
24645
24645
24646
24646
24647
24647
24648
24648
24649
24649
24650
24650
24651
24651
24652
24652
24653
24653
24654
24654
24655
24655
24656
24656
24657
24657
24658
24658
24659
24659
24660
24660
24661
24661
24662
24662
24663
24663
24664
24664
24665
24665
24666
24666
24667
24667
24668
24668
24669
24669
24670
24670
24671
24671
24672
24672
24673
24673
24674
24674
24675
24675
24676
24676
24677
24677
24678
24678
24679
24679
24680
24680
24681
24681
24682
24682
24683
24683
24684
24684
24685
24685
24686
24686
24687
24687
24688
24688
24689
24689
24690
24690
24691
24691
24692
24692
24693
24693
24694
24694
24695
24695
24696
24696
24697
24697
24698
24698
24699
24699
24700
24700
24701
24701
24702
24702
24703
24703
24704
24704
24705
24705
24706
24706
24707
24707
24708
24708
24709
24709
24710
24710
24711
24711
24712
24712
24713
24713
24714
24714
24715
24715
24716
24716
24717
24717
24718
24718
24719
24719
24720
24720
24721
24721
24722
24722
24723
24723
24724
24724
24725
24725
24726
24726
24727
24727
24728
24728
24729
24729
24730
24730
24731
24731
24732
24732
24733
24733
24734
24734
24735
24735
24736
24736
24737
24737
24738
24738
24739
24739
24740
24740
24741
24741
24742
24742
24743
24743
24744
24744
24745
24745
24746
24746
24747
24747
24748
24748
24749
24749
24750
24750
24751
24751
24752
24752
24753
24753
24754
24754
24755
24755
24756
24756
24757
24757
24758
24758
24759
24759
24760
24760
24761
24761
24762
24762
24763
24763
24764
24764
24765
24765
24766
24766
24767
24767
24768
24768
24769
24769
24770
24770
24771
24771
24772
24772
24773
24773
24774
24774
24775
24775
24776
24776
24777
24777
24778
24778
24779
24779
24780
24780
24781
24781
24782
24782
24783
24783
24784
24784
24785
24785
24786
24786
24787
24787
24788
24788
24789
24789
24790
24790
24791
24791
24792
24792
24793
24793
24794
24794
24795
24795
24796
24796
24797
24797
24798
24798
24799
24799
24800
24800
24801
24801
24802
24802
24803
24803
24804
24804
24805
24805
24806
24806
24807
24807
24808
24808
24809
24809
24810
24810
24811
24811
24812
24812
24813
24813
24814
24814
24815
24815
24816
24816
24817
24817
24818
24818
24819
24819
24820
24820
24821
24821
24822
24822
24823
24823
24824
24824
24825
24825
24826
24826
24827
24827
24828
24828
24829
24829
24830
24830
24831
24831
24832
24832
24833
24833
24834
24834
24835
24835
24836
24836
24837
24837
24838
24838
24839
24839
24840
24840
24841
24841
24842
24842
24843
24843
24844
24844
24845
24845
24846
24846
24847
24847
24848
24848
24849
24849
24850
24850
24851
24851
24852
24852
24853
24853
24854
24854
24855
24855
24856
24856
24857
24857
24858
24858
24859
24859
24860
24860
24861
24861
24862
24862
24863
24863
24864
24864
24865
24865
24866
24866
24867
24867
24868
24868
24869
24869
24870
24870
24871
24871
24872
24872
24873
24873
24874
24874
24875
24875
24876
24876
24877
24877
24878
24878
24879
24879
24880
24880
24881
24881
24882
24882
24883
24883
24884
24884
24885
24885
24886
24886
24887
24887
24888
24888
24889
24889
24890
24890
24891
24891
24892
24892
24893
24893
24894
24894
24895
24895
24896
24896
24897
24897
24898
24898
24899
24899
24900
24900
24901
24901
24902
24902
24903
24903
24904
24904
24905
24905
24906
24906
24907
24907
24908
24908
24909
24909
24910
24910
24911
24911
24912
24912
24913
24913
24914
24914
24915
24915
24916
24916
24917
24917
24918
24918
24919
24919
24920
24920
24921
24921
24922
24922
24923
24923
24924
24924
24925
24925
24926
24926
24927
24927
24928
24928
24929
24929
24930
24930
24931
24931
24932
24932
24933
24933
24934
24934
24935
24935
24936
24936
24937
24937
24938
24938
24939
24939
24940
24940
24941
24941
24942
24942
24943
24943
24944
24944
24945
24945
24946
24946
24947
24947
24948
24948
24949
24949
24950
24950
24951
24951
24952
24952
24953
24953
24954
24954
24955
24955
24956
24956
24957
24957
24958
24958
24959
24959
24960
24960
24961
24961
24962
24962
24963
24963
24964
24964
24965
24965
24966
24966
24967
24967
24968
24968
24969
24969
24970
24970
24971
24971
24972
24972
24973
24973
24974
24974
24975
24975
24976
24976
24977
24977
24978
24978
24979
24979
24980
24980
24981
24981
24982
24982
24983
24983
24984
24984
24985
24985
24986
24986
24987
24987
24988
24988
24989
24989
24990
24990
24991
24991
24992
24992
24993
24993
24994
24994
24995
24995
24996
24996
24997
24997
24998
24998
24999
24999
25000
25000
25001
25001
25002
25002
25003
25003
25004
25004
25005
25005
25006
25006
25007
25007
25008
25008
25009
25009
25010
25010
25011
25011
25012
25012
25013
25013
25014
25014
25015
25015
25016
25016
25017
25017
25018
25018
25019
25019
25020
25020
25021
25021
25022
25022
25023
25023
25024
25024
25025
25025
25026
25026
25027
25027
25028
25028
25029
25029
25030
25030
25031
25031
25032
25032
25033
25033
25034
25034
25035
25035
25036
25036
25037
25037
25038
25038
25039
25039
25040
25040
25041
25041
25042
25042
25043
25043
25044
25044
25045
25045
25046
25046
25047
25047
25048
25048
25049
25049
25050
25050
25051
25051
25052
25052
25053
25053
25054
25054
25055
25055
25056
25056
25057
25057
25058
25058
25059
25059
25060
25060
25061
25061
25062
25062
25063
25063
25064
25064
25065
25065
25066
25066
25067
25067
25068
25068
25069
25069
25070
25070
25071
25071
25072
25072
25073
25073
25074
25074
25075
25075
25076
25076
25077
25077
25078
25078
25079
25079
25080
25080
25081
25081
25082
25082
25083
25083
25084
25084
25085
25085
25086
25086
25087
25087
25088
25088
25089
25089
25090
25090
25091
25091
25092
25092
25093
25093
25094
25094
25095
25095
25096
25096
25097
25097
25098
25098
25099
25099
25100
25100
25101
25101
25102
25102
25103
25103
25104
25104
25105
25105
25106
25106
25107
25107
25108
25108
25109
25109
25110
25110
25111
25111
25112
25112
25113
25113
25114
25114
25115
25115
25116
25116
25117
25117
25118
25118
25119
25119
25120
25120
25121
25121
25122
25122
25123
25123
25124
25124
25125
25125
25126
25126
25127
25127
25128
25128
25129
25129
25130
25130
25131
25131
25132
25132
25133
25133
25134
25134
25135
25135
25136
25136
25137
25137
25138
25138
25139
25139
25140
25140
25141
25141
25142
25142
25143
25143
25144
25144
25145
25145
25146
25146
25147
25147
25148
25148
25149
25149
25150
25150
25151
25151
25152
25152
25153
25153
25154
25154
25155
25155
25156
25156
25157
25157
25158
25158
25159
25159
25160
25160
25161
25161
25162
25162
25163
25163
25164
25164
25165
25165
25166
25166
25167
25167
25168
25168
25169
25169
25170
25170
25171
25171
25172
25172
25173
25173
25174
25174
25175
25175
25176
25176
25177
25177
25178
25178
25179
25179
25180
25180
25181
25181
25182
25182
25183
25183
25184
25184
25185
25185
25186
25186
25187
25187
25188
25188
25189
25189
25190
25190
25191
25191
25192
25192
25193
25193
25194
25194
25195
25195
25196
25196
25197
25197
25198
25198
25199
25199
25200
25200
25201
25201
25202
25202
25203
25203
25204
25204
25205
25205
25206
25206
25207
25207
25208
25208
25209
25209
25210
25210
25211
25211
25212
25212
25213
25213
25214
25214
25215
25215
25216
25216
25217
25217
25218
25218
25219
25219
25220
25220
25221
25221
25222
25222
25223
25223
25224
25224
25225
25225
25226
25226
25227
25227
25228
25228
25229
25229
25230
25230
25231
25231
25232
25232
25233
25233
25234
25234
25235
25235
25236
25236
25237
25237
25238
25238
25239
25239
25240
25240
25241
25241
25242
25242
25243
25243
25244
25244
25245
25245
25246
25246
25247
25247
25248
25248
25249
25249
25250
25250
25251
25251
25252
25252
25253
25253
25254
25254
25255
25255
25256
25256
25257
25257
25258
25258
25259
25259
25260
25260
25261
25261
25262
25262
25263
25263
25264
25264
25265
25265
25266
25266
25267
25267
25268
25268
25269
25269
25270
25270
25271
25271
25272
25272
25273
25273
25274
25274
25275
25275
25276
25276
25277
25277
25278
25278
25279
25279
25280
25280
25281
25281
25282
25282
25283
25283
25284
25284
25285
25285
25286
25286
25287
25287
25288
25288
25289
25289
25290
25290
25291
25291
25292
25292
25293
25293
25294
25294
25295
25295
25296
25296
25297
25297
25298
25298
25299
25299
25300
25300
25301
25301
25302
25302
25303
25303
25304
25304
25305
25305
25306
25306
25307
25307
25308
25308
25309
25309
25310
25310
25311
25311
25312
25312
25313
25313
25314
25314
25315
25315
25316
25316
25317
25317
25318
25318
25319
25319
25320
25320
25321
25321
25322
25322
25323
25323
25324
25324
25325
25325
25326
25326
25327
25327
25328
25328
25329
25329
25330
25330
25331
25331
25332
25332
25333
25333
25334
25334
25335
25335
25336
25336
25337
25337
25338
25338
25339
25339
25340
25340
25341
25341
25342
25342
25343
25343
25344
25344
25345
25345
25346
25346
25347
25347
25348
25348
25349
25349
25350
25350
25351
25351
25352
25352
25353
25353
25354
25354
25355
25355
25356
25356
25357
25357
25358
25358
25359
25359
25360
25360
25361
25361
25362
25362
25363
25363
25364
25364
25365
25365
25366
25366
25367
25367
25368
25368
25369
25369
25370
25370
25371
25371
25372
25372
25373
25373
25374
25374
25375
25375
25376
25376
25377
25377
25378
25378
25379
25379
25380
25380
25381
25381
25382
25382
25383
25383
25384
25384
25385
25385
25386
25386
25387
25387
25388
25388
25389
25389
25390
25390
25391
25391
25392
25392
25393
25393
25394
25394
25395
25395
25396
25396
25397
25397
25398
25398
25399
25399
25400
25400
25401
25401
25402
25402
25403
25403
25404
25404
25405
25405
25406
25406
25407
25407
25408
25408
25409
25409
25410
25410
25411
25411
25412
25412
25413
25413
25414
25414
25415
25415
25416
25416
25417
25417
25418
25418
25419
25419
25420
25420
25421
25421
25422
25422
25423
25423
25424
25424
25425
25425
25426
25426
25427
25427
25428
25428
25429
25429
25430
25430
25431
25431
25432
25432
25433
25433
25434
25434
25435
25435
25436
25436
25437
25437
25438
25438
25439
25439
25440
25440
25441
25441
25442
25442
25443
25443
25444
25444
25445
25445
25446
25446
25447
25447
25448
25448
25449
25449
25450
25450
25451
25451
25452
25452
25453
25453
25454
25454
25455
25455
25456
25456
25457
25457
25458
25458
25459
25459
25460
25460
25461
25461
25462
25462
25463
25463
25464
25464
25465
25465
25466
25466
25467
25467
25468
25468
25469
25469
25470
25470
25471
25471
25472
25472
25473
25473
25474
25474
25475
25475
25476
25476
25477
25477
25478
25478
25479
25479
25480
25480
25481
25481
25482
25482
25483
25483
25484
25484
25485
25485
25486
25486
25487
25487
25488
25488
25489
25489
25490
25490
25491
25491
25492
25492
25493
25493
25494
25494
25495
25495
25496
25496
25497
25497
25498
25498
25499
25499
25500
25500
25501
25501
25502
25502
25503
25503
25504
25504
25505
25505
25506
25506
25507
25507
25508
25508
25509
25509
25510
25510
25511
25511
25512
25512
25513
25513
25514
25514
25515
25515
25516
25516
25517
25517
25518
25518
25519
25519
25520
25520
25521
25521
25522
25522
25523
25523
25524
25524
25525
25525
25526
25526
25527
25527
25528
25528
25529
25529
25530
25530
25531
25531
25532
25532
25533
25533
25534
25534
25535
25535
25536
25536
25537
25537
25538
25538
25539
25539
25540
25540
25541
25541
25542
25542
25543
25543
25544
25544
25545
25545
25546
25546
25547
25547
25548
25548
25549
25549
25550
25550
25551
25551
25552
25552
25553
25553
25554
25554
25555
25555
25556
25556
25557
25557
25558
25558
25559
25559
25560
25560
25561
25561
25562
25562
25563
25563
25564
25564
25565
25565
25566
25566
25567
25567
25568
25568
25569
25569
25570
25570
25571
25571
25572
25572
25573
25573
25574
25574
25575
25575
25576
25576
25577
25577
25578
25578
25579
25579
25580
25580
25581
25581
25582
25582
25583
25583
25584
25584
25585
25585
25586
25586
25587
25587
25588
25588
25589
25589
25590
25590
25591
25591
25592
25592
25593
25593
25594
25594
25595
25595
25596
25596
25597
25597
25598
25598
25599
25599
25600
25600
25601
25601
25602
25602
25603
25603
25604
25604
25605
25605
25606
25606
25607
25607
25608
25608
25609
25609
25610
25610
25611
25611
25612
25612
25613
25613
25614
25614
25615
25615
25616
25616
25617
25617
25618
25618
25619
25619
25620
25620
25621
25621
25622
25622
25623
25623
25624
25624
25625
25625
25626
25626
25627
25627
25628
25628
25629
25629
25630
25630
25631
25631
25632
25632
25633
25633
25634
25634
25635
25635
25636
25636
25637
25637
25638
25638
25639
25639
25640
25640
25641
25641
25642
25642
25643
25643
25644
25644
25645
25645
25646
25646
25647
25647
25648
25648
25649
25649
25650
25650
25651
25651
25652
25652
25653
25653
25654
25654
25655
25655
25656
25656
25657
25657
25658
25658
25659
25659
25660
25660
25661
25661
25662
25662
25663
25663
25664
25664
25665
25665
25666
25666
25667
25667
25668
25668
25669
25669
25670
25670
25671
25671
25672
25672
25673
25673
25674
25674
25675
25675
25676
25676
25677
25677
25678
25678
25679
25679
25680
25680
25681
25681
25682
25682
25683
25683
25684
25684
25685
25685
25686
25686
25687
25687
25688
25688
25689
25689
25690
25690
25691
25691
25692
25692
25693
25693
25694
25694
25695
25695
25696
25696
25697
25697
25698
25698
25699
25699
25700
25700
25701
25701
25702
25702
25703
25703
25704
25704
25705
25705
25706
25706
25707
25707
25708
25708
25709
25709
25710
25710
25711
25711
25712
25712
25713
25713
25714
25714
25715
25715
25716
25716
25717
25717
25718
25718
25719
25719
25720
25720
25721
25721
25722
25722
25723
25723
25724
25724
25725
25725
25726
25726
25727
25727
25728
25728
25729
25729
25730
25730
25731
25731
25732
25732
25733
25733
25734
25734
25735
25735
25736
25736
25737
25737
25738
25738
25739
25739
25740
25740
25741
25741
25742
25742
25743
25743
25744
25744
25745
25745
25746
25746
25747
25747
25748
25748
25749
25749
25750
25750
25751
25751
25752
25752
25753
25753
25754
25754
25755
25755
25756
25756
25757
25757
25758
25758
25759
25759
25760
25760
25761
25761
25762
25762
25763
25763
25764
25764
25765
25765
25766
25766
25767
25767
25768
25768
25769
25769
25770
25770
25771
25771
25772
25772
25773
25773
25774
25774
25775
25775
25776
25776
25777
25777
25778
25778
25779
25779
25780
25780
25781
25781
25782
25782
25783
25783
25784
25784
25785
25785
25786
25786
25787
25787
25788
25788
25789
25789
25790
25790
25791
25791
25792
25792
25793
25793
25794
25794
25795
25795
25796
25796
25797
25797
25798
25798
25799
25799
25800
25800
25801
25801
25802
25802
25803
25803
25804
25804
25805
25805
25806
25806
25807
25807
25808
25808
25809
25809
25810
25810
25811
25811
25812
25812
25813
25813
25814
25814
25815
25815
25816
25816
25817
25817
25818
25818
25819
25819
25820
25820
25821
25821
25822
25822
25823
25823
25824
25824
25825
25825
25826
25826
25827
25827
25828
25828
25829
25829
25830
25830
25831
25831
25832
25832
25833
25833
25834
25834
25835
25835
25836
25836
25837
25837
25838
25838
25839
25839
25840
25840
25841
25841
25842
25842
25843
25843
25844
25844
25845
25845
25846
25846
25847
25847
25848
25848
25849
25849
25850
25850
25851
25851
25852
25852
25853
25853
25854
25854
25855
25855
25856
25856
25857
25857
25858
25858
25859
25859
25860
25860
25861
25861
25862
25862
25863
25863
25864
25864
25865
25865
25866
25866
25867
25867
25868
25868
25869
25869
25870
25870
25871
25871
25872
25872
25873
25873
25874
25874
25875
25875
25876
25876
25877
25877
25878
25878
25879
25879
25880
25880
25881
25881
25882
25882
25883
25883
25884
25884
25885
25885
25886
25886
25887
25887
25888
25888
25889
25889
25890
25890
25891
25891
25892
25892
25893
25893
25894
25894
25895
25895
25896
25896
25897
25897
25898
25898
25899
25899
25900
25900
25901
25901
25902
25902
25903
25903
25904
25904
25905
25905
25906
25906
25907
25907
25908
25908
25909
25909
25910
25910
25911
25911
25912
25912
25913
25913
25914
25914
25915
25915
25916
25916
25917
25917
25918
25918
25919
25919
25920
25920
25921
25921
25922
25922
25923
25923
25924
25924
25925
25925
25926
25926
25927
25927
25928
25928
25929
25929
25930
25930
25931
25931
25932
25932
25933
25933
25934
25934
25935
25935
25936
25936
25937
25937
25938
25938
25939
25939
25940
25940
25941
25941
25942
25942
25943
25943
25944
25944
25945
25945
25946
25946
25947
25947
25948
25948
25949
25949
25950
25950
25951
25951
25952
25952
25953
25953
25954
25954
25955
25955
25956
25956
25957
25957
25958
25958
25959
25959
25960
25960
25961
25961
25962
25962
25963
25963
25964
25964
25965
25965
25966
25966
25967
25967
25968
25968
25969
25969
25970
25970
25971
25971
25972
25972
25973
25973
25974
25974
25975
25975
25976
25976
25977
25977
25978
25978
25979
25979
25980
25980
25981
25981
25982
25982
25983
25983
25984
25984
25985
25985
25986
25986
25987
25987
25988
25988
25989
25989
25990
25990
25991
25991
25992
25992
25993
25993
25994
25994
25995
25995
25996
25996
25997
25997
25998
25998
25999
25999
26000
26000
26001
26001
26002
26002
26003
26003
26004
26004
26005
26005
26006
26006
26007
26007
26008
26008
26009
26009
26010
26010
26011
26011
26012
26012
26013
26013
26014
26014
26015
26015
26016
26016
26017
26017
26018
26018
26019
26019
26020
26020
26021
26021
26022
26022
26023
26023
26024
26024
26025
26025
26026
26026
26027
26027
26028
26028
26029
26029
26030
26030
26031
26031
26032
26032
26033
26033
26034
26034
26035
26035
26036
26036
26037
26037
26038
26038
26039
26039
26040
26040
26041
26041
26042
26042
26043
26043
26044
26044
26045
26045
26046
26046
26047
26047
26048
26048
26049
26049
26050
26050
26051
26051
26052
26052
26053
26053
26054
26054
26055
26055
26056
26056
26057
26057
26058
26058
26059
26059
26060
26060
26061
26061
26062
26062
26063
26063
26064
26064
26065
26065
26066
26066
26067
26067
26068
26068
26069
26069
26070
26070
26071
26071
26072
26072
26073
26073
26074
26074
26075
26075
26076
26076
26077
26077
26078
26078
26079
26079
26080
26080
26081
26081
26082
26082
26083
26083
26084
26084
26085
26085
26086
26086
26087
26087
26088
26088
26089
26089
26090
26090
26091
26091
26092
26092
26093
26093
26094
26094
26095
26095
26096
26096
26097
26097
26098
26098
26099
26099
26100
26100
26101
26101
26102
26102
26103
26103
26104
26104
26105
26105
26106
26106
26107
26107
26108
26108
26109
26109
26110
26110
26111
26111
26112
26112
26113
26113
26114
26114
26115
26115
26116
26116
26117
26117
26118
26118
26119
26119
26120
26120
26121
26121
26122
26122
26123
26123
26124
26124
26125
26125
26126
26126
26127
26127
26128
26128
26129
26129
26130
26130
26131
26131
26132
26132
26133
26133
26134
26134
26135
26135
26136
26136
26137
26137
26138
26138
26139
26139
26140
26140
26141
26141
26142
26142
26143
26143
26144
26144
26145
26145
26146
26146
26147
26147
26148
26148
26149
26149
26150
26150
26151
26151
26152
26152
26153
26153
26154
26154
26155
26155
26156
26156
26157
26157
26158
26158
26159
26159
26160
26160
26161
26161
26162
26162
26163
26163
26164
26164
26165
26165
26166
26166
26167
26167
26168
26168
26169
26169
26170
26170
26171
26171
26172
26172
26173
26173
26174
26174
26175
26175
26176
26176
26177
26177
26178
26178
26179
26179
26180
26180
26181
26181
26182
26182
26183
26183
26184
26184
26185
26185
26186
26186
26187
26187
26188
26188
26189
26189
26190
26190
26191
26191
26192
26192
26193
26193
26194
26194
26195
26195
26196
26196
26197
26197
26198
26198
26199
26199
26200
26200
26201
26201
26202
26202
26203
26203
26204
26204
26205
26205
26206
26206
26207
26207
26208
26208
26209
26209
26210
26210
26211
26211
26212
26212
26213
26213
26214
26214
26215
26215
26216
26216
26217
26217
26218
26218
26219
26219
26220
26220
26221
26221
26222
26222
26223
26223
26224
26224
26225
26225
26226
26226
26227
26227
26228
26228
26229
26229
26230
26230
26231
26231
26232
26232
26233
26233
26234
26234
26235
26235
26236
26236
26237
26237
26238
26238
26239
26239
26240
26240
26241
26241
26242
26242
26243
26243
26244
26244
26245
26245
26246
26246
26247
26247
26248
26248
26249
26249
26250
26250
26251
26251
26252
26252
26253
26253
26254
26254
26255
26255
26256
26256
26257
26257
26258
26258
26259
26259
26260
26260
26261
26261
26262
26262
26263
26263
26264
26264
26265
26265
26266
26266
26267
26267
26268
26268
26269
26269
26270
26270
26271
26271
26272
26272
26273
26273
26274
26274
26275
26275
26276
26276
26277
26277
26278
26278
26279
26279
26280
26280
26281
26281
26282
26282
26283
26283
26284
26284
26285
26285
26286
26286
26287
26287
26288
26288
26289
26289
26290
26290
26291
26291
26292
26292
26293
26293
26294
26294
26295
26295
26296
26296
26297
26297
26298
26298
26299
26299
26300
26300
26301
26301
26302
26302
26303
26303
26304
26304
26305
26305
26306
26306
26307
26307
26308
26308
26309
26309
26310
26310
26311
26311
26312
26312
26313
26313
26314
26314
26315
26315
26316
26316
26317
26317
26318
26318
26319
26319
26320
26320
26321
26321
26322
26322
26323
26323
26324
26324
26325
26325
26326
26326
26327
26327
26328
26328
26329
26329
26330
26330
26331
26331
26332
26332
26333
26333
26334
26334
26335
26335
26336
26336
26337
26337
26338
26338
26339
26339
26340
26340
26341
26341
26342
26342
26343
26343
26344
26344
26345
26345
26346
26346
26347
26347
26348
26348
26349
26349
26350
26350
26351
26351
26352
26352
26353
26353
26354
26354
26355
26355
26356
26356
26357
26357
26358
26358
26359
26359
26360
26360
26361
26361
26362
26362
26363
26363
26364
26364
26365
26365
26366
26366
26367
26367
26368
26368
26369
26369
26370
26370
26371
26371
26372
26372
26373
26373
26374
26374
26375
26375
26376
26376
26377
26377
26378
26378
26379
26379
26380
26380
26381
26381
26382
26382
26383
26383
26384
26384
26385
26385
26386
26386
26387
26387
26388
26388
26389
26389
26390
26390
26391
26391
26392
26392
26393
26393
26394
26394
26395
26395
26396
26396
26397
26397
26398
26398
26399
26399
26400
26400
26401
26401
26402
26402
26403
26403
26404
26404
26405
26405
26406
26406
26407
26407
26408
26408
26409
26409
26410
26410
26411
26411
26412
26412
26413
26413
26414
26414
26415
26415
26416
26416
26417
26417
26418
26418
26419
26419
26420
26420
26421
26421
26422
26422
26423
26423
26424
26424
26425
26425
26426
26426
26427
26427
26428
26428
26429
26429
26430
26430
26431
26431
26432
26432
26433
26433
26434
26434
26435
26435
26436
26436
26437
26437
26438
26438
26439
26439
26440
26440
26441
26441
26442
26442
26443
26443
26444
26444
26445
26445
26446
26446
26447
26447
26448
26448
26449
26449
26450
26450
26451
26451
26452
26452
26453
26453
26454
26454
26455
26455
26456
26456
26457
26457
26458
26458
26459
26459
26460
26460
26461
26461
26462
26462
26463
26463
26464
26464
26465
26465
26466
26466
26467
26467
26468
26468
26469
26469
26470
26470
26471
26471
26472
26472
26473
26473
26474
26474
26475
26475
26476
26476
26477
26477
26478
26478
26479
26479
26480
26480
26481
26481
26482
26482
26483
26483
26484
26484
26485
26485
26486
26486
26487
26487
26488
26488
26489
26489
26490
26490
26491
26491
26492
26492
26493
26493
26494
26494
26495
26495
26496
26496
26497
26497
26498
26498
26499
26499
26500
26500
26501
26501
26502
26502
26503
26503
26504
26504
26505
26505
26506
26506
26507
26507
26508
26508
26509
26509
26510
26510
26511
26511
26512
26512
26513
26513
26514
26514
26515
26515
26516
26516
26517
26517
26518
26518
26519
26519
26520
26520
26521
26521
26522
26522
26523
26523
26524
26524
26525
26525
26526
26526
26527
26527
26528
26528
26529
26529
26530
26530
26531
26531
26532
26532
26533
26533
26534
26534
26535
26535
26536
26536
26537
26537
26538
26538
26539
26539
26540
26540
26541
26541
26542
26542
26543
26543
26544
26544
26545
26545
26546
26546
26547
26547
26548
26548
26549
26549
26550
26550
26551
26551
26552
26552
26553
26553
26554
26554
26555
26555
26556
26556
26557
26557
26558
26558
26559
26559
26560
26560
26561
26561
26562
26562
26563
26563
26564
26564
26565
26565
26566
26566
26567
26567
26568
26568
26569
26569
26570
26570
26571
26571
26572
26572
26573
26573
26574
26574
26575
26575
26576
26576
26577
26577
26578
26578
26579
26579
26580
26580
26581
26581
26582
26582
26583
26583
26584
26584
26585
26585
26586
26586
26587
26587
26588
26588
26589
26589
26590
26590
26591
26591
26592
26592
26593
26593
26594
26594
26595
26595
26596
26596
26597
26597
26598
26598
26599
26599
26600
26600
26601
26601
26602
26602
26603
26603
26604
26604
26605
26605
26606
26606
26607
26607
26608
26608
26609
26609
26610
26610
26611
26611
26612
26612
26613
26613
26614
26614
26615
26615
26616
26616
26617
26617
26618
26618
26619
26619
26620
26620
26621
26621
26622
26622
26623
26623
26624
26624
26625
26625
26626
26626
26627
26627
26628
26628
26629
26629
26630
26630
26631
26631
26632
26632
26633
26633
26634
26634
26635
26635
26636
26636
26637
26637
26638
26638
26639
26639
26640
26640
26641
26641
26642
26642
26643
26643
26644
26644
26645
26645
26646
26646
26647
26647
26648
26648
26649
26649
26650
26650
26651
26651
26652
26652
26653
26653
26654
26654
26655
26655
26656
26656
26657
26657
26658
26658
26659
26659
26660
26660
26661
26661
26662
26662
26663
26663
26664
26664
26665
26665
26666
26666
26667
26667
26668
26668
26669
26669
26670
26670
26671
26671
26672
26672
26673
26673
26674
26674
26675
26675
26676
26676
26677
26677
26678
26678
26679
26679
26680
26680
26681
26681
26682
26682
26683
26683
26684
26684
26685
26685
26686
26686
26687
26687
26688
26688
26689
26689
26690
26690
26691
26691
26692
26692
26693
26693
26694
26694
26695
26695
26696
26696
26697
26697
26698
26698
26699
26699
26700
26700
26701
26701
26702
26702
26703
26703
26704
26704
26705
26705
26706
26706
26707
26707
26708
26708
26709
26709
26710
26710
26711
26711
26712
26712
26713
26713
26714
26714
26715
26715
26716
26716
26717
26717
26718
26718
26719
26719
26720
26720
26721
26721
26722
26722
26723
26723
26724
26724
26725
26725
26726
26726
26727
26727
26728
26728
26729
26729
26730
26730
26731
26731
26732
26732
26733
26733
26734
26734
26735
26735
26736
26736
26737
26737
26738
26738
26739
26739
26740
26740
26741
26741
26742
26742
26743
26743
26744
26744
26745
26745
26746
26746
26747
26747
26748
26748
26749
26749
26750
26750
26751
26751
26752
26752
26753
26753
26754
26754
26755
26755
26756
26756
26757
26757
26758
26758
26759
26759
26760
26760
26761
26761
26762
26762
26763
26763
26764
26764
26765
26765
26766
26766
26767
26767
26768
26768
26769
26769
26770
26770
26771
26771
26772
26772
26773
26773
26774
26774
26775
26775
26776
26776
26777
26777
26778
26778
26779
26779
26780
26780
26781
26781
26782
26782
26783
26783
26784
26784
26785
26785
26786
26786
26787
26787
26788
26788
26789
26789
26790
26790
26791
26791
26792
26792
26793
26793
26794
26794
26795
26795
26796
26796
26797
26797
26798
26798
26799
26799
26800
26800
26801
26801
26802
26802
26803
26803
26804
26804
26805
26805
26806
26806
26807
26807
26808
26808
26809
26809
26810
26810
26811
26811
26812
26812
26813
26813
26814
26814
26815
26815
26816
26816
26817
26817
26818
26818
26819
26819
26820
26820
26821
26821
26822
26822
26823
26823
26824
26824
26825
26825
26826
26826
26827
26827
26828
26828
26829
26829
26830
26830
26831
26831
26832
26832
26833
26833
26834
26834
26835
26835
26836
26836
26837
26837
26838
26838
26839
26839
26840
26840
26841
26841
26842
26842
26843
26843
26844
26844
26845
26845
26846
26846
26847
26847
26848
26848
26849
26849
26850
26850
26851
26851
26852
26852
26853
26853
26854
26854
26855
26855
26856
26856
26857
26857
26858
26858
26859
26859
26860
26860
26861
26861
26862
26862
26863
26863
26864
26864
26865
26865
26866
26866
26867
26867
26868
26868
26869
26869
26870
26870
26871
26871
26872
26872
26873
26873
26874
26874
26875
26875
26876
26876
26877
26877
26878
26878
26879
26879
26880
26880
26881
26881
26882
26882
26883
26883
26884
26884
26885
26885
26886
26886
26887
26887
26888
26888
26889
26889
26890
26890
26891
26891
26892
26892
26893
26893
26894
26894
26895
26895
26896
26896
26897
26897
26898
26898
26899
26899
26900
26900
26901
26901
26902
26902
26903
26903
26904
26904
26905
26905
26906
26906
26907
26907
26908
26908
26909
26909
26910
26910
26911
26911
26912
26912
26913
26913
26914
26914
26915
26915
26916
26916
26917
26917
26918
26918
26919
26919
26920
26920
26921
26921
26922
26922
26923
26923
26924
26924
26925
26925
26926
26926
26927
26927
26928
26928
26929
26929
26930
26930
26931
26931
26932
26932
26933
26933
26934
26934
26935
26935
26936
26936
26937
26937
26938
26938
26939
26939
26940
26940
26941
26941
26942
26942
26943
26943
26944
26944
26945
26945
26946
26946
26947
26947
26948
26948
26949
26949
26950
26950
26951
26951
26952
26952
26953
26953
26954
26954
26955
26955
26956
26956
26957
26957
26958
26958
26959
26959
26960
26960
26961
26961
26962
26962
26963
26963
26964
26964
26965
26965
26966
26966
26967
26967
26968
26968
26969
26969
26970
26970
26971
26971
26972
26972
26973
26973
26974
26974
26975
26975
26976
26976
26977
26977
26978
26978
26979
26979
26980
26980
26981
26981
26982
26982
26983
26983
26984
26984
26985
26985
26986
26986
26987
26987
26988
26988
26989
26989
26990
26990
26991
26991
26992
26992
26993
26993
26994
26994
26995
26995
26996
26996
26997
26997
26998
26998
26999
26999
27000
27000
27001
27001
27002
27002
27003
27003
27004
27004
27005
27005
27006
27006
27007
27007
27008
27008
27009
27009
27010
27010
27011
27011
27012
27012
27013
27013
27014
27014
27015
27015
27016
27016
27017
27017
27018
27018
27019
27019
27020
27020
27021
27021
27022
27022
27023
27023
27024
27024
27025
27025
27026
27026
27027
27027
27028
27028
27029
27029
27030
27030
27031
27031
27032
27032
27033
27033
27034
27034
27035
27035
27036
27036
27037
27037
27038
27038
27039
27039
27040
27040
27041
27041
27042
27042
27043
27043
27044
27044
27045
27045
27046
27046
27047
27047
27048
27048
27049
27049
27050
27050
27051
27051
27052
27052
27053
27053
27054
27054
27055
27055
27056
27056
27057
27057
27058
27058
27059
27059
27060
27060
27061
27061
27062
27062
27063
27063
27064
27064
27065
27065
27066
27066
27067
27067
27068
27068
27069
27069
27070
27070
27071
27071
27072
27072
27073
27073
27074
27074
27075
27075
27076
27076
27077
27077
27078
27078
27079
27079
27080
27080
27081
27081
27082
27082
27083
27083
27084
27084
27085
27085
27086
27086
27087
27087
27088
27088
27089
27089
27090
27090
27091
27091
27092
27092
27093
27093
27094
27094
27095
27095
27096
27096
27097
27097
27098
27098
27099
27099
27100
27100
27101
27101
27102
27102
27103
27103
27104
27104
27105
27105
27106
27106
27107
27107
27108
27108
27109
27109
27110
27110
27111
27111
27112
27112
27113
27113
27114
27114
27115
27115
27116
27116
27117
27117
27118
27118
27119
27119
27120
27120
27121
27121
27122
27122
27123
27123
27124
27124
27125
27125
27126
27126
27127
27127
27128
27128
27129
27129
27130
27130
27131
27131
27132
27132
27133
27133
27134
27134
27135
27135
27136
27136
27137
27137
27138
27138
27139
27139
27140
27140
27141
27141
27142
27142
27143
27143
27144
27144
27145
27145
27146
27146
27147
27147
27148
27148
27149
27149
27150
27150
27151
27151
27152
27152
27153
27153
27154
27154
27155
27155
27156
27156
27157
27157
27158
27158
27159
27159
27160
27160
27161
27161
27162
27162
27163
27163
27164
27164
27165
27165
27166
27166
27167
27167
27168
27168
27169
27169
27170
27170
27171
27171
27172
27172
27173
27173
27174
27174
27175
27175
27176
27176
27177
27177
27178
27178
27179
27179
27180
27180
27181
27181
27182
27182
27183
27183
27184
27184
27185
27185
27186
27186
27187
27187
27188
27188
27189
27189
27190
27190
27191
27191
27192
27192
27193
27193
27194
27194
27195
27195
27196
27196
27197
27197
27198
27198
27199
27199
27200
27200
27201
27201
27202
27202
27203
27203
27204
27204
27205
27205
27206
27206
27207
27207
27208
27208
27209
27209
27210
27210
27211
27211
27212
27212
27213
27213
27214
27214
27215
27215
27216
27216
27217
27217
27218
27218
27219
27219
27220
27220
27221
27221
27222
27222
27223
27223
27224
27224
27225
27225
27226
27226
27227
27227
27228
27228
27229
27229
27230
27230
27231
27231
27232
27232
27233
27233
27234
27234
27235
27235
27236
27236
27237
27237
27238
27238
27239
27239
27240
27240
27241
27241
27242
27242
27243
27243
27244
27244
27245
27245
27246
27246
27247
27247
27248
27248
27249
27249
27250
27250
27251
27251
27252
27252
27253
27253
27254
27254
27255
27255
27256
27256
27257
27257
27258
27258
27259
27259
27260
27260
27261
27261
27262
27262
27263
27263
27264
27264
27265
27265
27266
27266
27267
27267
27268
27268
27269
27269
27270
27270
27271
27271
27272
27272
27273
27273
27274
27274
27275
27275
27276
27276
27277
27277
27278
27278
27279
27279
27280
27280
27281
27281
27282
27282
27283
27283
27284
27284
27285
27285
27286
27286
27287
27287
27288
27288
27289
27289
27290
27290
27291
27291
27292
27292
27293
27293
27294
27294
27295
27295
27296
27296
27297
27297
27298
27298
27299
27299
27300
27300
27301
27301
27302
27302
27303
27303
27304
27304
27305
27305
27306
27306
27307
27307
27308
27308
27309
27309
27310
27310
27311
27311
27312
27312
27313
27313
27314
27314
27315
27315
27316
27316
27317
27317
27318
27318
27319
27319
27320
27320
27321
27321
27322
27322
27323
27323
27324
27324
27325
27325
27326
27326
27327
27327
27328
27328
27329
27329
27330
27330
27331
27331
27332
27332
27333
27333
27334
27334
27335
27335
27336
27336
27337
27337
27338
27338
27339
27339
27340
27340
27341
27341
27342
27342
27343
27343
27344
27344
27345
27345
27346
27346
27347
27347
27348
27348
27349
27349
27350
27350
27351
27351
27352
27352
27353
27353
27354
27354
27355
27355
27356
27356
27357
27357
27358
27358
27359
27359
27360
27360
27361
27361
27362
27362
27363
27363
27364
27364
27365
27365
27366
27366
27367
27367
27368
27368
27369
27369
27370
27370
27371
27371
27372
27372
27373
27373
27374
27374
27375
27375
27376
27376
27377
27377
27378
27378
27379
27379
27380
27380
27381
27381
27382
27382
27383
27383
27384
27384
27385
27385
27386
27386
27387
27387
27388
27388
27389
27389
27390
27390
27391
27391
27392
27392
27393
27393
27394
27394
27395
27395
27396
27396
27397
27397
27398
27398
27399
27399
27400
27400
27401
27401
27402
27402
27403
27403
27404
27404
27405
27405
27406
27406
27407
27407
27408
27408
27409
27409
27410
27410
27411
27411
27412
27412
27413
27413
27414
27414
27415
27415
27416
27416
27417
27417
27418
27418
27419
27419
27420
27420
27421
27421
27422
27422
27423
27423
27424
27424
27425
27425
27426
27426
27427
27427
27428
27428
27429
27429
27430
27430
27431
27431
27432
27432
27433
27433
27434
27434
27435
27435
27436
27436
27437
27437
27438
27438
27439
27439
27440
27440
27441
27441
27442
27442
27443
27443
27444
27444
27445
27445
27446
27446
27447
27447
27448
27448
27449
27449
27450
27450
27451
27451
27452
27452
27453
27453
27454
27454
27455
27455
27456
27456
27457
27457
27458
27458
27459
27459
27460
27460
27461
27461
27462
27462
27463
27463
27464
27464
27465
27465
27466
27466
27467
27467
27468
27468
27469
27469
27470
27470
27471
27471
27472
27472
27473
27473
27474
27474
27475
27475
27476
27476
27477
27477
27478
27478
27479
27479
27480
27480
27481
27481
27482
27482
27483
27483
27484
27484
27485
27485
27486
27486
27487
27487
27488
27488
27489
27489
27490
27490
27491
27491
27492
27492
27493
27493
27494
27494
27495
27495
27496
27496
27497
27497
27498
27498
27499
27499
27500
27500
27501
27501
27502
27502
27503
27503
27504
27504
27505
27505
27506
27506
27507
27507
27508
27508
27509
27509
27510
27510
27511
27511
27512
27512
27513
27513
27514
27514
27515
27515
27516
27516
27517
27517
27518
27518
27519
27519
27520
27520
27521
27521
27522
27522
27523
27523
27524
27524
27525
27525
27526
27526
27527
27527
27528
27528
27529
27529
27530
27530
27531
27531
27532
27532
27533
27533
27534
27534
27535
27535
27536
27536
27537
27537
27538
27538
27539
27539
27540
27540
27541
27541
27542
27542
27543
27543
27544
27544
27545
27545
27546
27546
27547
27547
27548
27548
27549
27549
27550
27550
27551
27551
27552
27552
27553
27553
27554
27554
27555
27555
27556
27556
27557
27557
27558
27558
27559
27559
27560
27560
27561
27561
27562
27562
27563
27563
27564
27564
27565
27565
27566
27566
27567
27567
27568
27568
27569
27569
27570
27570
27571
27571
27572
27572
27573
27573
27574
27574
27575
27575
27576
27576
27577
27577
27578
27578
27579
27579
27580
27580
27581
27581
27582
27582
27583
27583
27584
27584
27585
27585
27586
27586
27587
27587
27588
27588
27589
27589
27590
27590
27591
27591
27592
27592
27593
27593
27594
27594
27595
27595
27596
27596
27597
27597
27598
27598
27599
27599
27600
27600
27601
27601
27602
27602
27603
27603
27604
27604
27605
27605
27606
27606
27607
27607
27608
27608
27609
27609
27610
27610
27611
27611
27612
27612
27613
27613
27614
27614
27615
27615
27616
27616
27617
27617
27618
27618
27619
27619
27620
27620
27621
27621
27622
27622
27623
27623
27624
27624
27625
27625
27626
27626
27627
27627
27628
27628
27629
27629
27630
27630
27631
27631
27632
27632
27633
27633
27634
27634
27635
27635
27636
27636
27637
27637
27638
27638
27639
27639
27640
27640
27641
27641
27642
27642
27643
27643
27644
27644
27645
27645
27646
27646
27647
27647
27648
27648
27649
27649
27650
27650
27651
27651
27652
27652
27653
27653
27654
27654
27655
27655
27656
27656
27657
27657
27658
27658
27659
27659
27660
27660
27661
27661
27662
27662
27663
27663
27664
27664
27665
27665
27666
27666
27667
27667
27668
27668
27669
27669
27670
27670
27671
27671
27672
27672
27673
27673
27674
27674
27675
27675
27676
27676
27677
27677
27678
27678
27679
27679
27680
27680
27681
27681
27682
27682
27683
27683
27684
27684
27685
27685
27686
27686
27687
27687
27688
27688
27689
27689
27690
27690
27691
27691
27692
27692
27693
27693
27694
27694
27695
27695
27696
27696
27697
27697
27698
27698
27699
27699
27700
27700
27701
27701
27702
27702
27703
27703
27704
27704
27705
27705
27706
27706
27707
27707
27708
27708
27709
27709
27710
27710
27711
27711
27712
27712
27713
27713
27714
27714
27715
27715
27716
27716
27717
27717
27718
27718
27719
27719
27720
27720
27721
27721
27722
27722
27723
27723
27724
27724
27725
27725
27726
27726
27727
27727
27728
27728
27729
27729
27730
27730
27731
27731
27732
27732
27733
27733
27734
27734
27735
27735
27736
27736
27737
27737
27738
27738
27739
27739
27740
27740
27741
27741
27742
27742
27743
27743
27744
27744
27745
27745
27746
27746
27747
27747
27748
27748
27749
27749
27750
27750
27751
27751
27752
27752
27753
27753
27754
27754
27755
27755
27756
27756
27757
27757
27758
27758
27759
27759
27760
27760
27761
27761
27762
27762
27763
27763
27764
27764
27765
27765
27766
27766
27767
27767
27768
27768
27769
27769
27770
27770
27771
27771
27772
27772
27773
27773
27774
27774
27775
27775
27776
27776
27777
27777
27778
27778
27779
27779
27780
27780
27781
27781
27782
27782
27783
27783
27784
27784
27785
27785
27786
27786
27787
27787
27788
27788
27789
27789
27790
27790
27791
27791
27792
27792
27793
27793
27794
27794
27795
27795
27796
27796
27797
27797
27798
27798
27799
27799
27800
27800
27801
27801
27802
27802
27803
27803
27804
27804
27805
27805
27806
27806
27807
27807
27808
27808
27809
27809
27810
27810
27811
27811
27812
27812
27813
27813
27814
27814
27815
27815
27816
27816
27817
27817
27818
27818
27819
27819
27820
27820
27821
27821
27822
27822
27823
27823
27824
27824
27825
27825
27826
27826
27827
27827
27828
27828
27829
27829
27830
27830
27831
27831
27832
27832
27833
27833
27834
27834
27835
27835
27836
27836
27837
27837
27838
27838
27839
27839
27840
27840
27841
27841
27842
27842
27843
27843
27844
27844
27845
27845
27846
27846
27847
27847
27848
27848
27849
27849
27850
27850
27851
27851
27852
27852
27853
27853
27854
27854
27855
27855
27856
27856
27857
27857
27858
27858
27859
27859
27860
27860
27861
27861
27862
27862
27863
27863
27864
27864
27865
27865
27866
27866
27867
27867
27868
27868
27869
27869
27870
27870
27871
27871
27872
27872
27873
27873
27874
27874
27875
27875
27876
27876
27877
27877
27878
27878
27879
27879
27880
27880
27881
27881
27882
27882
27883
27883
27884
27884
27885
27885
27886
27886
27887
27887
27888
27888
27889
27889
27890
27890
27891
27891
27892
27892
27893
27893
27894
27894
27895
27895
27896
27896
27897
27897
27898
27898
27899
27899
27900
27900
27901
27901
27902
27902
27903
27903
27904
27904
27905
27905
27906
27906
27907
27907
27908
27908
27909
27909
27910
27910
27911
27911
27912
27912
27913
27913
27914
27914
27915
27915
27916
27916
27917
27917
27918
27918
27919
27919
27920
27920
27921
27921
27922
27922
27923
27923
27924
27924
27925
27925
27926
27926
27927
27927
27928
27928
27929
27929
27930
27930
27931
27931
27932
27932
27933
27933
27934
27934
27935
27935
27936
27936
27937
27937
27938
27938
27939
27939
27940
27940
27941
27941
27942
27942
27943
27943
27944
27944
27945
27945
27946
27946
27947
27947
27948
27948
27949
27949
27950
27950
27951
27951
27952
27952
27953
27953
27954
27954
27955
27955
27956
27956
27957
27957
27958
27958
27959
27959
27960
27960
27961
27961
27962
27962
27963
27963
27964
27964
27965
27965
27966
27966
27967
27967
27968
27968
27969
27969
27970
27970
27971
27971
27972
27972
27973
27973
27974
27974
27975
27975
27976
27976
27977
27977
27978
27978
27979
27979
27980
27980
27981
27981
27982
27982
27983
27983
27984
27984
27985
27985
27986
27986
27987
27987
27988
27988
27989
27989
27990
27990
27991
27991
27992
27992
27993
27993
27994
27994
27995
27995
27996
27996
27997
27997
27998
27998
27999
27999
28000
28000
28001
28001
28002
28002
28003
28003
28004
28004
28005
28005
28006
28006
28007
28007
28008
28008
28009
28009
28010
28010
28011
28011
28012
28012
28013
28013
28014
28014
28015
28015
28016
28016
28017
28017
28018
28018
28019
28019
28020
28020
28021
28021
28022
28022
28023
28023
28024
28024
28025
28025
28026
28026
28027
28027
28028
28028
28029
28029
28030
28030
28031
28031
28032
28032
28033
28033
28034
28034
28035
28035
28036
28036
28037
28037
28038
28038
28039
28039
28040
28040
28041
28041
28042
28042
28043
28043
28044
28044
28045
28045
28046
28046
28047
28047
28048
28048
28049
28049
28050
28050
28051
28051
28052
28052
28053
28053
28054
28054
28055
28055
28056
28056
28057
28057
28058
28058
28059
28059
28060
28060
28061
28061
28062
28062
28063
28063
28064
28064
28065
28065
28066
28066
28067
28067
28068
28068
28069
28069
28070
28070
28071
28071
28072
28072
28073
28073
28074
28074
28075
28075
28076
28076
28077
28077
28078
28078
28079
28079
28080
28080
28081
28081
28082
28082
28083
28083
28084
28084
28085
28085
28086
28086
28087
28087
28088
28088
28089
28089
28090
28090
28091
28091
28092
28092
28093
28093
28094
28094
28095
28095
28096
28096
28097
28097
28098
28098
28099
28099
28100
28100
28101
28101
28102
28102
28103
28103
28104
28104
28105
28105
28106
28106
28107
28107
28108
28108
28109
28109
28110
28110
28111
28111
28112
28112
28113
28113
28114
28114
28115
28115
28116
28116
28117
28117
28118
28118
28119
28119
28120
28120
28121
28121
28122
28122
28123
28123
28124
28124
28125
28125
28126
28126
28127
28127
28128
28128
28129
28129
28130
28130
28131
28131
28132
28132
28133
28133
28134
28134
28135
28135
28136
28136
28137
28137
28138
28138
28139
28139
28140
28140
28141
28141
28142
28142
28143
28143
28144
28144
28145
28145
28146
28146
28147
28147
28148
28148
28149
28149
28150
28150
28151
28151
28152
28152
28153
28153
28154
28154
28155
28155
28156
28156
28157
28157
28158
28158
28159
28159
28160
28160
28161
28161
28162
28162
28163
28163
28164
28164
28165
28165
28166
28166
28167
28167
28168
28168
28169
28169
28170
28170
28171
28171
28172
28172
28173
28173
28174
28174
28175
28175
28176
28176
28177
28177
28178
28178
28179
28179
28180
28180
28181
28181
28182
28182
28183
28183
28184
28184
28185
28185
28186
28186
28187
28187
28188
28188
28189
28189
28190
28190
28191
28191
28192
28192
28193
28193
28194
28194
28195
28195
28196
28196
28197
28197
28198
28198
28199
28199
28200
28200
28201
28201
28202
28202
28203
28203
28204
28204
28205
28205
28206
28206
28207
28207
28208
28208
28209
28209
28210
28210
28211
28211
28212
28212
28213
28213
28214
28214
28215
28215
28216
28216
28217
28217
28218
28218
28219
28219
28220
28220
28221
28221
28222
28222
28223
28223
28224
28224
28225
28225
28226
28226
28227
28227
28228
28228
28229
28229
28230
28230
28231
28231
28232
28232
28233
28233
28234
28234
28235
28235
28236
28236
28237
28237
28238
28238
28239
28239
28240
28240
28241
28241
28242
28242
28243
28243
28244
28244
28245
28245
28246
28246
28247
28247
28248
28248
28249
28249
28250
28250
28251
28251
28252
28252
28253
28253
28254
28254
28255
28255
28256
28256
28257
28257
28258
28258
28259
28259
28260
28260
28261
28261
28262
28262
28263
28263
28264
28264
28265
28265
28266
28266
28267
28267
28268
28268
28269
28269
28270
28270
28271
28271
28272
28272
28273
28273
28274
28274
28275
28275
28276
28276
28277
28277
28278
28278
28279
28279
28280
28280
28281
28281
28282
28282
28283
28283
28284
28284
28285
28285
28286
28286
28287
28287
28288
28288
28289
28289
28290
28290
28291
28291
28292
28292
28293
28293
28294
28294
28295
28295
28296
28296
28297
28297
28298
28298
28299
28299
28300
28300
28301
28301
28302
28302
28303
28303
28304
28304
28305
28305
28306
28306
28307
28307
28308
28308
28309
28309
28310
28310
28311
28311
28312
28312
28313
28313
28314
28314
28315
28315
28316
28316
28317
28317
28318
28318
28319
28319
28320
28320
28321
28321
28322
28322
28323
28323
28324
28324
28325
28325
28326
28326
28327
28327
28328
28328
28329
28329
28330
28330
28331
28331
28332
28332
28333
28333
28334
28334
28335
28335
28336
28336
28337
28337
28338
28338
28339
28339
28340
28340
28341
28341
28342
28342
28343
28343
28344
28344
28345
28345
28346
28346
28347
28347
28348
28348
28349
28349
28350
28350
28351
28351
28352
28352
28353
28353
28354
28354
28355
28355
28356
28356
28357
28357
28358
28358
28359
28359
28360
28360
28361
28361
28362
28362
28363
28363
28364
28364
28365
28365
28366
28366
28367
28367
28368
28368
28369
28369
28370
28370
28371
28371
28372
28372
28373
28373
28374
28374
28375
28375
28376
28376
28377
28377
28378
28378
28379
28379
28380
28380
28381
28381
28382
28382
28383
28383
28384
28384
28385
28385
28386
28386
28387
28387
28388
28388
28389
28389
28390
28390
28391
28391
28392
28392
28393
28393
28394
28394
28395
28395
28396
28396
28397
28397
28398
28398
28399
28399
28400
28400
28401
28401
28402
28402
28403
28403
28404
28404
28405
28405
28406
28406
28407
28407
28408
28408
28409
28409
28410
28410
28411
28411
28412
28412
28413
28413
28414
28414
28415
28415
28416
28416
28417
28417
28418
28418
28419
28419
28420
28420
28421
28421
28422
28422
28423
28423
28424
28424
28425
28425
28426
28426
28427
28427
28428
28428
28429
28429
28430
28430
28431
28431
28432
28432
28433
28433
28434
28434
28435
28435
28436
28436
28437
28437
28438
28438
28439
28439
28440
28440
28441
28441
28442
28442
28443
28443
28444
28444
28445
28445
28446
28446
28447
28447
28448
28448
28449
28449
28450
28450
28451
28451
28452
28452
28453
28453
28454
28454
28455
28455
28456
28456
28457
28457
28458
28458
28459
28459
28460
28460
28461
28461
28462
28462
28463
28463
28464
28464
28465
28465
28466
28466
28467
28467
28468
28468
28469
28469
28470
28470
28471
28471
28472
28472
28473
28473
28474
28474
28475
28475
28476
28476
28477
28477
28478
28478
28479
28479
28480
28480
28481
28481
28482
28482
28483
28483
28484
28484
28485
28485
28486
28486
28487
28487
28488
28488
28489
28489
28490
28490
28491
28491
28492
28492
28493
28493
28494
28494
28495
28495
28496
28496
28497
28497
28498
28498
28499
28499
28500
28500
28501
28501
28502
28502
28503
28503
28504
28504
28505
28505
28506
28506
28507
28507
28508
28508
28509
28509
28510
28510
28511
28511
28512
28512
28513
28513
28514
28514
28515
28515
28516
28516
28517
28517
28518
28518
28519
28519
28520
28520
28521
28521
28522
28522
28523
28523
28524
28524
28525
28525
28526
28526
28527
28527
28528
28528
28529
28529
28530
28530
28531
28531
28532
28532
28533
28533
28534
28534
28535
28535
28536
28536
28537
28537
28538
28538
28539
28539
28540
28540
28541
28541
28542
28542
28543
28543
28544
28544
28545
28545
28546
28546
28547
28547
28548
28548
28549
28549
28550
28550
28551
28551
28552
28552
28553
28553
28554
28554
28555
28555
28556
28556
28557
28557
28558
28558
28559
28559
28560
28560
28561
28561
28562
28562
28563
28563
28564
28564
28565
28565
28566
28566
28567
28567
28568
28568
28569
28569
28570
28570
28571
28571
28572
28572
28573
28573
28574
28574
28575
28575
28576
28576
28577
28577
28578
28578
28579
28579
28580
28580
28581
28581
28582
28582
28583
28583
28584
28584
28585
28585
28586
28586
28587
28587
28588
28588
28589
28589
28590
28590
28591
28591
28592
28592
28593
28593
28594
28594
28595
28595
28596
28596
28597
28597
28598
28598
28599
28599
28600
28600
28601
28601
28602
28602
28603
28603
28604
28604
28605
28605
28606
28606
28607
28607
28608
28608
28609
28609
28610
28610
28611
28611
28612
28612
28613
28613
28614
28614
28615
28615
28616
28616
28617
28617
28618
28618
28619
28619
28620
28620
28621
28621
28622
28622
28623
28623
28624
28624
28625
28625
28626
28626
28627
28627
28628
28628
28629
28629
28630
28630
28631
28631
28632
28632
28633
28633
28634
28634
28635
28635
28636
28636
28637
28637
28638
28638
28639
28639
28640
28640
28641
28641
28642
28642
28643
28643
28644
28644
28645
28645
28646
28646
28647
28647
28648
28648
28649
28649
28650
28650
28651
28651
28652
28652
28653
28653
28654
28654
28655
28655
28656
28656
28657
28657
28658
28658
28659
28659
28660
28660
28661
28661
28662
28662
28663
28663
28664
28664
28665
28665
28666
28666
28667
28667
28668
28668
28669
28669
28670
28670
28671
28671
28672
28672
28673
28673
28674
28674
28675
28675
28676
28676
28677
28677
28678
28678
28679
28679
28680
28680
28681
28681
28682
28682
28683
28683
28684
28684
28685
28685
28686
28686
28687
28687
28688
28688
28689
28689
28690
28690
28691
28691
28692
28692
28693
28693
28694
28694
28695
28695
28696
28696
28697
28697
28698
28698
28699
28699
28700
28700
28701
28701
28702
28702
28703
28703
28704
28704
28705
28705
28706
28706
28707
28707
28708
28708
28709
28709
28710
28710
28711
28711
28712
28712
28713
28713
28714
28714
28715
28715
28716
28716
28717
28717
28718
28718
28719
28719
28720
28720
28721
28721
28722
28722
28723
28723
28724
28724
28725
28725
28726
28726
28727
28727
28728
28728
28729
28729
28730
28730
28731
28731
28732
28732
28733
28733
28734
28734
28735
28735
28736
28736
28737
28737
28738
28738
28739
28739
28740
28740
28741
28741
28742
28742
28743
28743
28744
28744
28745
28745
28746
28746
28747
28747
28748
28748
28749
28749
28750
28750
28751
28751
28752
28752
28753
28753
28754
28754
28755
28755
28756
28756
28757
28757
28758
28758
28759
28759
28760
28760
28761
28761
28762
28762
28763
28763
28764
28764
28765
28765
28766
28766
28767
28767
28768
28768
28769
28769
28770
28770
28771
28771
28772
28772
28773
28773
28774
28774
28775
28775
28776
28776
28777
28777
28778
28778
28779
28779
28780
28780
28781
28781
28782
28782
28783
28783
28784
28784
28785
28785
28786
28786
28787
28787
28788
28788
28789
28789
28790
28790
28791
28791
28792
28792
28793
28793
28794
28794
28795
28795
28796
28796
28797
28797
28798
28798
28799
28799
28800
28800
28801
28801
28802
28802
28803
28803
28804
28804
28805
28805
28806
28806
28807
28807
28808
28808
28809
28809
28810
28810
28811
28811
28812
28812
28813
28813
28814
28814
28815
28815
28816
28816
28817
28817
28818
28818
28819
28819
28820
28820
28821
28821
28822
28822
28823
28823
28824
28824
28825
28825
28826
28826
28827
28827
28828
28828
28829
28829
28830
28830
28831
28831
28832
28832
28833
28833
28834
28834
28835
28835
28836
28836
28837
28837
28838
28838
28839
28839
28840
28840
28841
28841
28842
28842
28843
28843
28844
28844
28845
28845
28846
28846
28847
28847
28848
28848
28849
28849
28850
28850
28851
28851
28852
28852
28853
28853
28854
28854
28855
28855
28856
28856
28857
28857
28858
28858
28859
28859
28860
28860
28861
28861
28862
28862
28863
28863
28864
28864
28865
28865
28866
28866
28867
28867
28868
28868
28869
28869
28870
28870
28871
28871
28872
28872
28873
28873
28874
28874
28875
28875
28876
28876
28877
28877
28878
28878
28879
28879
28880
28880
28881
28881
28882
28882
28883
28883
28884
28884
28885
28885
28886
28886
28887
28887
28888
28888
28889
28889
28890
28890
28891
28891
28892
28892
28893
28893
28894
28894
28895
28895
28896
28896
28897
28897
28898
28898
28899
28899
28900
28900
28901
28901
28902
28902
28903
28903
28904
28904
28905
28905
28906
28906
28907
28907
28908
28908
28909
28909
28910
28910
28911
28911
28912
28912
28913
28913
28914
28914
28915
28915
28916
28916
28917
28917
28918
28918
28919
28919
28920
28920
28921
28921
28922
28922
28923
28923
28924
28924
28925
28925
28926
28926
28927
28927
28928
28928
28929
28929
28930
28930
28931
28931
28932
28932
28933
28933
28934
28934
28935
28935
28936
28936
28937
28937
28938
28938
28939
28939
28940
28940
28941
28941
28942
28942
28943
28943
28944
28944
28945
28945
28946
28946
28947
28947
28948
28948
28949
28949
28950
28950
28951
28951
28952
28952
28953
28953
28954
28954
28955
28955
28956
28956
28957
28957
28958
28958
28959
28959
28960
28960
28961
28961
28962
28962
28963
28963
28964
28964
28965
28965
28966
28966
28967
28967
28968
28968
28969
28969
28970
28970
28971
28971
28972
28972
28973
28973
28974
28974
28975
28975
28976
28976
28977
28977
28978
28978
28979
28979
28980
28980
28981
28981
28982
28982
28983
28983
28984
28984
28985
28985
28986
28986
28987
28987
28988
28988
28989
28989
28990
28990
28991
28991
28992
28992
28993
28993
28994
28994
28995
28995
28996
28996
28997
28997
28998
28998
28999
28999
29000
29000
29001
29001
29002
29002
29003
29003
29004
29004
29005
29005
29006
29006
29007
29007
29008
29008
29009
29009
29010
29010
29011
29011
29012
29012
29013
29013
29014
29014
29015
29015
29016
29016
29017
29017
29018
29018
29019
29019
29020
29020
29021
29021
29022
29022
29023
29023
29024
29024
29025
29025
29026
29026
29027
29027
29028
29028
29029
29029
29030
29030
29031
29031
29032
29032
29033
29033
29034
29034
29035
29035
29036
29036
29037
29037
29038
29038
29039
29039
29040
29040
29041
29041
29042
29042
29043
29043
29044
29044
29045
29045
29046
29046
29047
29047
29048
29048
29049
29049
29050
29050
29051
29051
29052
29052
29053
29053
29054
29054
29055
29055
29056
29056
29057
29057
29058
29058
29059
29059
29060
29060
29061
29061
29062
29062
29063
29063
29064
29064
29065
29065
29066
29066
29067
29067
29068
29068
29069
29069
29070
29070
29071
29071
29072
29072
29073
29073
29074
29074
29075
29075
29076
29076
29077
29077
29078
29078
29079
29079
29080
29080
29081
29081
29082
29082
29083
29083
29084
29084
29085
29085
29086
29086
29087
29087
29088
29088
29089
29089
29090
29090
29091
29091
29092
29092
29093
29093
29094
29094
29095
29095
29096
29096
29097
29097
29098
29098
29099
29099
29100
29100
29101
29101
29102
29102
29103
29103
29104
29104
29105
29105
29106
29106
29107
29107
29108
29108
29109
29109
29110
29110
29111
29111
29112
29112
29113
29113
29114
29114
29115
29115
29116
29116
29117
29117
29118
29118
29119
29119
29120
29120
29121
29121
29122
29122
29123
29123
29124
29124
29125
29125
29126
29126
29127
29127
29128
29128
29129
29129
29130
29130
29131
29131
29132
29132
29133
29133
29134
29134
29135
29135
29136
29136
29137
29137
29138
29138
29139
29139
29140
29140
29141
29141
29142
29142
29143
29143
29144
29144
29145
29145
29146
29146
29147
29147
29148
29148
29149
29149
29150
29150
29151
29151
29152
29152
29153
29153
29154
29154
29155
29155
29156
29156
29157
29157
29158
29158
29159
29159
29160
29160
29161
29161
29162
29162
29163
29163
29164
29164
29165
29165
29166
29166
29167
29167
29168
29168
29169
29169
29170
29170
29171
29171
29172
29172
29173
29173
29174
29174
29175
29175
29176
29176
29177
29177
29178
29178
29179
29179
29180
29180
29181
29181
29182
29182
29183
29183
29184
29184
29185
29185
29186
29186
29187
29187
29188
29188
29189
29189
29190
29190
29191
29191
29192
29192
29193
29193
29194
29194
29195
29195
29196
29196
29197
29197
29198
29198
29199
29199
29200
29200
29201
29201
29202
29202
29203
29203
29204
29204
29205
29205
29206
29206
29207
29207
29208
29208
29209
29209
29210
29210
29211
29211
29212
29212
29213
29213
29214
29214
29215
29215
29216
29216
29217
29217
29218
29218
29219
29219
29220
29220
29221
29221
29222
29222
29223
29223
29224
29224
29225
29225
29226
29226
29227
29227
29228
29228
29229
29229
29230
29230
29231
29231
29232
29232
29233
29233
29234
29234
29235
29235
29236
29236
29237
29237
29238
29238
29239
29239
29240
29240
29241
29241
29242
29242
29243
29243
29244
29244
29245
29245
29246
29246
29247
29247
29248
29248
29249
29249
29250
29250
29251
29251
29252
29252
29253
29253
29254
29254
29255
29255
29256
29256
29257
29257
29258
29258
29259
29259
29260
29260
29261
29261
29262
29262
29263
29263
29264
29264
29265
29265
29266
29266
29267
29267
29268
29268
29269
29269
29270
29270
29271
29271
29272
29272
29273
29273
29274
29274
29275
29275
29276
29276
29277
29277
29278
29278
29279
29279
29280
29280
29281
29281
29282
29282
29283
29283
29284
29284
29285
29285
29286
29286
29287
29287
29288
29288
29289
29289
29290
29290
29291
29291
29292
29292
29293
29293
29294
29294
29295
29295
29296
29296
29297
29297
29298
29298
29299
29299
29300
29300
29301
29301
29302
29302
29303
29303
29304
29304
29305
29305
29306
29306
29307
29307
29308
29308
29309
29309
29310
29310
29311
29311
29312
29312
29313
29313
29314
29314
29315
29315
29316
29316
29317
29317
29318
29318
29319
29319
29320
29320
29321
29321
29322
29322
29323
29323
29324
29324
29325
29325
29326
29326
29327
29327
29328
29328
29329
29329
29330
29330
29331
29331
29332
29332
29333
29333
29334
29334
29335
29335
29336
29336
29337
29337
29338
29338
29339
29339
29340
29340
29341
29341
29342
29342
29343
29343
29344
29344
29345
29345
29346
29346
29347
29347
29348
29348
29349
29349
29350
29350
29351
29351
29352
29352
29353
29353
29354
29354
29355
29355
29356
29356
29357
29357
29358
29358
29359
29359
29360
29360
29361
29361
29362
29362
29363
29363
29364
29364
29365
29365
29366
29366
29367
29367
29368
29368
29369
29369
29370
29370
29371
29371
29372
29372
29373
29373
29374
29374
29375
29375
29376
29376
29377
29377
29378
29378
29379
29379
29380
29380
29381
29381
29382
29382
29383
29383
29384
29384
29385
29385
29386
29386
29387
29387
29388
29388
29389
29389
29390
29390
29391
29391
29392
29392
29393
29393
29394
29394
29395
29395
29396
29396
29397
29397
29398
29398
29399
29399
29400
29400
29401
29401
29402
29402
29403
29403
29404
29404
29405
29405
29406
29406
29407
29407
29408
29408
29409
29409
29410
29410
29411
29411
29412
29412
29413
29413
29414
29414
29415
29415
29416
29416
29417
29417
29418
29418
29419
29419
29420
29420
29421
29421
29422
29422
29423
29423
29424
29424
29425
29425
29426
29426
29427
29427
29428
29428
29429
29429
29430
29430
29431
29431
29432
29432
29433
29433
29434
29434
29435
29435
29436
29436
29437
29437
29438
29438
29439
29439
29440
29440
29441
29441
29442
29442
29443
29443
29444
29444
29445
29445
29446
29446
29447
29447
29448
29448
29449
29449
29450
29450
29451
29451
29452
29452
29453
29453
29454
29454
29455
29455
29456
29456
29457
29457
29458
29458
29459
29459
29460
29460
29461
29461
29462
29462
29463
29463
29464
29464
29465
29465
29466
29466
29467
29467
29468
29468
29469
29469
29470
29470
29471
29471
)
